model,seed,target,validity,uniqueness,internal_diversity,scaffold_diversity,mean_qed,mean_sa,fragment_incorporation,fraction_medchem_pass,fraction_pains_free,fraction_bms_free,fraction_lipinski,novelty,nonidenticality,effective_novelty,snn,effective_hit_rate,effective_medchem_pass,mean_qed_novel,mean_sa_novel,avg_top_1,avg_top_10,avg_top_100,avg_top_1_norm,avg_top_10_norm,avg_top_100_norm,auc_top_10,valid_pose_rate,oracle_efficiency_80,oracle_efficiency_100,avg_top_1_filtered,avg_top_10_filtered,avg_top_100_filtered,auc_top_10_filtered,n_molecules_total,n_molecules_attempted,total_gen_time,avg_gen_time_per_mol,total_eval_time,avg_eval_time_per_mol,total_time,avg_time_per_mol
A2C,run_20260430_215420_r01,ITK,0.947265625,0.9969072164948454,0.8151711432833508,0.9089968976215098,0.6102437169606147,2.8499724852143364,0.781799379524302,0.9642857142857143,0.9875904860392968,0.9762150982419855,0.8976215098241985,1.0,0.0,0.0,0.2431255693393879,0.73828125,0.9642857142857143,0.6102437169606147,2.8499724852143364,1.9801980198019808,1.7277227722772281,1.1950082508250828,1.9801980198019808,1.7277227722772281,1.1950082508250828,1.2616969948948022,1.0,549.0,237.0,1.9801980198019808,1.7277227722772281,1.1950082508250828,1.2616969948948022,1024,712,71.43,0.0698,1251.78,1.7581,1323.21,1.8279
A2C,run_20260430_215420_r01,PEPCK,0.8121878121878122,0.6359163591635917,0.46841640377986493,0.3036750483558994,0.3776949231291402,2.7905961757726288,1.0,0.9555125725338491,1.0,0.9748549323017408,0.5725338491295938,0.9961315280464217,0.0,0.0,0.6218103768491501,0.5144855144855145,0.9553398058252427,0.37747970349778404,2.791855120275845,1.6513833992094862,1.4185770750988143,1.123122529644268,1.6513833992094862,1.4185770750988143,1.123122529644268,1.255142683403553,1.0,204.0,91.0,1.6513833992094862,1.4185770750988143,1.123122529644268,1.2576183541033912,1001,789,101.55,0.1015,2277.31,2.8863,2378.86,2.9878
A2C,run_20260430_215420_r01,CHK1,0.24254473161033796,0.7786885245901639,0.7144535282645667,0.6421052631578947,0.5016608352472671,2.7031404928664378,1.0,0.9789473684210527,0.9947368421052631,0.9842105263157894,0.9631578947368421,0.9947368421052631,0.0,0.0,0.3508352056356964,0.1878727634194831,0.9788359788359788,0.5011958186476683,2.7064249987721536,0.9925233644859814,0.8472897196261684,0.48485981308411186,0.9925233644859814,0.8472897196261684,0.48485981308411186,0.7640799130450939,1.0,106.0,1006.0,0.9925233644859814,0.8472897196261684,0.48485981308411186,0.766062256486301,1006,239,108.74,0.1081,404.5,1.6925,513.23,1.8005
A2C,run_20260430_215420_r01,PptT,0.01568627450980392,1.0,0.5808699557241335,0.625,0.4171734568029657,3.0712406155107974,1.0,0.8125,1.0,1.0,0.6875,0.0625,0.0,0.0,0.9561781609195402,0.000980392156862745,1.0,0.5221023202968185,2.712542562887837,0.7191364965145043,0.46345851135597044,0.3825569528290464,0.7191364965145043,0.46345851135597044,0.3722301984051478,0.45985009276178807,1.0,13.0,1020.0,0.7191364965145043,0.46345851135597044,0.3825569528290464,0.4613361287847723,1020,13,0.0,0.0,72.01,5.5393,72.01,5.5393
A2C,run_20260430_215420_r02,PptT,0.07263681592039802,0.863013698630137,0.5924239348254131,0.5238095238095238,0.633625816479691,2.5520872540334207,1.0,0.9365079365079365,1.0,0.9841269841269841,0.9047619047619048,0.7619047619047619,0.0136986301369863,0.0009950248756218905,0.5001375838302169,0.04776119402985075,0.9791666666666666,0.7034531968681228,2.3823789524754297,0.7438722734427704,0.47144142118281984,0.1751644978050664,0.7438722734427704,0.47144142118281984,0.15195718983323714,0.46507061993014287,1.0,13.0,1005.0,0.7438722734427704,0.47144142118281984,0.1751644978050664,0.46659915662211365,1005,69,0.0,0.0,243.45,3.5282,243.45,3.5282
A2C,run_20260430_215420_r01,DPP4,0.6953125,0.9929775280898876,0.7428265731101757,0.727015558698727,0.6797458761529529,3.4612200586745203,0.7538896746817539,0.9512195121951219,0.9929278642149929,0.9632248939179632,0.8642149929278642,1.0,0.0,0.0,0.3200623130593733,0.5205078125,0.9512195121951219,0.6797458761529529,3.4612200586745203,1.511128775834658,1.332670906200318,0.897575516693162,1.511128775834658,1.332670906200318,0.897575516693162,1.0844317850134138,1.0,285.0,238.0,1.511128775834658,1.332670906200318,0.897575516693162,1.0844317850134138,1024,499,95.05,0.0928,572.78,1.1479,667.83,1.2407
A2C,run_20260430_215420_r04,PptT,0.01665034280117532,0.9411764705882353,0.5756348595943452,0.625,0.4280585604439786,3.0269082281673976,1.0,0.8125,1.0,1.0,0.6875,0.0625,0.0,0.0,0.9603174603174603,0.0009794319294809011,1.0,0.6962639785530247,2.003224365393441,0.7348774454688554,0.4605351922644479,0.3581226509043014,0.7348774454688554,0.4605351922644479,0.3325195155642648,0.4570067186532149,1.0,12.0,1021.0,0.7348774454688554,0.4605351922644479,0.3581226509043014,0.4585174922558609,1021,14,0.0,0.0,60.39,4.3137,60.39,4.3137
A2C,run_20260430_215420_r03,PEPCK,0.9602385685884692,0.6718426501035196,0.46408712840469324,0.288135593220339,0.36417220701659986,2.8314054626698493,1.0,0.926040061633282,1.0,0.9830508474576272,0.4622496147919877,0.9969183359013868,0.0,0.0,0.6256300053737569,0.643141153081511,0.9258114374034003,0.36395909489546613,2.832533708408567,1.8252964426877476,1.6328063241106723,1.2655335968379446,1.8252964426877476,1.6328063241106723,1.2655335968379446,1.3468935399460944,1.0,511.0,77.0,1.8252964426877476,1.6328063241106723,1.2655335968379446,1.3504325278020066,1006,912,91.41,0.0909,2382.24,2.6121,2473.65,2.703
A2C,run_20260430_215420_r02,ITK,0.9267578125,1.0,0.8176912593116021,0.9020021074815595,0.6266503907506767,2.8755761113834337,0.8356164383561644,0.9672131147540983,0.9915700737618546,0.9757639620653319,0.9041095890410958,1.0,0.0,0.0,0.24076153204684622,0.7744140625,0.9672131147540983,0.6266503907506767,2.8755761113834337,2.02970297029703,1.7660891089108914,1.1365924092409243,2.02970297029703,1.7660891089108914,1.1365924092409243,1.431374527833643,1.0,183.0,119.0,2.02970297029703,1.7660891089108914,1.1365924092409243,1.431374527833643,1024,750,70.64,0.069,1541.58,2.0554,1612.22,2.1244
A2C,run_20260430_215420_r03,VEGFR2,0.023785926660059464,1.0,0.7009863060255277,0.875,0.6848908409233335,3.0830538108711387,1.0,0.9166666666666666,0.9583333333333334,0.9583333333333334,0.9583333333333334,1.0,0.0,0.0,0.20845510881168616,0.023785926660059464,0.9166666666666666,0.6848908409233335,3.0830538108711387,0.17427969079409714,0.17427969079409714,0.17427969079409714,0.17427969079409714,0.17427969079409714,0.17427969079409714,0.00753945342236109,1.0,573.0,1009.0,0.17427969079409714,0.17427969079409714,0.17427969079409714,0.008252013266893407,1009,21,44.91,0.0445,141.2,6.724,186.11,6.7685
A2C,run_20260430_215420_r04,PEPCK,0.9550898203592815,0.670846394984326,0.46256927749786325,0.3146417445482866,0.35632006462661175,2.792290167047777,1.0,0.9392523364485982,1.0,0.9781931464174455,0.4423676012461059,0.9968847352024922,0.0,0.0,0.6369485127428031,0.6387225548902196,0.9390625,0.3560800836466845,2.7933085176754426,1.6948616600790518,1.5284584980237157,1.2112648221343874,1.6948616600790518,1.5284584980237157,1.2112648221343874,1.270888460233683,1.0,506.0,89.0,1.6948616600790518,1.5284584980237157,1.2112648221343874,1.2731232074404426,1002,916,91.03,0.0909,2418.42,2.6402,2509.46,2.7311
A2C,run_20260430_215420_r02,TTK,0.7174975562072337,0.9945504087193461,0.728997938340865,0.6753424657534246,0.5689712681697203,2.7452187905985364,1.0,0.9273972602739726,1.0,0.9424657534246575,0.8424657534246576,1.0,0.0,0.0,0.30353771801467605,0.7135874877810362,0.9273972602739726,0.5689712681697203,2.7452187905985364,1.70131845841785,1.0887423935091278,0.7037778904665315,1.70131845841785,1.0887423935091278,0.7037778904665315,0.9145463170605483,1.0,298.0,376.0,1.70131845841785,1.0887423935091278,0.7037778904665315,0.9146778944777536,1023,675,89.52,0.0875,1276.83,1.8916,1366.35,1.9791
A2C,run_20260430_215420_r02,VEGFR2,0.025717111770524232,1.0,0.7021570651858298,0.8461538461538461,0.6127249930771217,3.368364052178758,1.0,0.9615384615384616,0.9615384615384616,1.0,0.8461538461538461,1.0,0.0,0.0,0.19467004558225134,0.025717111770524232,0.9615384615384616,0.6127249930771217,3.368364052178758,0.0,0.0,0.0,-1.740688685874912,-1.7424455375966268,-1.7424455375966268,0.0,1.0,1.0,1011.0,0.0,0.0,0.0,0.0,1011,25,48.8,0.0483,222.89,8.9156,271.69,8.9639
A2C,run_20260430_215420_r03,ITK,0.943359375,1.0,0.819642726288575,0.9368530020703933,0.6270514560545264,2.8737359999355694,0.7308488612836439,0.9716713881019831,0.989648033126294,0.9824016563146998,0.9265010351966874,1.0,0.0,0.0,0.24078742105084744,0.689453125,0.9716713881019831,0.6270514560545264,2.8737359999355694,1.5635313531353143,1.477722772277228,1.0503300330033,1.5635313531353143,1.477722772277228,1.0503300330033,1.1615493824773107,1.0,364.0,250.0,1.5635313531353143,1.477722772277228,1.0503300330033,1.1615493824773107,1024,669,65.02,0.0635,885.29,1.3233,950.31,1.3868
A2C,run_20260430_215420_r05,CHK1,0.2627372627372627,0.7832699619771863,0.721123712042163,0.6262135922330098,0.5062141071083972,2.707772916357506,1.0,0.9757281553398058,1.0,0.9805825242718447,0.941747572815534,1.0,0.0038022813688212928,0.000999000999000999,0.33505530480791285,0.2057942057942058,0.9757281553398058,0.5062141071083972,2.707772916357506,1.0261682242990655,0.8050467289719627,0.5058691588785047,1.0261682242990655,0.8050467289719627,0.5058691588785047,0.6730886870139207,1.0,244.0,1001.0,1.0261682242990655,0.8050467289719627,0.5058691588785047,0.6760902582064131,1001,258,96.23,0.0961,400.45,1.5521,496.68,1.6483
A2C,run_20260430_215420_r02,DPP4,0.654296875,0.9970149253731343,0.7497996051917415,0.7754491017964071,0.6624139774741398,3.516430129789329,0.7320359281437125,0.9570552147239264,0.9985029940119761,0.9446107784431138,0.8547904191616766,1.0,0.004477611940298508,0.0029296875,0.3215555837204543,0.4775390625,0.9570552147239264,0.6624139774741398,3.516430129789329,1.511128775834658,1.3930842607313196,0.9027424483306821,1.511128775834658,1.3930842607313196,0.9027424483306821,1.1479010504645268,1.0,310.0,126.0,1.511128775834658,1.3930842607313196,0.9027424483306821,1.1479010504645268,1024,457,94.16,0.092,560.62,1.2267,654.78,1.3187
A2C,run_20260430_215420_r03,DPP4,0.6728515625,0.9970972423802612,0.7472914619236244,0.7612809315866085,0.6649236352066294,3.508633375496783,0.7001455604075691,0.9501039501039501,0.992721979621543,0.9446870451237264,0.8719068413391557,1.0,0.001451378809869376,0.0009765625,0.3110970581398162,0.4697265625,0.9501039501039501,0.6649236352066294,3.508633375496783,2.0278219395866457,1.444753577106518,0.8453895071542125,2.0278219395866457,1.444753577106518,0.8453895071542125,1.017110919800775,1.0,701.0,288.0,2.0278219395866457,1.444753577106518,0.8453895071542125,1.0171522543420521,1024,454,90.24,0.0881,578.1,1.2734,668.34,1.3615
A2C,run_20260430_215420_r05,ITK,0.93359375,0.997907949790795,0.8241625916767796,0.9433962264150944,0.6072917133514505,2.907617599903215,0.7138364779874213,0.9574155653450808,0.980083857442348,0.9769392033542977,0.8983228511530398,1.0,0.0,0.0,0.2327807457638321,0.6650390625,0.9574155653450808,0.6072917133514505,2.907617599903215,2.2896039603960405,1.7648514851485153,1.0858498349834984,2.2896039603960405,1.7648514851485153,1.0858498349834984,1.2177682001598602,1.0,679.0,230.0,2.2896039603960405,1.7648514851485153,1.0858498349834984,1.2177682001598602,1024,637,51.75,0.0505,947.94,1.4881,999.69,1.5387
A2C,run_20260430_215420_r04,TTK,0.7145650048875856,0.9986320109439124,0.7299239476600572,0.6863013698630137,0.6112658218667716,2.859606805794041,1.0,0.9465753424657535,0.9986301369863013,0.9534246575342465,0.8986301369863013,1.0,0.0,0.0,0.30524746786864293,0.7135874877810362,0.9465753424657535,0.6112658218667716,2.859606805794041,1.0522312373225151,0.8141480730223124,0.5491125760649086,1.0522312373225151,0.8141480730223124,0.5491125760649086,0.6895375679850259,1.0,217.0,1023.0,1.0522312373225151,0.8141480730223124,0.5491125760649086,0.6896865568060687,1023,673,74.17,0.0725,1055.69,1.5686,1129.86,1.6411
A2C,run_20260430_215420_r05,DPP4,0.697265625,0.9943977591036415,0.7434637587571561,0.7070422535211267,0.6752002200259117,3.4800454897250512,0.6845070422535211,0.9650205761316872,0.995774647887324,0.9577464788732394,0.8647887323943662,1.0,0.0028011204481792717,0.001953125,0.3167783273397246,0.474609375,0.9650205761316872,0.6752002200259117,3.4800454897250512,1.868839427662957,1.4205087440381559,0.8608505564387908,1.868839427662957,1.4205087440381559,0.8608505564387908,1.1147064257501986,1.0,307.0,239.0,1.868839427662957,1.4205087440381559,0.8608505564387908,1.1147064257501986,1024,460,71.89,0.0702,522.83,1.1366,594.73,1.2068
A2C,run_20260430_215420_r02,CHK1,0.21414342629482072,0.7953488372093023,0.7163067842237307,0.6491228070175439,0.5364088592513541,2.700128509623572,1.0,0.9649122807017544,0.9941520467836257,0.9707602339181286,0.9649122807017544,1.0,0.004651162790697674,0.00099601593625498,0.3382175472057114,0.17031872509960158,0.9649122807017544,0.5364088592513541,2.700128509623572,0.9457943925233646,0.7693457943925234,0.46891588785046723,0.9457943925233646,0.7693457943925234,0.46891588785046723,0.6958913877201475,1.0,112.0,1004.0,0.9457943925233646,0.7693457943925234,0.46891588785046723,0.6985304893761256,1004,209,110.47,0.11,407.03,1.9475,517.5,2.0575
A2C,run_20260430_215420_r03,CHK1,0.2219074598677998,0.7489361702127659,0.7127814687602144,0.5,0.5365557749038294,2.624335437105423,1.0,0.9545454545454546,1.0,0.9602272727272727,0.9772727272727273,1.0,0.0,0.0,0.35665240362979717,0.16619452313503305,0.9545454545454546,0.5365557749038294,2.624335437105423,1.0635514018691592,0.8386915887850469,0.4544112149532711,1.0635514018691592,0.8386915887850469,0.4544112149532711,0.6924629124637067,1.0,182.0,1059.0,1.0635514018691592,0.8386915887850469,0.4544112149532711,0.7010349454853174,1059,214,115.0,0.1086,348.65,1.6292,463.65,1.7378
A2C,run_20260430_215420_r04,ITK,0.947265625,1.0,0.820895224525328,0.9525773195876288,0.5969011767357844,2.938844357613386,0.8195876288659794,0.9635220125786164,0.9814432989690721,0.9814432989690721,0.8701030927835052,1.0,0.0,0.0,0.23573855888758635,0.7763671875,0.9635220125786164,0.5969011767357844,2.938844357613386,1.9801980198019808,1.774752475247525,1.200123762376237,1.9801980198019808,1.774752475247525,1.200123762376237,1.4061347785169145,1.0,374.0,128.0,1.9801980198019808,1.774752475247525,1.200123762376237,1.4061347785169145,1024,752,62.4,0.0609,1377.19,1.8314,1439.59,1.8923
A2C,run_20260430_215420_r04,DPP4,0.7172211350293543,0.9890859481582538,0.7360086079515968,0.6827586206896552,0.7034850609103118,3.4396318064502736,0.7268965517241379,0.9468690702087287,0.9944827586206897,0.9420689655172414,0.9020689655172414,1.0,0.002728512960436562,0.0019569471624266144,0.3220044547027047,0.5156555772994129,0.9468690702087287,0.7034850609103118,3.4396318064502736,1.511128775834658,1.1649443561208268,0.7579093799682035,1.511128775834658,1.1649443561208268,0.7579093799682035,0.8989604301550312,1.0,370.0,505.0,1.511128775834658,1.1649443561208268,0.7579093799682035,0.8989604301550312,1022,493,72.44,0.0709,551.82,1.1193,624.26,1.1902
A2C,run_20260430_215420_r03,PptT,0.02665350444225074,0.8888888888888888,0.6469619625268412,0.7083333333333334,0.5057501520172382,2.872223063022398,1.0,0.875,1.0,1.0,0.75,0.375,0.0,0.0,0.7537663290287672,0.008884501480750246,1.0,0.6650367399847869,2.5006718030280704,0.7573645154036429,0.4722284686305375,0.24596943713886263,0.7573645154036429,0.4722284686305375,0.19499222729539226,0.45905162606878286,1.0,13.0,1013.0,0.7573645154036429,0.4722284686305375,0.24596943713886263,0.4605541997211426,1013,24,0.0,0.0,112.75,4.6979,112.75,4.6979
A2C,run_20260430_215420_r01,TTK,0.544921875,0.9982078853046595,0.7308975962004223,0.6858168761220825,0.5950675668277281,2.801137585595462,1.0,0.9515260323159784,0.9982046678635548,0.9569120287253142,0.8545780969479354,1.0,0.0,0.0,0.29649611604793036,0.5439453125,0.9515260323159784,0.5950675668277281,2.801137585595462,1.1764705882352942,0.9637423935091277,0.6088742393509129,1.1764705882352942,0.9637423935091277,0.6088742393509129,0.682732201009445,1.0,480.0,1024.0,1.1764705882352942,0.9637423935091277,0.6088742393509129,0.6832998069356158,1024,511,91.45,0.0893,954.49,1.8679,1045.94,1.9572
A2C,run_20260430_215420_r02,PEPCK,0.8761814744801513,0.6623516720604099,0.470802445764105,0.31758957654723124,0.3560857350558061,2.8001658698766145,1.0,0.9250814332247557,0.995114006514658,0.9788273615635179,0.4543973941368078,0.996742671009772,0.0,0.0,0.6270140565679301,0.5784499054820416,0.9248366013071896,0.3558340087710102,2.8012565493004122,1.8885375494071146,1.592885375494071,1.2153359683794462,1.8885375494071146,1.592885375494071,1.2153359683794462,1.3560371944977847,1.0,310.0,95.0,1.8885375494071146,1.592885375494071,1.2153359683794462,1.3585589868794439,1058,824,102.08,0.0965,2379.94,2.8883,2482.02,2.9848
A2C,run_20260430_215420_r04,CHK1,0.23000987166831194,0.8669527896995708,0.7199520255392378,0.6089108910891089,0.495270352049469,2.6804063319151714,1.0,0.9851485148514851,0.995049504950495,0.9900990099009901,0.9405940594059405,1.0,0.0,0.0,0.3326911914331116,0.19940769990128332,0.9851485148514851,0.495270352049469,2.6804063319151714,1.0953271028037386,0.8764485981308411,0.5658130841121494,1.0953271028037386,0.8764485981308411,0.5658130841121494,0.7479180928305857,1.0,178.0,1013.0,1.0953271028037386,0.8764485981308411,0.5658130841121494,0.7488826453259387,1013,228,98.93,0.0977,450.2,1.9746,549.13,2.0722
A2C,run_20260430_215420_r03,TTK,0.7958984375,0.9975460122699387,0.7272497969717855,0.7060270602706027,0.5554612441151782,2.71490583778051,1.0,0.9360393603936039,0.997539975399754,0.956949569495695,0.8339483394833949,1.0,0.0,0.0,0.3136973407918398,0.7939453125,0.9360393603936039,0.5554612441151782,2.71490583778051,1.1460446247464504,1.066176470588235,0.7492900608519267,1.1460446247464504,1.066176470588235,0.7492900608519267,0.9044948368962347,1.0,166.0,499.0,1.1460446247464504,1.066176470588235,0.7492900608519267,0.9056048881309438,1024,746,84.35,0.0824,1409.39,1.8893,1493.74,1.9716
A2C,run_20260430_215420_r05,PptT,0.04861111111111111,0.7142857142857143,0.6165860534881242,0.42857142857142855,0.5992839879819885,2.5890545247610754,1.0,0.9142857142857143,1.0,1.0,0.8571428571428571,0.5714285714285714,0.0,0.0,0.6302493001297601,0.01984126984126984,1.0,0.741113329540948,2.2094800540676367,0.7326287384753767,0.4616595457611873,0.20216424336494312,0.7326287384753767,0.4616595457611873,0.17500425060468272,0.45803301689255443,1.0,13.0,1008.0,0.7326287384753767,0.4616595457611873,0.20216424336494312,0.45953274996128934,1008,41,0.0,0.0,141.9,3.461,141.9,3.461
A2C,run_20260430_215420_r04,VEGFR2,0.01693227091633466,1.0,0.6752463236149899,0.8235294117647058,0.6748926830189049,2.8019729670795215,1.0,1.0,1.0,1.0,1.0,1.0,0.0,0.0,0.20530216921439437,0.01693227091633466,1.0,0.6748926830189049,2.8019729670795215,0.0,0.0,0.0,-0.7744202389318341,-0.7744202389318341,-0.7744202389318341,0.0,1.0,1.0,1004.0,0.0,0.0,0.0,0.0,1004,17,44.92,0.0447,91.9,5.4057,136.81,5.4504
A2C,run_20260430_215420_r01,VEGFR2,0.030723488602576808,1.0,0.6882460578672973,0.7741935483870968,0.664940523008163,2.796320400872316,1.0,0.9032258064516129,0.9032258064516129,1.0,0.967741935483871,1.0,0.0,0.0,0.21187283941967036,0.030723488602576808,0.9032258064516129,0.664940523008163,2.796320400872316,0.0,0.0,0.0,-1.512297962052003,-1.512297962052003,-1.512297962052003,0.0,1.0,1.0,1009.0,0.0,0.0,0.0,0.0,1009,28,52.13,0.0517,143.77,5.1348,195.91,5.1865
AHC,run_20260430_215906_r01,PEPCK,0.6534653465346535,0.7454545454545455,0.4870812807758127,0.3150406504065041,0.3575757771495793,2.803779438351143,1.0,0.8922764227642277,0.9979674796747967,0.975609756097561,0.47560975609756095,0.9959349593495935,0.0,0.0,0.6164940445012885,0.48514851485148514,0.8918367346938776,0.3572674579616047,2.8051564239517814,1.9399209486166011,1.5304347826086961,1.1483399209486163,1.9399209486166011,1.5304347826086961,1.1483399209486163,1.293288067937229,1.0,421.0,84.0,1.9399209486166011,1.5304347826086961,1.1483399209486163,1.2957646789523676,1010,603,124.8,0.1236,4590.87,7.6134,4715.67,7.737
A2C,run_20260430_215420_r05,PEPCK,0.9341317365269461,0.6260683760683761,0.45653976715910893,0.2764505119453925,0.37371021523692327,2.75699550601107,1.0,0.9539249146757679,1.0,0.9778156996587031,0.568259385665529,0.9965870307167235,0.0,0.0,0.6425603884888298,0.5828343313373253,0.9537671232876712,0.3735067776925177,2.7579906345720855,2.070355731225297,1.549407114624506,1.160316205533597,2.070355731225297,1.549407114624506,1.160316205533597,1.2374326445922388,1.0,437.0,149.0,2.070355731225297,1.549407114624506,1.160316205533597,1.2394026161241731,1002,907,84.7,0.0845,2061.68,2.2731,2146.38,2.3576
A2C,run_20260430_215420_r05,TTK,0.6007827788649707,0.9837133550488599,0.7147507679745608,0.6374172185430463,0.647562914771642,2.6785689771868704,1.0,0.9552980132450332,0.9950331125827815,0.9619205298013245,0.9437086092715232,1.0,0.0,0.0,0.3065014197266871,0.5909980430528375,0.9552980132450332,0.647562914771642,2.6785689771868704,0.9178498985801218,0.8435598377281947,0.5126774847870179,0.9178498985801218,0.8435598377281947,0.5126774847870179,0.6962585045827496,1.0,244.0,1022.0,0.9178498985801218,0.8435598377281947,0.5126774847870179,0.6963497875531885,1022,571,68.37,0.0669,792.75,1.3884,861.12,1.4553
AHC,run_20260430_215906_r01,ITK,0.923828125,1.0,0.821407123331718,0.952431289640592,0.5821661077075092,2.930386296887946,0.7801268498942917,0.9498644986449865,0.9820295983086681,0.9693446088794926,0.8625792811839323,1.0,0.0,0.0,0.2358956148396461,0.720703125,0.9498644986449865,0.5821661077075092,2.930386296887946,1.6336633663366344,1.5226897689768983,1.0487623762376244,1.6336633663366344,1.5226897689768983,1.0487623762376244,1.1493961346818282,1.0,437.0,303.0,1.6336633663366344,1.5226897689768983,1.0487623762376244,1.1493961346818282,1024,682,95.43,0.0932,3268.98,4.7932,3364.41,4.8864
AHC,run_20260430_215906_r01,CHK1,0.24533856722276742,0.912,0.7317571681479312,0.7456140350877193,0.49801193223390033,2.7907816445837628,1.0,0.9429824561403509,0.9868421052631579,0.9649122807017544,0.9385964912280702,1.0,0.0,0.0,0.3212700321558836,0.2237487733071639,0.9429824561403509,0.49801193223390033,2.7907816445837628,1.0149532710280373,0.8861682242990657,0.5962990654205608,1.0149532710280373,0.8861682242990657,0.5962990654205608,0.7720832225106161,1.0,121.0,1019.0,1.0149532710280373,0.8861682242990657,0.5962990654205608,0.7741883518882227,1019,233,139.58,0.137,1183.1,5.0777,1322.68,5.2147
A2C,run_20260430_215420_r05,VEGFR2,0.025540275049115914,1.0,0.7132544534203632,0.8846153846153846,0.610842490006599,3.0702548023923337,1.0,0.8846153846153846,0.9230769230769231,0.9615384615384616,0.8461538461538461,1.0,0.0,0.0,0.2038628432527003,0.025540275049115914,0.8846153846153846,0.610842490006599,3.0702548023923337,0.6310611384399154,0.12621222768798307,0.12621222768798307,0.6310611384399154,-0.25228390723822924,-0.25228390723822924,0.015652547883701243,1.0,766.0,1018.0,0.6310611384399154,0.12621222768798307,0.12621222768798307,0.015652547883701243,1018,23,46.06,0.0452,143.71,6.2483,189.77,6.2936
AHC,run_20260430_215906_r01,TTK,0.5405669599217986,0.9801084990958409,0.7242621318867001,0.6642066420664207,0.6044474603515622,2.710270929515722,1.0,0.922509225092251,0.992619926199262,0.9317343173431735,0.8911439114391144,1.0,0.0,0.0,0.30180655708173515,0.5298142717497556,0.922509225092251,0.6044474603515622,2.710270929515722,1.171399594320487,0.9373732251521298,0.524492900608519,1.171399594320487,0.9373732251521298,0.524492900608519,0.6516763773969493,1.0,487.0,1023.0,1.171399594320487,0.9373732251521298,0.524492900608519,0.6517389878334229,1023,505,97.07,0.0949,2411.3,4.7749,2508.37,4.8697
AHC,run_20260430_215906_r01,DPP4,0.6513671875,0.9940029985007496,0.7473277008067966,0.7662141779788839,0.6698966291515135,3.455966857909414,0.7164404223227753,0.9347368421052632,0.995475113122172,0.9366515837104072,0.8672699849170438,1.0,0.0029985007496251873,0.001953125,0.3158488767850521,0.4638671875,0.9347368421052632,0.6698966291515135,3.455966857909414,1.7178060413354528,1.3418124006359302,0.836526232114467,1.7178060413354528,1.3418124006359302,0.836526232114467,1.0120757619982115,1.0,318.0,308.0,1.7178060413354528,1.3418124006359302,0.836526232114467,1.0120757619982115,1024,442,97.92,0.0956,839.25,1.8988,937.16,1.9944
AHC,run_20260430_215906_r02,PptT,0.1288404360753221,0.823076923076923,0.5590503991801727,0.40186915887850466,0.6810533879736081,2.3979225263385624,1.0,0.9626168224299065,1.0,0.9906542056074766,0.9439252336448598,0.8598130841121495,0.0,0.0,0.4409480781593002,0.09117938553022795,0.9891304347826086,0.7252178209198419,2.2842435112276225,0.7618619293906006,0.4825725208005397,0.20100067461209808,0.7618619293906006,0.4825725208005397,0.20100067461209808,0.4722335293444411,1.0,13.0,1009.0,0.7618619293906006,0.4825725208005397,0.20100067461209808,0.4737454053081306,1009,124,0.0,0.0,247.99,1.9999,247.99,1.9999
AHC,run_20260430_215906_r02,ITK,0.92578125,1.0,0.8260966089691723,0.9767932489451476,0.5481745548599478,2.9844331432987623,0.7521097046413502,0.9509116409537167,0.9831223628691983,0.9725738396624473,0.8565400843881856,1.0,0.0,0.0,0.23916195577824784,0.6962890625,0.9509116409537167,0.5481745548599478,2.9844331432987623,2.033828382838284,1.546617161716172,1.026031353135314,2.033828382838284,1.546617161716172,1.026031353135314,1.0446098503893357,1.0,622.0,431.0,2.033828382838284,1.546617161716172,1.026031353135314,1.0446098503893357,1024,658,70.58,0.0689,2275.03,3.4575,2345.6,3.5264
AHC,run_20260430_215906_r01,VEGFR2,0.015968063872255488,1.0,0.685427616387054,0.8125,0.6231624313163202,2.7497263726397447,1.0,0.9375,1.0,0.9375,0.875,1.0,0.0,0.0,0.20923586824390775,0.015968063872255488,0.9375,0.6231624313163202,2.7497263726397447,0.0,0.0,0.0,0.0,0.0,0.0,0.0,0.0,1002.0,1002.0,0.0,0.0,0.0,0.0,1002,15,74.75,0.0746,462.64,30.8425,537.38,30.9171
AHC,run_20260430_215906_r01,PptT,0.015841584158415842,1.0,0.5828060696473202,0.625,0.43187325901124995,3.093395047010471,1.0,0.8125,1.0,1.0,0.6875,0.0625,0.0,0.0,0.9561011904761905,0.0009900990099009901,1.0,0.757299155629367,3.0670134668826208,0.7551158084101642,0.47526422307173366,0.42062064313020003,0.7551158084101642,0.47526422307173366,0.42062064313020003,0.471377524754949,1.0,13.0,1010.0,0.7551158084101642,0.47526422307173366,0.42062064313020003,0.47282987229302126,1010,13,0.0,0.0,52.16,4.0126,52.16,4.0126
AHC,run_20260430_215906_r02,CHK1,0.2981243830207305,0.8874172185430463,0.7296557872183531,0.6343283582089553,0.5040837393808134,2.754535387025971,1.0,0.9552238805970149,0.9850746268656716,0.9701492537313433,0.9552238805970149,1.0,0.0033112582781456954,0.0009871668311944718,0.3306187555332552,0.26456071076011844,0.9552238805970149,0.5040837393808134,2.754535387025971,0.9943925233644861,0.8725233644859814,0.5725420560747664,0.9943925233644861,0.8725233644859814,0.5725420560747664,0.7317939681338856,1.0,296.0,1013.0,0.9943925233644861,0.8725233644859814,0.5725420560747664,0.7343373073351578,1013,286,108.32,0.1069,1041.2,3.6406,1149.52,3.7475
AHC,run_20260430_215906_r03,DPP4,0.6826171875,0.9928469241773963,0.741398097231177,0.7435158501440923,0.6675785542093848,3.4567381701649356,0.6959654178674352,0.9420289855072463,0.9884726224783862,0.9495677233429395,0.8559077809798271,1.0,0.008583690987124463,0.005859375,0.32632174447427925,0.4716796875,0.9420289855072463,0.6675785542093848,3.4567381701649356,1.5349761526232115,1.2945151033386326,0.8398648648648641,1.5349761526232115,1.2945151033386326,0.8398648648648641,1.0016421853264108,1.0,303.0,302.0,1.5349761526232115,1.2945151033386326,0.8398648648648641,1.0016900618901134,1024,448,87.55,0.0855,989.08,2.2078,1076.63,2.2933
AHC,run_20260430_215906_r02,PEPCK,0.6841584158415842,0.7756874095513748,0.4937415205441218,0.292910447761194,0.35712795259117514,2.8246098120355914,1.0,0.9029850746268657,1.0,0.9701492537313433,0.47574626865671643,0.9981343283582089,0.0,0.0,0.6017795678541278,0.5297029702970297,0.902803738317757,0.35695771378803254,2.825272763457144,2.1573122529644273,1.673122529644269,1.1716205533596837,2.1573122529644273,1.673122529644269,1.1716205533596837,1.3312278401753221,1.0,409.0,86.0,2.1573122529644273,1.673122529644269,1.1716205533596837,1.3337239500347553,1010,632,98.1,0.0971,2942.75,4.6563,3040.85,4.7534
AHC,run_20260430_215906_r04,PptT,0.027613412228796843,0.9285714285714286,0.6410009693176354,0.6153846153846154,0.5154593052289376,2.7580331205984967,1.0,0.8846153846153846,1.0,1.0,0.7692307692307693,0.4230769230769231,0.0,0.0,0.7263781966168547,0.010848126232741617,1.0,0.6590244497637947,2.2983230772978165,0.7371261524623343,0.45716213177422993,0.23939930192313338,0.7371261524623343,0.45716213177422993,0.19513888209931474,0.4535700587265169,1.0,13.0,1014.0,0.7371261524623343,0.45716213177422993,0.23939930192313338,0.45503555931177836,1014,25,0.0,0.0,117.72,4.7087,117.72,4.7087
AHC,run_20260430_215906_r03,ITK,0.9169921875,1.0,0.8203701615992479,0.9712460063897763,0.5145842091590382,2.9801591047406784,0.8189563365282215,0.9440832249674902,0.9818956336528222,0.9659211927582535,0.739084132055378,1.0,0.0,0.0,0.23685605896235945,0.7509765625,0.9440832249674902,0.5145842091590382,2.9801591047406784,2.004950495049505,1.6501650165016504,1.1934818481848182,2.004950495049505,1.6501650165016504,1.1934818481848182,1.2873241059457512,1.0,433.0,184.0,2.004950495049505,1.6501650165016504,1.1934818481848182,1.2873241059457512,1024,705,67.14,0.0656,2496.57,3.5412,2563.71,3.6068
AHC,run_20260430_215906_r02,TTK,0.48828125,0.98,0.715185610753976,0.6816326530612244,0.6089884944422679,2.6614184868626944,1.0,0.9224489795918367,0.9897959183673469,0.9346938775510204,0.8938775510204081,1.0,0.0,0.0,0.30466890797967283,0.478515625,0.9224489795918367,0.6089884944422679,2.6614184868626944,1.2449290060851925,0.8780425963488842,0.5267494929006084,1.2449290060851925,0.8780425963488842,0.5267494929006084,0.6791188702380198,1.0,501.0,1024.0,1.2449290060851925,0.8780425963488842,0.5267494929006084,0.6794785687151117,1024,451,84.91,0.0829,1574.55,3.4912,1659.46,3.5742
AHC,run_20260430_215906_r03,CHK1,0.29038652130822595,0.8600682593856656,0.73279359858932,0.6547619047619048,0.49541366093594813,2.738348177819776,1.0,0.9682539682539683,1.0,0.9682539682539683,0.9722222222222222,1.0,0.0,0.0,0.3247399980339201,0.24975222993062438,0.9682539682539683,0.49541366093594813,2.738348177819776,0.9738317757009348,0.8839252336448599,0.5739813084112151,0.9738317757009348,0.8839252336448599,0.5739813084112151,0.7120786751016555,1.0,294.0,1009.0,0.9738317757009348,0.8839252336448599,0.5739813084112151,0.7228105116553013,1009,281,99.52,0.0986,891.63,3.1731,991.15,3.2717
AHC,run_20260430_215906_r03,PEPCK,0.6752475247524753,0.7756598240469208,0.4887069672591352,0.3572778827977316,0.3500539741845301,2.8353857096349664,1.0,0.9206049149338374,1.0,0.9754253308128544,0.4007561436672968,0.996219281663516,0.0,0.0,0.6052094339976438,0.5217821782178218,0.920303605313093,0.3497387559529596,2.8367859667258215,1.6711462450592889,1.5312252964426878,1.168893280632411,1.6711462450592889,1.5312252964426878,1.168893280632411,1.2171431925801277,1.0,492.0,87.0,1.6711462450592889,1.5312252964426878,1.168893280632411,1.220577225424406,1010,635,98.77,0.0978,2787.79,4.3902,2886.57,4.488
AHC,run_20260430_215906_r02,VEGFR2,0.01787487586891758,1.0,0.6763014460556152,0.8888888888888888,0.6595099713983441,2.6062228947768493,1.0,0.8888888888888888,0.9444444444444444,0.9444444444444444,1.0,1.0,0.0,0.0,0.2174666509865591,0.01787487586891758,0.8888888888888888,0.6595099713983441,2.6062228947768493,0.0,0.0,0.0,0.0,0.0,0.0,0.0,0.0,1007.0,1007.0,0.0,0.0,0.0,0.0,1007,16,44.5,0.0442,445.87,27.8667,490.37,27.9109
AHC,run_20260430_215906_r02,DPP4,0.59375,0.9917763157894737,0.7519849822277209,0.7611940298507462,0.6539664676427929,3.520646451902648,0.6965174129353234,0.9261904761904762,0.9917081260364843,0.9369817578772802,0.8391376451077943,1.0,0.001644736842105263,0.0009765625,0.31411600859329664,0.41015625,0.9261904761904762,0.6539664676427929,3.520646451902648,1.5270270270270265,1.3783783783783783,0.829491255961844,1.5270270270270265,1.3783783783783783,0.829491255961844,1.033142730276232,1.0,617.0,380.0,1.5270270270270265,1.3783783783783783,0.829491255961844,1.033142730276232,1024,386,104.47,0.102,1077.95,2.7926,1182.43,2.8946
AHC,run_20260430_215906_r03,TTK,0.5024437927663734,0.9902723735408561,0.7262613610454804,0.6522593320235757,0.582430930156044,2.6907523176311234,1.0,0.9528487229862476,0.9960707269155207,0.9607072691552063,0.8860510805500982,1.0,0.0,0.0,0.30361439029141707,0.4975562072336266,0.9528487229862476,0.582430930156044,2.6907523176311234,1.4325557809330627,0.9926470588235293,0.616911764705882,1.4325557809330627,0.9926470588235293,0.616911764705882,0.7228836903352704,1.0,434.0,1023.0,1.4325557809330627,0.9926470588235293,0.616911764705882,0.7238120595425279,1023,480,85.63,0.0837,1493.93,3.1124,1579.56,3.1961
AHC,run_20260430_215906_r03,PptT,0.058712121212121215,0.8548387096774194,0.5994738295981215,0.41509433962264153,0.6452738115583233,2.551904632911291,1.0,0.9245283018867925,1.0,0.9811320754716981,0.9056603773584906,0.7169811320754716,0.0,0.0,0.5266424226208984,0.03598484848484849,0.9736842105263158,0.7380747111589605,2.3374641647108816,0.7539914549134249,0.4747020463233641,0.2143174651319678,0.7539914549134249,0.4747020463233641,0.19743647402743428,0.4710974701282424,1.0,13.0,1056.0,0.7539914549134249,0.4747020463233641,0.2143174651319678,0.47253262359127285,1056,43,0.0,0.0,114.6,2.665,114.6,2.665
AHC,run_20260430_215906_r03,VEGFR2,0.014,1.0,0.6987272283536876,0.8571428571428571,0.6102700940319715,2.948141333861778,1.0,1.0,1.0,1.0,1.0,1.0,0.0,0.0,0.21518874160075366,0.014,1.0,0.6102700940319715,2.948141333861778,0.0,0.0,0.0,-1.7371749824314826,-1.7037947997189038,-1.7037947997189038,0.0,1.0,1.0,1000.0,0.0,0.0,0.0,0.0,1000,14,44.87,0.0449,316.43,22.6021,361.3,22.6469
AHC,run_20260430_215906_r04,CHK1,0.2857142857142857,0.9006849315068494,0.7285453781633462,0.6425855513307985,0.500919588403691,2.737248462598896,1.0,0.9467680608365019,0.9771863117870723,0.973384030418251,0.9429657794676806,0.9961977186311787,0.0,0.0,0.33224954190343664,0.2563600782778865,0.9465648854961832,0.5005813083114475,2.739748003003143,0.9981308411214954,0.8850467289719628,0.5596822429906545,0.9981308411214954,0.8850467289719628,0.5596822429906545,0.7211417049216308,1.0,254.0,1022.0,0.9981308411214954,0.8850467289719628,0.5596822429906545,0.7220536928124214,1022,273,105.57,0.1033,859.96,3.15,965.53,3.2533
AHC,run_20260430_215906_r04,ITK,0.90625,1.0,0.819789180752631,0.9450431034482759,0.5945656481697597,2.948081699308166,0.7737068965517241,0.9610027855153204,0.9881465517241379,0.9676724137931034,0.8728448275862069,1.0,0.0,0.0,0.23841565352129074,0.701171875,0.9610027855153204,0.5945656481697597,2.948081699308166,2.054455445544555,1.7924917491749177,1.094183168316832,2.054455445544555,1.7924917491749177,1.094183168316832,1.1520196392197817,1.0,687.0,373.0,2.054455445544555,1.7924917491749177,1.094183168316832,1.1520196392197817,1024,677,66.51,0.0649,1780.49,2.63,1847.0,2.6949
AHC,run_20260430_215906_r04,PEPCK,0.7004926108374384,0.7721518987341772,0.49388361975971085,0.3442622950819672,0.34361648316490395,2.8316092099699994,1.0,0.9052823315118397,0.9963570127504554,0.9744990892531876,0.42805100182149364,0.9963570127504554,0.0,0.0,0.601650711714924,0.5389162561576355,0.9049360146252285,0.34328925283569567,2.832944461318356,1.8094861660079054,1.6715415019762847,1.241778656126482,1.8094861660079054,1.6715415019762847,1.241778656126482,1.3779320080219633,1.0,298.0,117.0,1.8094861660079054,1.6715415019762847,1.241778656126482,1.3802322091891595,1015,652,103.18,0.1017,2907.72,4.4597,3010.89,4.5613
AHC,run_20260430_215906_r05,PptT,0.016159695817490494,1.0,0.5886401219716775,0.5882352941176471,0.4477959792641341,2.9722148335245855,1.0,0.8235294117647058,1.0,1.0,0.7058823529411765,0.11764705882352941,0.0,0.0,0.9253034547152195,0.0019011406844106464,1.0,0.7299293294698235,2.0501724423165184,0.7382505059590736,0.4798740724083652,0.3682418323749559,0.7382505059590736,0.4798740724083652,0.344485849208134,0.4761919956352365,1.0,13.0,1052.0,0.7382505059590736,0.4798740724083652,0.3682418323749559,0.47763394447160834,1052,14,0.0,0.0,53.79,3.8424,53.79,3.8424
AHC,run_20260430_215906_r04,TTK,0.548828125,0.998220640569395,0.729314833295035,0.6809269162210339,0.5718816247269795,2.731965404370001,1.0,0.9090909090909091,0.9893048128342246,0.928698752228164,0.8538324420677362,1.0,0.0,0.0,0.3043802891149391,0.5478515625,0.9090909090909091,0.5718816247269795,2.731965404370001,1.0877281947261663,0.9419371196754562,0.6129817444219066,1.0877281947261663,0.9419371196754562,0.6129817444219066,0.6986887469494802,1.0,431.0,1024.0,1.0877281947261663,0.9419371196754562,0.6129817444219066,0.6988311682094713,1024,498,87.82,0.0858,1404.61,2.8205,1492.43,2.9063
AHC,run_20260430_215906_r04,DPP4,0.5896180215475024,0.9601328903654485,0.7278159894944769,0.6782006920415224,0.7325950587987614,3.33688196623626,0.6868512110726643,0.9697732997481109,0.9982698961937716,0.9584775086505191,0.9204152249134948,1.0,0.0016611295681063123,0.0009794319294809011,0.32989342012022627,0.38883447600391774,0.9697732997481109,0.7325950587987614,3.33688196623626,1.324324324324324,1.1049284578696341,0.6682432432432434,1.324324324324324,1.1049284578696341,0.6682432432432434,0.8579006989936295,1.0,443.0,554.0,1.324324324324324,1.1049284578696341,0.6682432432432434,0.8579006989936295,1021,396,87.77,0.086,696.59,1.7591,784.36,1.845
PPO,run_20260430_215905_r01,DPP4,0.8835143139190523,0.9128491620111732,0.7265406888889772,0.5287637698898409,0.7543553821457644,3.415788080336363,0.7392900856793145,0.9635761589403974,0.9987760097919217,0.9608323133414932,0.9400244798041616,1.0,0.0011173184357541898,0.0009871668311944718,0.310908312992871,0.596248766041461,0.9635761589403974,0.7543553821457644,3.415788080336363,1.328298887122416,1.1323529411764703,0.6740461049284572,1.328298887122416,1.1323529411764703,0.6740461049284572,0.9338010866682253,1.0,241.0,416.0,1.328298887122416,1.1323529411764703,0.6740461049284572,0.9338010866682253,1013,643,85.06,0.084,896.2,1.3938,981.27,1.4778
AHC,run_20260430_215906_r05,TTK,0.6027397260273972,0.9902597402597403,0.7184266893946762,0.6081967213114754,0.5942908370916362,2.622519863965204,1.0,0.8950819672131147,0.9967213114754099,0.9065573770491804,0.9,1.0,0.0,0.0,0.3048904685281166,0.5968688845401174,0.8950819672131147,0.5942908370916362,2.622519863965204,1.3767748478701827,0.9814908722109535,0.600456389452333,1.3767748478701827,0.9814908722109535,0.600456389452333,0.6811961144873632,1.0,500.0,1022.0,1.3767748478701827,0.9814908722109535,0.600456389452333,0.6812844528458526,1022,533,87.77,0.0859,1366.47,2.5637,1454.24,2.6496
AHC,run_20260430_215906_r05,CHK1,0.3110236220472441,0.9082278481012658,0.7328771994097215,0.627177700348432,0.4912373511249306,2.754615712369891,1.0,0.9651567944250871,0.9860627177700348,0.9790940766550522,0.9477351916376306,1.0,0.006329113924050633,0.001968503937007874,0.31524882206679194,0.2824803149606299,0.9651567944250871,0.4912373511249306,2.754615712369891,1.046728971962617,0.9125233644859815,0.6266728971962616,1.046728971962617,0.9125233644859815,0.6266728971962616,0.7292983295312386,1.0,293.0,1016.0,1.046728971962617,0.9125233644859815,0.6266728971962616,0.732997213695251,1016,297,105.93,0.1043,837.23,2.819,943.16,2.9232
PPO,run_20260430_215905_r02,PEPCK,0.8355387523629489,0.6843891402714932,0.47347259047277734,0.3537190082644628,0.3626497811247709,2.935287875835157,1.0,0.9206611570247933,1.0,0.9785123966942149,0.35206611570247937,0.9983471074380166,0.0,0.0,0.5880554632904477,0.5708884688090737,0.9205298013245033,0.36255810486151024,2.9360699664724925,2.1612648221343878,2.074703557312253,1.5484189723320156,2.1612648221343878,2.074703557312253,1.5484189723320156,1.6227693761814748,1.0,452.0,89.0,2.1612648221343878,2.074703557312253,1.5484189723320156,1.6248098409448786,1058,792,96.42,0.0911,2836.07,3.5809,2932.49,3.672
AHC,run_20260430_215906_r05,VEGFR2,0.015810276679841896,0.9375,0.713460221929187,0.8666666666666667,0.6455597633027121,3.3016715146246347,1.0,0.9333333333333333,0.9333333333333333,1.0,0.9333333333333333,1.0,0.0,0.0,0.2049944138771989,0.014822134387351778,0.9333333333333333,0.6455597633027121,3.3016715146246347,0.0,0.0,0.0,-1.7371749824314826,-1.7371749824314826,-1.7371749824314826,0.0,1.0,1.0,1012.0,0.0,0.0,0.0,0.0,1012,14,41.93,0.0414,312.55,22.3247,354.48,22.3662
PPO,run_20260430_215905_r03,CHK1,0.18051575931232092,0.4973544973544973,0.696141288690613,0.4787234042553192,0.5211810136866379,2.645761160272811,1.0,0.925531914893617,1.0,0.925531914893617,0.9787234042553191,1.0,0.005291005291005291,0.0009551098376313276,0.33838344349132166,0.08978032473734479,0.925531914893617,0.5211810136866379,2.645761160272811,0.7887850467289721,0.7261682242990655,0.29044859813084073,0.7887850467289721,0.7261682242990655,0.29044859813084073,0.641324746271055,1.0,120.0,1047.0,0.7887850467289721,0.7261682242990655,0.29044859813084073,0.6590461490484253,1047,176,108.52,0.1037,422.6,2.4011,531.12,2.5048
AHC,run_20260430_215906_r05,PEPCK,0.6252485089463221,0.8139904610492846,0.49545591210044293,0.328125,0.3387688378477072,2.8468296963386606,1.0,0.888671875,1.0,0.978515625,0.40234375,0.998046875,0.0,0.0,0.6028580536799436,0.5079522862823062,0.8884540117416829,0.33855467566683684,2.847567267561428,1.8845849802371542,1.6699604743083007,1.1622924901185763,1.8845849802371542,1.6699604743083007,1.1622924901185763,1.2768305188631062,1.0,490.0,113.0,1.8845849802371542,1.6699604743083007,1.1622924901185763,1.2782888156349563,1006,572,99.63,0.099,2749.49,4.8068,2849.12,4.9058
AHC,run_20260430_215906_r05,DPP4,0.6279296875,0.9860031104199067,0.7373995646818697,0.7429022082018928,0.6677010617642765,3.429445452372955,0.7034700315457413,0.9394618834080718,0.998422712933754,0.943217665615142,0.8596214511041009,1.0,0.004665629860031105,0.0029296875,0.32243619536359014,0.435546875,0.9394618834080718,0.6677010617642765,3.429445452372955,1.5270270270270265,1.3330683624801267,0.8564785373608892,1.5270270270270265,1.3330683624801267,0.8564785373608892,1.0796920024344194,1.0,313.0,310.0,1.5270270270270265,1.3330683624801267,0.8564785373608892,1.0796920024344194,1024,418,88.98,0.0869,779.11,1.8639,868.09,1.9508
PPO,run_20260430_215905_r01,PEPCK,0.651,0.6973886328725039,0.47595448219196423,0.394273127753304,0.36823826744586274,2.8801818641960244,1.0,0.9537444933920705,1.0,0.9757709251101322,0.45594713656387664,0.9955947136563876,0.0,0.0,0.599229239550984,0.452,0.9535398230088495,0.3679512067787941,2.8820126779039956,1.8094861660079054,1.6233201581027668,1.2789723320158104,1.8094861660079054,1.6233201581027668,1.2789723320158104,1.4132705533596839,1.0,216.0,78.0,1.8094861660079054,1.6233201581027668,1.2789723320158104,1.415744100947362,1000,630,100.8,0.1008,2772.84,4.4013,2873.64,4.5021
AHC,run_20260430_215906_r04,VEGFR2,0.015968063872255488,1.0,0.6789420443437773,1.0,0.6364491974432944,2.74582612144987,1.0,1.0,1.0,1.0,0.9375,1.0,0.0,0.0,0.2197714641178147,0.015968063872255488,1.0,0.6364491974432944,2.74582612144987,0.0,0.0,0.0,0.0,0.0,0.0,0.0,0.0,1002.0,1002.0,0.0,0.0,0.0,0.0,1002,16,44.73,0.0446,340.67,21.2918,385.4,21.3365
PPO,run_20260430_215905_r02,PptT,0.018774703557312252,0.8947368421052632,0.5897226580805378,0.5882352941176471,0.44427988440047256,3.009627349982845,1.0,0.7647058823529411,1.0,0.9411764705882353,0.7058823529411765,0.11764705882352941,0.0,0.0,0.9248011280495917,0.001976284584980237,0.5,0.7000425231287009,2.368178832211721,0.7506183944232067,0.4641331234540139,0.3278015141293756,0.7506183944232067,0.4641331234540139,0.2917322539539765,0.46036668279093546,1.0,13.0,1012.0,0.7506183944232067,0.4641331234540139,0.3278015141293756,0.4617658577084692,1012,15,0.0,0.0,65.04,4.3362,65.04,4.3362
PPO,run_20260430_215905_r01,VEGFR2,0.033797216699801194,0.9411764705882353,0.6392631994943103,0.5625,0.6724834118869352,2.998958368765705,1.0,1.0,1.0,1.0,1.0,1.0,0.0,0.0,0.23750077985241114,0.03180914512922465,1.0,0.6724834118869352,2.998958368765705,0.22698524244553786,0.028373155305692233,0.028373155305692233,0.22698524244553786,-0.7111735769501053,-0.7111735769501053,0.005629504770393807,1.0,757.0,1006.0,0.22698524244553786,0.028373155305692233,0.028373155305692233,0.005629504770393807,1006,34,44.81,0.0445,476.72,14.0212,521.53,14.0658
PPO,run_20260430_215905_r01,TTK,0.7735294117647059,0.9657794676806084,0.7097664875617129,0.65748031496063,0.6205959371799435,2.9363534620299636,1.0,0.9553805774278216,0.9986876640419947,0.963254593175853,0.8359580052493438,1.0,0.0,0.0,0.29193452463468267,0.7470588235294118,0.9553805774278216,0.6205959371799435,2.9363534620299636,1.2525354969574038,1.0768255578093306,0.8295638945233269,1.2525354969574038,1.0768255578093306,0.8295638945233269,0.8358595086107466,1.0,351.0,689.0,1.2525354969574038,1.0768255578093306,0.8295638945233269,0.8359201587159544,1020,736,91.65,0.0898,1943.3,2.6403,2034.94,2.7302
PPO,run_20260430_215905_r01,ITK,0.9306640625,0.9989506820566632,0.8165756602229507,0.9128151260504201,0.578451723475893,2.989332438215618,0.8728991596638656,0.9602888086642599,0.9957983193277311,0.9695378151260504,0.8487394957983193,1.0,0.0,0.0,0.2404737061434898,0.8115234375,0.9602888086642599,0.578451723475893,2.989332438215618,1.7656765676567658,1.6559405940594065,1.1599422442244232,1.7656765676567658,1.6559405940594065,1.1599422442244232,1.417028446008664,1.0,176.0,111.0,1.7656765676567658,1.6559405940594065,1.1599422442244232,1.417028446008664,1024,778,65.65,0.0641,2039.35,2.6213,2105.0,2.6854
PPO,run_20260430_215905_r01,CHK1,0.1272365805168986,0.3828125,0.6952519092433832,0.5714285714285714,0.5536091465647351,2.5382263076978657,1.0,1.0,1.0,1.0,0.9591836734693877,0.9795918367346939,0.0078125,0.0009940357852882703,0.3887570339211618,0.04771371769383698,1.0,0.5528604001895953,2.5477233375106105,1.0093457943925235,0.7220560747663552,0.1771401869158875,1.0093457943925235,0.7220560747663552,0.1771401869158875,0.6578581780345962,1.0,116.0,1006.0,1.0093457943925235,0.7220560747663552,0.1771401869158875,0.6599861113691683,1006,127,112.17,0.1115,545.18,4.2928,657.36,4.4043
PPO,run_20260430_215905_r03,ITK,0.921875,1.0,0.8182513361514477,0.8771186440677966,0.6186029000708055,2.980794665104575,0.8771186440677966,0.961352657004831,0.9925847457627118,0.9682203389830508,0.878177966101695,1.0,0.001059322033898305,0.0009765625,0.2394761556148051,0.80859375,0.961352657004831,0.6186029000708055,2.980794665104575,1.938943894389439,1.6551155115511555,1.1149752475247532,1.938943894389439,1.6551155115511555,1.1149752475247532,1.3580012053939772,1.0,221.0,105.0,1.938943894389439,1.6551155115511555,1.1149752475247532,1.3580012053939772,1024,779,50.84,0.0497,1431.65,1.8378,1482.49,1.8875
PPO,run_20260430_215905_r02,ITK,0.94140625,0.995850622406639,0.8156246955592312,0.85,0.6055774548727229,2.8791405628744258,0.9020833333333333,0.953810623556582,0.990625,0.9739583333333334,0.871875,1.0,0.0,0.0,0.23841878749238868,0.845703125,0.953810623556582,0.6055774548727229,2.8791405628744258,1.6295379537953796,1.4876237623762378,0.992285478547855,1.6295379537953796,1.4876237623762378,0.992285478547855,1.198921027356642,1.0,313.0,239.0,1.6295379537953796,1.4876237623762378,0.992285478547855,1.198921027356642,1024,808,61.96,0.0605,1934.57,2.3943,1996.53,2.4548
PPO,run_20260430_215905_r02,TTK,0.8277227722772277,0.9461722488038278,0.692305272692618,0.6510745891276865,0.6877178733539981,2.6878479654815086,1.0,0.9696586599241467,1.0,0.9785082174462706,0.9165613147914032,1.0,0.0,0.0,0.3231039821670048,0.7831683168316832,0.9696586599241467,0.6877178733539981,2.6878479654815086,1.1156186612576064,0.9252028397565922,0.6850152129817441,1.1156186612576064,0.9252028397565922,0.6850152129817441,0.7279325156146446,1.0,331.0,1010.0,1.1156186612576064,0.9252028397565922,0.6850152129817441,0.7280627153558591,1010,802,72.48,0.0718,1096.57,1.3673,1169.05,1.4391
PPO,run_20260430_215905_r02,CHK1,0.27073403241182076,0.5,0.6956006289163472,0.4295774647887324,0.5742210384559843,2.655982363511636,1.0,0.9366197183098591,0.9929577464788732,0.9436619718309859,0.971830985915493,0.9929577464788732,0.0035211267605633804,0.0009532888465204957,0.3481052726837445,0.1344137273593899,0.9361702127659575,0.5741123297033922,2.660050544269264,0.8261682242990654,0.7018691588785048,0.34968224299065426,0.8261682242990654,0.7018691588785048,0.34968224299065426,0.611327833361546,1.0,124.0,1049.0,0.8261682242990654,0.7018691588785048,0.34968224299065426,0.6138222442266348,1049,264,116.18,0.1108,1070.44,4.0547,1186.62,4.1655
PPO,run_20260430_215905_r01,PptT,0.09393346379647749,0.9895833333333334,0.6166019219617516,0.6842105263157895,0.5516559676728795,2.871611397441985,1.0,0.8736842105263158,1.0,0.9473684210526315,0.9473684210526315,0.8421052631578947,0.0,0.0,0.4467072253105462,0.07827788649706457,0.8875,0.5781830492546615,2.829697193396296,0.7168877895210255,0.4678434899932539,0.13816208222644866,0.7168877895210255,0.4678434899932539,0.09811222953581358,0.4641690047652291,1.0,13.0,1022.0,0.7168877895210255,0.4678434899932539,0.13816208222644866,0.4656050458294282,1022,74,0.0,0.0,214.05,2.8926,214.05,2.8926
PPO,run_20260430_215905_r02,VEGFR2,0.036889332003988036,0.918918918918919,0.6981741078334274,0.9411764705882353,0.6193598327221319,3.059289163649492,1.0,0.9705882352941176,1.0,0.9705882352941176,0.9117647058823529,1.0,0.0,0.0,0.21775414803974555,0.03389830508474576,0.9705882352941176,0.6193598327221319,3.059289163649492,0.0,0.0,0.0,-0.623330990864371,-0.44061841180604366,-0.44061841180604366,0.0,1.0,1.0,1003.0,0.0,0.0,0.0,0.0,1003,36,37.42,0.0373,216.39,6.0109,253.81,6.0483
PPO,run_20260430_215905_r02,DPP4,0.730844793713163,0.9543010752688172,0.7228356822826281,0.6901408450704225,0.728652072146832,3.4984972600717303,0.8492957746478873,0.9601990049751243,0.995774647887324,0.9690140845070423,0.9112676056338028,1.0,0.008064516129032258,0.005893909626719057,0.32549424779186326,0.5923379174852652,0.9601990049751243,0.728652072146832,3.4984972600717303,1.4952305246422888,1.3139904610492845,0.8655802861685199,1.4952305246422888,1.3139904610492845,0.8655802861685199,1.02837517686414,1.0,438.0,377.0,1.4952305246422888,1.3139904610492845,0.8655802861685199,1.02837517686414,1018,601,89.69,0.0881,1208.32,2.0105,1298.0,2.0986
PPO,run_20260430_215905_r03,DPP4,0.8172043010752689,0.9808612440191388,0.7308523011403103,0.5475609756097561,0.6982693729907656,3.6642820279582584,0.8,0.9496951219512195,0.9951219512195122,0.9390243902439024,0.8853658536585366,1.0,0.0035885167464114833,0.002932551319648094,0.30645893618996867,0.6412512218963832,0.9496951219512195,0.6982693729907656,3.6642820279582584,1.6224165341812395,1.1629570747217806,0.7182432432432436,1.6224165341812395,1.1629570747217806,0.7182432432432436,0.9378843048672268,1.0,286.0,348.0,1.6224165341812395,1.1629570747217806,0.7182432432432436,0.9379361297767368,1023,622,62.55,0.0611,665.33,1.0697,727.88,1.1308
PPO,run_20260430_215905_r04,DPP4,0.8207920792079207,0.916767189384801,0.7331596600691238,0.7,0.7546633937838569,3.6010039524187363,0.9144736842105263,0.981294964028777,0.9986842105263158,0.9815789473684211,0.9328947368421052,1.0,0.0,0.0,0.26587579588769616,0.6881188118811881,0.981294964028777,0.7546633937838569,3.6010039524187363,1.5270270270270265,1.1872019077901428,0.8252782193958658,1.5270270270270265,1.1872019077901428,0.8252782193958658,1.0162235750602089,1.0,187.0,191.0,1.5270270270270265,1.1872019077901428,0.8252782193958658,1.0162235750602089,1010,744,61.19,0.0606,854.51,1.1485,915.7,1.2091
PPO,run_20260430_215905_r03,VEGFR2,0.015904572564612324,1.0,0.6030705490086541,0.375,0.7442684761709004,2.6074486473625678,1.0,1.0,1.0,1.0,1.0,1.0,0.0,0.0,0.25126804238218464,0.015904572564612324,1.0,0.7442684761709004,2.6074486473625678,0.0,0.0,0.0,-0.6971187631763879,-1.0077301475755447,-1.0077301475755447,0.0,1.0,1.0,1006.0,0.0,0.0,0.0,0.0,1006,16,35.66,0.0354,134.47,8.4042,170.12,8.4396
AHC,run_20260430_215906_r05,ITK,0.9013671875,1.0,0.8245629181040153,0.9761646803900325,0.5050188570247629,2.9984798636590293,0.7508125677139762,0.937950937950938,0.9826652221018418,0.9631635969664138,0.7204767063921993,1.0,0.0010834236186348862,0.0009765625,0.23046147474845258,0.6767578125,0.937950937950938,0.5050188570247629,2.9984798636590293,2.1369636963696372,1.546617161716172,1.0429455445544555,2.1369636963696372,1.546617161716172,1.0429455445544555,1.1537121058297237,1.0,433.0,298.0,2.1369636963696372,1.546617161716172,1.0429455445544555,1.1537121058297237,1024,632,65.34,0.0638,1847.69,2.9236,1913.03,2.9874
PPO,run_20260430_215905_r03,PptT,0.028855721393034824,0.8275862068965517,0.6379047588149069,0.625,0.5135082492199858,2.8283059331299234,1.0,0.875,1.0,1.0,0.7916666666666666,0.375,0.0,0.0,0.7559314261474973,0.008955223880597015,1.0,0.6857249991921139,2.3835594566481393,0.7573645154036429,0.47886215426129974,0.23768832921070385,0.7573645154036429,0.47886215426129974,0.17648261340638235,0.47497432029177405,1.0,13.0,1005.0,0.7573645154036429,0.47886215426129974,0.23768832921070385,0.4764448266518252,1005,26,0.0,0.0,114.95,4.4212,114.95,4.4212
PPO,run_20260430_215905_r03,TTK,0.7247796278158668,0.9864864864864865,0.7062663991217207,0.4534246575342466,0.656100223617689,2.6289522988221408,1.0,0.9602739726027397,0.9958904109589041,0.9712328767123287,0.9013698630136986,1.0,0.0013513513513513514,0.0009794319294809011,0.3198887448247567,0.7149853085210578,0.9602739726027397,0.656100223617689,2.6289522988221408,0.9330628803245438,0.7822008113590264,0.5273326572008112,0.9330628803245438,0.7822008113590264,0.5273326572008112,0.6435348304271555,1.0,189.0,1021.0,0.9330628803245438,0.7822008113590264,0.5273326572008112,0.6447159869723161,1021,698,67.33,0.0659,996.97,1.4283,1064.3,1.4943
PPO,run_20260430_215905_r03,PEPCK,0.8898305084745762,0.691005291005291,0.4677209482782876,0.45941807044410415,0.3557636825656981,3.0187542972345853,1.0,0.9310872894333844,1.0,0.9800918836140888,0.27105666156202146,0.998468606431853,0.0,0.0,0.575376356423192,0.6139359698681732,0.9309815950920245,0.35562190031154667,3.019596051062392,1.9359683794466407,1.6901185770750988,1.3503952569169957,1.9359683794466407,1.6901185770750988,1.3503952569169957,1.4047561093618575,1.0,385.0,66.0,1.9359683794466407,1.6901185770750988,1.3503952569169957,1.4080390233055426,1062,850,85.02,0.0801,2555.25,3.0062,2640.27,3.0862
PPO,run_20260430_215905_r04,ITK,0.9541015625,1.0,0.8143501228507907,0.8894575230296827,0.5486306105470379,2.846226337186508,0.8945752302968271,0.9576659038901602,0.9907881269191402,0.977482088024565,0.8004094165813715,1.0,0.0010235414534288639,0.0009765625,0.23887901171758874,0.853515625,0.9576659038901602,0.5486306105470379,2.846226337186508,2.075082508250825,1.807755775577558,1.1751237623762374,2.075082508250825,1.807755775577558,1.1751237623762374,1.4140786148927393,1.0,225.0,146.0,2.075082508250825,1.807755775577558,1.1751237623762374,1.4140786148927393,1024,819,39.79,0.0389,1329.35,1.6231,1369.14,1.662
PPO,run_20260430_215905_r04,PEPCK,0.9625246548323472,0.75,0.4675023482035423,0.22404371584699453,0.31839790637967175,2.7773207407719425,1.0,0.9357923497267759,1.0,0.9781420765027322,0.2773224043715847,0.9972677595628415,0.0,0.0,0.6188580942428097,0.7199211045364892,0.9356164383561644,0.31808361577193567,2.7781725291954427,1.983399209486166,1.7339920948616605,1.5011067193675893,1.983399209486166,1.7339920948616605,1.5011067193675893,1.414662901201363,1.0,297.0,82.0,1.983399209486166,1.7339920948616605,1.5011067193675893,1.416996912105608,1014,918,82.3,0.0812,2533.09,2.7594,2615.39,2.8405
PPO,run_20260430_215905_r04,PptT,0.015732546705998034,1.0,0.5793128536690724,0.625,0.4301615547147166,3.0869124002240325,1.0,0.8125,1.0,1.0,0.6875,0.0625,0.0,0.0,0.9569256756756757,0.0009832841691248771,1.0,0.7299118868848335,2.9632911182996065,0.724758263998201,0.4616595457611874,0.41912150513454766,0.724758263998201,0.4616595457611874,0.41912150513454766,0.4580057674345329,1.0,13.0,1017.0,0.724758263998201,0.4616595457611874,0.41912150513454766,0.45942738442322206,1017,13,0.0,0.0,47.35,3.6423,47.35,3.6423
PPO,run_20260430_215905_r04,TTK,0.7964774951076321,0.995085995085995,0.7258717592360153,0.7938271604938272,0.6377157781410335,3.052844276524987,1.0,0.9641975308641976,0.9975308641975309,0.9740740740740741,0.7938271604938272,1.0,0.0,0.0,0.29796533145619736,0.7925636007827789,0.9641975308641976,0.6377157781410335,3.052844276524987,1.2981744421906694,1.0149594320486814,0.742368154158215,1.2981744421906694,1.0149594320486814,0.742368154158215,0.7825117942784104,1.0,332.0,988.0,1.2981744421906694,1.0149594320486814,0.742368154158215,0.7826542471420941,1022,767,65.85,0.0644,1080.31,1.4085,1146.16,1.4729
PPO,run_20260430_215905_r04,CHK1,0.35094339622641507,0.6451612903225806,0.7036660193717396,0.37916666666666665,0.5266855005526678,2.5811267237449913,1.0,0.9791666666666666,1.0,0.9791666666666666,0.9916666666666667,0.9958333333333333,0.0,0.0,0.32027902387022344,0.22547169811320755,0.9790794979079498,0.5264224734730913,2.5832135766615556,1.0429906542056075,0.8514018691588786,0.5208224299065423,1.0429906542056075,0.8514018691588786,0.5208224299065423,0.7468204020454949,1.0,165.0,1060.0,1.0429906542056075,0.8514018691588786,0.5208224299065423,0.7477445776758952,1060,337,106.78,0.1007,349.83,1.0381,456.61,1.1388
PPOD,run_20260430_220015_r01,VEGFR2,0.015984015984015984,1.0,0.7308204042195974,1.0,0.6121796110394058,3.214683479531323,1.0,1.0,1.0,1.0,1.0,1.0,0.0,0.0,0.1985374553121692,0.015984015984015984,1.0,0.6121796110394058,3.214683479531323,0.0,0.0,0.0,-0.11384399156711168,-0.11384399156711168,-0.11384399156711168,0.0,1.0,1.0,1001.0,0.0,0.0,0.0,0.0,1001,15,52.9,0.0528,367.4,24.4934,420.3,24.5463
PPO,run_20260430_215905_r05,CHK1,0.3380681818181818,0.6834733893557423,0.7181727367062946,0.5491803278688525,0.5157915506124098,2.626416154243638,1.0,0.9713114754098361,0.9959016393442623,0.9795081967213115,0.9713114754098361,1.0,0.0,0.0,0.33768799804559824,0.23106060606060605,0.9713114754098361,0.5157915506124098,2.626416154243638,1.0168224299065423,0.889158878504673,0.5557757009345795,1.0168224299065423,0.889158878504673,0.5557757009345795,0.785952899320306,1.0,119.0,1056.0,1.0168224299065423,0.889158878504673,0.5557757009345795,0.7898038040619817,1056,328,97.74,0.0926,397.88,1.2131,495.62,1.3056
PPO,run_20260430_215905_r05,PEPCK,0.9357072205736894,0.7431289640591966,0.47755013093420984,0.3456614509246088,0.3578358247725456,2.893093473576865,1.0,0.9559032716927454,1.0,0.984352773826458,0.3200568990042674,0.9971550497866287,0.0,0.0,0.591794274123752,0.6933728981206726,0.9557774607703281,0.35762105115362747,2.894310807406772,2.054545454545455,1.7798418972332015,1.4207509881422924,2.054545454545455,1.7798418972332015,1.4207509881422924,1.4953661893089065,1.0,289.0,103.0,2.054545454545455,1.7798418972332015,1.4207509881422924,1.4973818410310478,1011,904,81.2,0.0803,2602.97,2.8794,2684.17,2.9597
PPOD,run_20260430_220015_r01,PptT,0.01678183613030602,1.0,0.5912124588708509,0.6470588235294118,0.4635771785623304,3.1602424275696372,1.0,0.8235294117647058,1.0,1.0,0.7058823529411765,0.11764705882352941,0.0,0.0,0.924773396993547,0.0019743336623889436,1.0,0.8640695235044918,3.648406991699457,0.7742298178547337,0.46773105464358,0.3557936329467699,0.7742298178547337,0.46773105464358,0.3475376658421408,0.46391231657577464,1.0,13.0,1013.0,0.7742298178547337,0.46773105464358,0.3557936329467699,0.4652806144716683,1013,14,0.0,0.0,55.69,3.9779,55.69,3.9779
PPO,run_20260430_215905_r05,TTK,0.7141453831041258,0.984869325997249,0.7148768383682123,0.6899441340782123,0.6419174814368747,2.8435339750370163,1.0,0.9636871508379888,0.9958100558659218,0.9706703910614525,0.8435754189944135,1.0,0.0,0.0,0.2805485589603917,0.7033398821218074,0.9636871508379888,0.6419174814368747,2.8435339750370163,0.9584178498985801,0.8818458417849898,0.6391227180527385,0.9584178498985801,0.8818458417849898,0.6391227180527385,0.7362154146259816,1.0,221.0,1018.0,0.9584178498985801,0.8818458417849898,0.6391227180527385,0.7362646843282171,1018,688,59.5,0.0585,1373.11,1.9958,1432.61,2.0542
PPOD,run_20260430_220015_r01,TTK,0.7485322896281801,0.9803921568627451,0.7088093774285945,0.6453333333333333,0.6866849592318854,2.921305434755512,1.0,0.9586666666666667,0.9986666666666667,0.964,0.8906666666666667,1.0,0.0,0.0,0.31191118330038065,0.7338551859099804,0.9586666666666667,0.6866849592318854,2.921305434755512,1.0218052738336714,0.8765212981744419,0.6143002028397565,1.0218052738336714,0.8765212981744419,0.6143002028397565,0.6607354975528236,1.0,421.0,1022.0,1.0218052738336714,0.8765212981744419,0.6143002028397565,0.66080029673655,1022,713,112.6,0.1102,2157.74,3.0263,2270.33,3.1365
PPOD,run_20260430_220015_r01,DPP4,0.7274509803921568,0.9528301886792453,0.7255927045481058,0.669024045261669,0.7197616475188722,3.4156369372587663,0.7835926449787836,0.9675090252707581,0.9971711456859972,0.9646393210749646,0.9024045261669024,1.0,0.0,0.0,0.3257076460132498,0.5431372549019607,0.9675090252707581,0.7197616475188722,3.4156369372587663,1.686009538950715,1.3950715421303654,0.8724960254372004,1.686009538950715,1.3950715421303654,0.8724960254372004,1.04601585149163,1.0,439.0,377.0,1.686009538950715,1.3950715421303654,0.8724960254372004,1.04601585149163,1020,553,104.01,0.102,1159.75,2.0972,1263.75,2.1992
PPO,run_20260430_215905_r04,VEGFR2,0.020750988142292492,0.9047619047619048,0.6347167745904932,0.631578947368421,0.5726010910808111,2.8648138208491445,1.0,0.9473684210526315,0.9473684210526315,1.0,0.8947368421052632,1.0,0.0,0.0,0.19967373338464126,0.018774703557312252,0.9473684210526315,0.5726010910808111,2.8648138208491445,0.0,0.0,0.0,0.0,0.0,0.0,0.0,0.0,1012.0,1012.0,0.0,0.0,0.0,0.0,1012,20,35.95,0.0355,146.26,7.3129,182.2,7.3484
PPOD,run_20260430_220015_r02,CHK1,0.4021113243761996,0.665871121718377,0.6916893711873626,0.4265232974910394,0.5321051676284672,2.5670579485019394,1.0,0.953405017921147,0.996415770609319,0.956989247311828,0.985663082437276,1.0,0.00477326968973747,0.0019193857965451055,0.3594504664592736,0.2677543186180422,0.953405017921147,0.5321051676284672,2.5670579485019394,0.9757009345794394,0.8441121495327104,0.5290093457943922,0.9757009345794394,0.8441121495327104,0.5290093457943922,0.6659544011336935,1.0,224.0,1042.0,0.9757009345794394,0.8441121495327104,0.5290093457943922,0.6685056829878526,1042,384,124.76,0.1197,1170.92,3.0493,1295.68,3.169
PPO,run_20260430_215905_r05,DPP4,0.8258706467661692,0.9397590361445783,0.6950726732732316,0.5243589743589744,0.7461601531194866,3.489376871432809,0.8576923076923076,0.9611360239162929,0.9974358974358974,0.958974358974359,0.9448717948717948,1.0,0.0012048192771084338,0.0009950248756218905,0.3244774147901933,0.6656716417910448,0.9611360239162929,0.7461601531194866,3.489376871432809,1.4793322734499204,1.2567567567567566,0.7426470588235297,1.4793322734499204,1.2567567567567566,0.7426470588235297,1.0684675984149206,1.0,190.0,190.0,1.4793322734499204,1.2567567567567566,0.7426470588235297,1.0684675984149206,1005,692,61.79,0.0615,881.36,1.2736,943.15,1.3351
PPO,run_20260430_215905_r05,ITK,0.951171875,0.9989733059548255,0.8069878147439558,0.8674203494347379,0.6112113488084956,2.847262289308219,0.8705035971223022,0.9669421487603306,0.9907502569373073,0.9784172661870504,0.8735868448098664,1.0,0.0,0.0,0.2507713519570951,0.8271484375,0.9669421487603306,0.6112113488084956,2.847262289308219,1.6460396039603964,1.452557755775578,1.0408828382838282,1.6460396039603964,1.452557755775578,1.0408828382838282,1.1557099496570755,1.0,439.0,207.0,1.6460396039603964,1.452557755775578,1.0408828382838282,1.1557099496570755,1024,802,38.83,0.0379,1018.13,1.2695,1056.96,1.3074
PPOD,run_20260430_220015_r01,ITK,0.939453125,0.998960498960499,0.8153979925497761,0.9583766909469302,0.5908763033998943,2.9995980154658115,0.8595213319458896,0.9794188861985472,0.991675338189386,0.9823100936524454,0.8532778355879292,1.0,0.0,0.0,0.23418463219336363,0.806640625,0.9794188861985472,0.5908763033998943,2.9995980154658115,1.905940594059406,1.7009075907590763,1.1860561056105616,1.905940594059406,1.7009075907590763,1.1860561056105616,1.330307963657694,1.0,333.0,157.0,1.905940594059406,1.7009075907590763,1.1860561056105616,1.330307963657694,1024,798,102.35,0.0999,4115.78,5.1576,4218.12,5.2576
PPOD,run_20260430_220015_r02,DPP4,0.6627565982404692,0.9926253687315634,0.7488714006223647,0.8068350668647846,0.6847914173775957,3.5593828253843376,0.7473997028231798,0.9602385685884692,0.9970282317979198,0.9613670133729569,0.8692421991084696,1.0,0.0029498525073746312,0.0019550342130987292,0.31118568216415793,0.4916911045943304,0.9602385685884692,0.6847914173775957,3.5593828253843376,1.5826709062003177,1.394276629570747,0.8228934817170109,1.5826709062003177,1.394276629570747,0.8228934817170109,1.122787260263541,1.0,316.0,254.0,1.5826709062003177,1.394276629570747,0.8228934817170109,1.122787260263541,1023,472,98.3,0.0961,1032.51,2.1875,1130.81,2.2836
PPO,run_20260430_215905_r05,VEGFR2,0.046906187624750496,0.8723404255319149,0.5970461627971855,0.6829268292682927,0.7450395409690846,3.3630566150126167,1.0,0.9512195121951219,1.0,0.9512195121951219,0.926829268292683,1.0,0.0,0.0,0.18769779481884813,0.04091816367265469,0.9512195121951219,0.7450395409690846,3.3630566150126167,0.2937456078706958,0.1468728039353479,0.1468728039353479,0.2937456078706958,-0.09100491918482059,-0.09100491918482059,0.012591191475096191,1.0,573.0,1002.0,0.2937456078706958,0.1468728039353479,0.1468728039353479,0.012591191475096191,1002,45,34.98,0.0349,204.85,4.5522,239.83,4.5871
PPOD,run_20260430_220015_r01,CHK1,0.2624254473161034,0.7992424242424242,0.7212179666580182,0.4549763033175355,0.5148264197931993,2.7892531414061885,1.0,0.9241706161137441,0.981042654028436,0.943127962085308,0.9289099526066351,1.0,0.0,0.0,0.3307384310690183,0.20974155069582506,0.9241706161137441,0.5148264197931993,2.7892531414061885,1.0224299065420563,0.853457943925234,0.5022803738317756,1.0224299065420563,0.853457943925234,0.5022803738317756,0.6636896378736925,1.0,417.0,1006.0,1.0224299065420563,0.853457943925234,0.5022803738317756,0.6657401076407599,1006,245,144.7,0.1438,1103.26,4.5031,1247.96,4.6469
PPOD,run_20260430_220015_r02,ITK,0.9353574926542605,0.987434554973822,0.8020194971556662,0.8048780487804879,0.6384628479543594,2.8365081948540225,0.8791092258748674,0.9662243667068757,0.9872746553552492,0.9787910922587487,0.9056203605514316,1.0,0.0,0.0,0.251784030949964,0.811949069539667,0.9662243667068757,0.6384628479543594,2.8365081948540225,2.0709570957095713,1.7409240924092415,1.2550330033003305,2.0709570957095713,1.7409240924092415,1.2550330033003305,1.4291972537116593,1.0,240.0,120.0,2.0709570957095713,1.7409240924092415,1.2550330033003305,1.4291972537116593,1021,798,72.66,0.0712,2198.85,2.7554,2271.51,2.8266
PPO,run_20260430_215905_r05,PptT,0.015888778550148957,1.0,0.5756348595943452,0.625,0.4280585604439786,3.0269082281673976,1.0,0.8125,1.0,1.0,0.6875,0.0625,0.0,0.0,0.9603174603174603,0.0009930486593843098,1.0,0.6962639785530247,2.003224365393441,0.7202608500112436,0.446143467506184,0.37304319247202095,0.7202608500112436,0.446143467506184,0.3592568888273859,0.442556934571814,1.0,13.0,1007.0,0.7202608500112436,0.446143467506184,0.37304319247202095,0.44396274614078746,1007,13,0.0,0.0,48.83,3.7565,48.83,3.7565
PPOD,run_20260430_220015_r03,CHK1,0.2631077216396568,0.6159420289855072,0.6889289170261566,0.29411764705882354,0.550665056356505,2.576354429279353,1.0,0.9352941176470588,1.0,0.9352941176470588,0.9588235294117647,0.9941176470588236,0.0,0.0,0.364849002469341,0.16110581506196378,0.9349112426035503,0.5504349740120379,2.579277420714816,0.8000000000000003,0.7031775700934582,0.38007476635514026,0.8000000000000003,0.7031775700934582,0.38007476635514026,0.582353108879841,1.0,169.0,1049.0,0.8000000000000003,0.7031775700934582,0.38007476635514026,0.5997599355366878,1049,254,115.92,0.1105,756.55,2.9786,872.47,3.0891
PPOD,run_20260430_220015_r02,PptT,0.06793206793206794,0.5735294117647058,0.6047284279394436,0.6923076923076923,0.524439196301266,2.624229138392559,1.0,0.8974358974358975,1.0,1.0,0.7692307692307693,0.6153846153846154,0.0,0.0,0.6217251524702829,0.023976023976023976,0.9583333333333334,0.5958523194666141,2.3299012130010364,0.7360017989655949,0.44794243310096693,0.21030050578060486,0.7360017989655949,0.44794243310096693,0.19552685777106746,0.42960218649929216,1.0,13.0,1001.0,0.7360017989655949,0.44794243310096693,0.21030050578060486,0.43097410458231566,1001,64,89.16,0.0891,226.44,3.5381,315.61,3.6272
PPOD,run_20260430_220015_r01,PEPCK,0.9031620553359684,0.688183807439825,0.46792170244198505,0.3338632750397456,0.35861661339986806,2.910793277592131,1.0,0.9507154213036566,1.0,0.9777424483306836,0.3163751987281399,0.9984101748807631,0.0,0.0,0.5894124902786599,0.6205533596837944,0.9506369426751592,0.35847395559911555,2.9114952879043727,1.8766798418972335,1.7328063241106721,1.4139525691699606,1.8766798418972335,1.7328063241106721,1.4139525691699606,1.3703690106078836,1.0,537.0,75.0,1.8766798418972335,1.7328063241106721,1.4139525691699606,1.3728643116778967,1012,871,127.67,0.1262,6164.32,7.0773,6291.99,7.2034
PPOD,run_20260430_220015_r03,DPP4,0.8564453125,0.9452679589509693,0.7382789102317566,0.6441495778045838,0.7418636135992149,3.4894491488484123,0.7913148371531966,0.975609756097561,0.9987937273823885,0.9638118214716526,0.9131483715319663,1.0,0.002280501710376283,0.001953125,0.29314975949976263,0.640625,0.975609756097561,0.7418636135992149,3.4894491488484123,1.4912559618441967,1.2615262321144673,0.786009538950715,1.4912559618441967,1.2615262321144673,0.786009538950715,0.9983773381607708,1.0,362.0,362.0,1.4912559618441967,1.2615262321144673,0.786009538950715,0.9984198217223261,1024,671,90.67,0.0885,1223.92,1.824,1314.59,1.9126
PPOD,run_20260430_220015_r02,VEGFR2,0.00968054211035818,1.0,0.7275027695943985,0.9,0.6265256574037278,3.4815680814464463,1.0,0.9,0.9,1.0,0.7,1.0,0.0,0.0,0.1847766629792751,0.00968054211035818,0.9,0.6265256574037278,3.4815680814464463,0.0,0.0,0.0,0.0,0.0,0.0,0.0,0.0,1033.0,1033.0,0.0,0.0,0.0,0.0,1033,9,56.55,0.0547,179.45,19.9392,236.0,19.9939
PPOD,run_20260430_220015_r02,PEPCK,0.9208211143695014,0.5329087048832272,0.4600381184059048,0.3466135458167331,0.3765036524203361,2.852403064150788,1.0,0.952191235059761,1.0,0.9840637450199203,0.44621513944223107,0.9960159362549801,0.0,0.0,0.6267772782887896,0.4887585532746823,0.952,0.37627721111720397,2.8539470045426127,1.5565217391304347,1.4596837944664034,1.1630434782608703,1.5565217391304347,1.4596837944664034,1.1630434782608703,1.2230906927234864,1.0,331.0,86.0,1.5565217391304347,1.4596837944664034,1.1630434782608703,1.225434830751674,1023,895,113.13,0.1106,3565.45,3.9837,3678.58,4.0943
PPOD,run_20260430_220015_r02,TTK,0.8414872798434442,0.977906976744186,0.7111514888787058,0.6278240190249703,0.6442480626566752,2.8945543567775487,1.0,0.9702734839476813,0.9988109393579072,0.9726516052318668,0.9322235434007135,1.0,0.0,0.0,0.3094307328368251,0.8228962818003914,0.9702734839476813,0.6442480626566752,2.8945543567775487,1.2550709939148073,0.9840263691683571,0.72368154158215,1.2550709939148073,0.9840263691683571,0.72368154158215,0.7865338565752233,1.0,214.0,1022.0,1.2550709939148073,0.9840263691683571,0.72368154158215,0.7866265857626313,1022,813,91.69,0.0897,1787.51,2.1987,1879.2,2.2884
PPOD,run_20260430_220015_r03,TTK,0.7945205479452054,0.9864532019704434,0.7032066136053065,0.5280898876404494,0.6894846438075676,2.8081478269148974,1.0,0.9762796504369539,1.0,0.978776529338327,0.916354556803995,1.0,0.0012315270935960591,0.0009784735812133072,0.3143669052616593,0.7837573385518591,0.9762796504369539,0.6894846438075676,2.8081478269148974,1.0294117647058822,0.9274847870182559,0.6683062880324543,1.0294117647058822,0.9274847870182559,0.6683062880324543,0.7654742222822052,1.0,306.0,1022.0,1.0294117647058822,0.9274847870182559,0.6683062880324543,0.7664135091920565,1022,774,93.98,0.092,1770.66,2.2877,1864.64,2.3796
PPOD,run_20260430_220015_r04,CHK1,0.3683168316831683,0.803763440860215,0.7337475973735214,0.5752508361204013,0.49752479665346966,2.856981724526883,1.0,0.9531772575250836,0.9698996655518395,0.9899665551839465,0.9264214046822743,0.9966555183946488,0.0,0.0,0.307709830586784,0.29504950495049503,0.9530201342281879,0.4972159906940134,2.859581096499503,1.6878504672897203,0.9899065420560749,0.6176448598130841,1.6878504672897203,0.9899065420560749,0.6176448598130841,0.7129227352641807,1.0,549.0,1010.0,1.6878504672897203,0.9899065420560749,0.6176448598130841,0.714088663138677,1010,355,110.5,0.1094,1055.95,2.9745,1166.45,3.0839
PPOD,run_20260430_220015_r03,PEPCK,0.9451645064805583,0.6877637130801688,0.4784553647069474,0.455521472392638,0.35196011978610986,2.8552044531557716,1.0,0.9524539877300614,1.0,0.9877300613496932,0.3266871165644172,0.9969325153374233,0.0010548523206751054,0.0009970089730807576,0.5924676375612415,0.6480558325024925,0.9523076923076923,0.35171041560636446,2.856400719269499,1.9517786561264823,1.676284584980237,1.371818181818182,1.9517786561264823,1.676284584980237,1.371818181818182,1.358753975228465,1.0,524.0,75.0,1.9517786561264823,1.676284584980237,1.371818181818182,1.3622776910500696,1003,914,103.63,0.1033,3906.19,4.2737,4009.81,4.377
PPOD,run_20260430_220015_r04,DPP4,0.8013698630136986,0.9768009768009768,0.769496554207235,0.79125,0.7300022556380295,3.7221784111001703,0.755,0.9486754966887417,0.99125,0.9575,0.9125,1.0,0.002442002442002442,0.0019569471624266144,0.2850649954118611,0.5909980430528375,0.9486754966887417,0.7300022556380295,3.7221784111001703,1.725755166931637,1.298489666136725,0.8294912559618431,1.725755166931637,1.298489666136725,0.8294912559618431,0.971096411537588,1.0,503.0,320.0,1.725755166931637,1.298489666136725,0.8294912559618431,0.971096411537588,1022,573,94.9,0.0929,1020.33,1.7807,1115.23,1.8735
PPOD,run_20260430_220015_r05,TTK,0.7495107632093934,0.9765013054830287,0.7019434715708235,0.5989304812834224,0.6632029895300509,2.7876567377615378,1.0,0.9625668449197861,1.0,0.963903743315508,0.8770053475935828,1.0,0.0,0.0,0.34269196040820343,0.7318982387475538,0.9625668449197861,0.6632029895300509,2.7876567377615378,1.2347870182555782,0.9637423935091277,0.6348630831643003,1.2347870182555782,0.9637423935091277,0.6348630831643003,0.6800385187140515,1.0,596.0,1022.0,1.2347870182555782,0.9637423935091277,0.6348630831643003,0.680126857072541,1022,721,90.37,0.0884,1731.41,2.4014,1821.78,2.4898
PPOD,run_20260430_220015_r04,PEPCK,0.8655544651619235,0.81859410430839,0.4919736827329787,0.2299168975069252,0.3310683890123841,2.8055588558320728,1.0,0.9418282548476454,0.9986149584487535,0.9778393351800554,0.3254847645429363,0.9986149584487535,0.0,0.0,0.6056954318916458,0.7075564278704612,0.941747572815534,0.3309059239315795,2.8060243593748297,2.1968379446640323,1.7158102766798422,1.3627272727272728,2.1968379446640323,1.7158102766798422,1.3627272727272728,1.4712736659594192,1.0,249.0,75.0,2.1968379446640323,1.7158102766798422,1.3627272727272728,1.4736342989073714,1019,821,101.92,0.1,3229.99,3.9342,3331.91,4.0342
PPOD,run_20260430_220015_r03,ITK,0.9783037475345168,0.9657258064516129,0.7889942748677996,0.7453027139874739,0.646650788454677,2.6791592792328123,0.9102296450939458,0.9782110091743119,0.9947807933194155,0.9832985386221295,0.9624217118997912,1.0,0.0,0.0,0.26670452290403035,0.8599605522682445,0.9782110091743119,0.646650788454677,2.6791592792328123,1.9471947194719479,1.7986798679867992,1.3417904290429048,1.9471947194719479,1.7986798679867992,1.3417904290429048,1.3808813573665062,1.0,363.0,128.0,1.9471947194719479,1.7986798679867992,1.3417904290429048,1.3808813573665062,1014,876,66.32,0.0654,1727.03,1.9715,1793.35,2.0369
PPOD,run_20260430_220015_r04,ITK,0.9501466275659824,1.0,0.8124117606558683,0.9053497942386831,0.6375674009145935,2.938585704901591,0.9022633744855967,0.9703534777651083,0.9866255144032922,0.9835390946502057,0.9423868312757202,1.0,0.00102880658436214,0.0009775171065493646,0.23685909711013317,0.8572825024437928,0.9703534777651083,0.6375674009145935,2.938585704901591,1.971947194719472,1.6179867986798684,1.0867574257425743,1.971947194719472,1.6179867986798684,1.0867574257425743,1.3379313737825398,1.0,311.0,121.0,1.971947194719472,1.6179867986798684,1.0867574257425743,1.3379313737825398,1023,832,69.77,0.0682,1909.03,2.2945,1978.8,2.3627
PPOD,run_20260430_220015_r03,PptT,0.018682399213372666,0.9473684210526315,0.6119249979903308,0.6666666666666666,0.43541376328006076,3.002379226887443,1.0,0.8333333333333334,1.0,1.0,0.7222222222222222,0.16666666666666666,0.0,0.0,0.8872038187255579,0.0029498525073746312,1.0,0.5615915834968204,2.5385062662296853,0.7416235664492916,0.4283786822577018,0.31123603927741544,0.7416235664492916,0.4283786822577018,0.2831122104789746,0.42494298597171626,1.0,13.0,1017.0,0.7416235664492916,0.4283786822577018,0.31123603927741544,0.4263018853006268,1017,16,0.0,0.0,67.95,4.2468,67.95,4.2468
PPOD,run_20260430_220015_r03,VEGFR2,0.03155818540433925,0.90625,0.6040389021876185,0.5172413793103449,0.7021181787094617,2.931309344463094,1.0,0.9655172413793104,1.0,0.9655172413793104,1.0,1.0,0.0,0.0,0.22532192372990267,0.028599605522682446,0.9655172413793104,0.7021181787094617,2.931309344463094,0.0,0.0,0.0,-0.6725228390723822,-1.1697118763176388,-1.1697118763176388,0.0,1.0,1.0,1014.0,0.0,0.0,0.0,0.0,1014,31,51.54,0.0508,352.13,11.3591,403.67,11.4099
PPOD,run_20260430_220015_r04,PptT,0.020172910662824207,0.9523809523809523,0.60935340531259,0.55,0.47798067852145804,2.8389566862929834,1.0,0.85,1.0,1.0,0.75,0.25,0.0,0.0,0.8467893217893216,0.004803073967339097,1.0,0.6813881163757054,2.0703652881149504,0.7348774454688554,0.4751517877220598,0.28197536416560476,0.7348774454688554,0.4751517877220598,0.2201734002948305,0.47145278146827607,1.0,13.0,1041.0,0.7348774454688554,0.4751517877220598,0.28197536416560476,0.47289821869647397,1041,18,0.0,0.0,66.69,3.7051,66.69,3.7051
PPOD,run_20260430_220015_r04,TTK,0.8176470588235294,0.9832134292565947,0.7022565707922452,0.6170731707317073,0.6875434154690953,3.076125869009888,1.0,0.9536585365853658,1.0,0.9634146341463414,0.8560975609756097,1.0,0.0,0.0,0.33857553983592403,0.803921568627451,0.9536585365853658,0.6875434154690953,3.076125869009888,1.0598377281947264,0.9165821501014199,0.6870182555780933,1.0598377281947264,0.9165821501014199,0.6870182555780933,0.7584714184862585,1.0,230.0,1020.0,1.0598377281947264,0.9165821501014199,0.6870182555780933,0.7586001760406663,1020,776,91.87,0.0901,1685.37,2.1719,1777.24,2.2619
PPOD,run_20260430_220015_r04,VEGFR2,0.017924528301886792,1.0,0.7124539003074768,0.9473684210526315,0.5864278676205279,3.0236372923494996,1.0,0.9473684210526315,0.9473684210526315,1.0,0.9473684210526315,1.0,0.0,0.0,0.17839936287824606,0.017924528301886792,0.9473684210526315,0.5864278676205279,3.0236372923494996,0.0,0.0,0.0,-1.477160927617709,-1.477160927617709,-1.477160927617709,0.0,1.0,1.0,1060.0,0.0,0.0,0.0,0.0,1060,18,55.87,0.0527,323.76,17.9864,379.63,18.0392
REINFORCE,run_20260430_220050_r01,DPP4,0.7595307917888563,0.9716859716859717,0.7274590399635625,0.6609271523178808,0.7172903170187294,3.378236209383931,0.7695364238410596,0.9690189328743546,0.9920529801324504,0.9708609271523179,0.9205298013245033,1.0,0.002574002574002574,0.0019550342130987292,0.32755475489147146,0.5679374389051809,0.9690189328743546,0.7172903170187294,3.378236209383931,1.642289348171701,1.1903815580286168,0.754650238473768,1.642289348171701,1.1903815580286168,0.754650238473768,0.9713230437613737,1.0,254.0,305.0,1.642289348171701,1.1903815580286168,0.754650238473768,0.9713230437613737,1023,561,85.89,0.084,788.56,1.4056,874.45,1.4896
PPOD,run_20260430_220015_r05,PEPCK,0.9226957383548068,0.7024704618689581,0.4655770465942124,0.38837920489296635,0.35090400332030935,2.849010911293784,1.0,0.9602446483180428,1.0,0.9785932721712538,0.3577981651376147,0.9969418960244648,0.0,0.0,0.6292770137849002,0.6461843409316155,0.9601226993865031,0.3506518254832448,2.850184509284886,1.9478260869565218,1.6814229249011858,1.3786956521739138,1.9478260869565218,1.6814229249011858,1.3786956521739138,1.368868719077708,1.0,259.0,83.0,1.9478260869565218,1.6814229249011858,1.3786956521739138,1.370778437316551,1009,897,106.02,0.1051,3899.02,4.3467,4005.04,4.4518
PPOD,run_20260430_220015_r05,CHK1,0.38606965174129354,0.8273195876288659,0.7184141675973639,0.5295950155763239,0.5459642607667281,2.637743943264289,1.0,0.9750778816199377,0.9937694704049844,0.9813084112149533,0.9688473520249221,1.0,0.002577319587628866,0.0009950248756218905,0.32649582946714706,0.3194029850746269,0.9750778816199377,0.5459642607667281,2.637743943264289,1.1140186915887853,0.913084112149533,0.6347289719626168,1.1140186915887853,0.913084112149533,0.6347289719626168,0.7397984842144419,1.0,241.0,1005.0,1.1140186915887853,0.913084112149533,0.6347289719626168,0.7441471362959717,1005,375,108.02,0.1075,1042.32,2.7795,1150.35,2.887
PPOD,run_20260430_220015_r05,VEGFR2,0.017699115044247787,0.9444444444444444,0.6915192704516526,0.9411764705882353,0.6788670455217998,2.938283062164425,1.0,1.0,1.0,1.0,0.9411764705882353,1.0,0.0,0.0,0.2286735574952238,0.01671583087512291,1.0,0.6788670455217998,2.938283062164425,0.0,0.0,0.0,0.0,0.0,0.0,0.0,0.0,1017.0,1017.0,0.0,0.0,0.0,0.0,1017,18,48.14,0.0473,335.37,18.6319,383.51,18.6793
REINFORCE,run_20260430_220050_r01,ITK,0.923828125,1.0,0.8194172984016564,0.9408033826638478,0.6032658612272515,2.8977915805949186,0.8054968287526427,0.9698162729658792,0.9894291754756871,0.9756871035940803,0.8953488372093024,1.0,0.0010570824524312897,0.0009765625,0.23801565438142042,0.744140625,0.9698162729658792,0.6032658612272515,2.8977915805949186,2.2442244224422443,1.8023927392739274,1.2488036303630365,2.2442244224422443,1.8023927392739274,1.2488036303630365,1.3548279815774547,1.0,506.0,168.0,2.2442244224422443,1.8023927392739274,1.2488036303630365,1.3548279815774547,1024,721,58.69,0.0573,1491.74,2.069,1550.43,2.1263
PPOD,run_20260430_220015_r05,PptT,0.06588003933136677,0.835820895522388,0.5762438997079834,0.4107142857142857,0.5788914635522922,2.8207317685045865,1.0,0.9107142857142857,1.0,0.9642857142857143,0.7321428571428571,0.7321428571428571,0.0,0.0,0.5487267868449209,0.04031465093411996,0.9512195121951219,0.6406158285457981,2.7203334573407787,0.7652349898808184,0.5758938610299078,0.2282357287416878,0.7652349898808184,0.5758938610299078,0.2133782003919175,0.4742381435036424,1.0,15.0,1017.0,0.7652349898808184,0.5758938610299078,0.2282357287416878,0.4757621975525334,1017,60,0.0,0.0,221.15,3.6859,221.15,3.6859
PPOD,run_20260430_220015_r05,DPP4,0.8395303326810176,0.9627039627039627,0.7476843185630568,0.7360774818401937,0.7323079712358197,3.5486842898256232,0.7687651331719129,0.9732283464566929,0.9963680387409201,0.9588377723970944,0.9019370460048426,1.0,0.002331002331002331,0.0019569471624266144,0.2990187383670444,0.6213307240704501,0.9732283464566929,0.7323079712358197,3.5486842898256232,1.4475357710651826,1.1367249602543719,0.7158982511923689,1.4475357710651826,1.1367249602543719,0.7158982511923689,1.014916199726836,1.0,157.0,225.0,1.4475357710651826,1.1367249602543719,0.7158982511923689,1.014916199726836,1022,633,93.5,0.0915,1284.5,2.0292,1378.0,2.1207
REINFORCE,run_20260430_220050_r02,VEGFR2,0.016488845780795344,1.0,0.704478243991569,0.9411764705882353,0.6375939012834223,2.863068880402891,1.0,0.8235294117647058,0.8823529411764706,0.9411764705882353,1.0,1.0,0.0,0.0,0.22001910377554454,0.016488845780795344,0.8235294117647058,0.6375939012834223,2.863068880402891,0.0,0.0,0.0,-0.23682361208713965,-0.23682361208713965,-0.23682361208713965,0.0,1.0,1.0,1031.0,0.0,0.0,0.0,0.0,1031,14,34.82,0.0338,201.84,14.417,236.66,14.4507
REINFORCE,run_20260430_220050_r01,PEPCK,0.7596606974552309,0.6575682382133995,0.4734709972850333,0.30943396226415093,0.36813104577038386,2.7837166664822113,1.0,0.9415094339622642,1.0,0.9792452830188679,0.4962264150943396,0.9962264150943396,0.0,0.0,0.6204166586678703,0.49764373232799247,0.9412878787878788,0.36788489829904686,2.784918555498453,2.0664031620553365,1.5118577075098818,1.1615810276679839,2.0664031620553365,1.5118577075098818,1.1615810276679839,1.3041513152257735,1.0,269.0,95.0,2.0664031620553365,1.5118577075098818,1.1615810276679839,1.306484141441934,1061,734,98.83,0.0932,2717.9,3.7029,2816.73,3.796
REINFORCE,run_20260430_220050_r01,TTK,0.6862170087976539,0.9743589743589743,0.716513565846867,0.6476608187134503,0.661865070528769,2.7229428184527915,1.0,0.935672514619883,0.9985380116959064,0.9371345029239766,0.9342105263157895,1.0,0.0,0.0,0.3023217398655463,0.6686217008797654,0.935672514619883,0.661865070528769,2.7229428184527915,1.0420892494929006,0.8947768762677484,0.5648326572008115,1.0420892494929006,0.8947768762677484,0.5648326572008115,0.6705652101066941,1.0,360.0,1023.0,1.0420892494929006,0.8947768762677484,0.5648326572008115,0.6706057462310324,1023,641,79.7,0.0779,1563.25,2.4388,1642.95,2.5167
REINFORCE,run_20260430_220050_r02,PEPCK,0.9035679845708775,0.576307363927428,0.46437199853757904,0.3314814814814815,0.3792666559612498,2.7943143218852433,1.0,0.9518518518518518,1.0,0.975925925925926,0.524074074074074,0.9962962962962963,0.0,0.0,0.6204066390790058,0.5188042430086789,0.9516728624535316,0.37906648004213417,2.795533267445432,1.6000000000000003,1.416600790513834,1.1213043478260865,1.6000000000000003,1.416600790513834,1.1213043478260865,1.2163259783275717,1.0,257.0,108.0,1.6000000000000003,1.416600790513834,1.1213043478260865,1.2185994255582533,1037,879,94.87,0.0915,2532.18,2.8808,2627.05,2.9722
REINFORCE,run_20260430_220050_r01,PptT,0.02054794520547945,0.9523809523809523,0.623945270985538,0.7,0.47350131493172043,2.902269998314433,1.0,0.85,1.0,1.0,0.75,0.25,0.0,0.0,0.8360526839799618,0.004892367906066536,1.0,0.6634706620167553,2.323618536200747,0.751742747919946,0.47436474027434217,0.3166047169936109,0.751742747919946,0.47436474027434217,0.29551978200769846,0.47058550634126206,1.0,13.0,1022.0,0.751742747919946,0.47436474027434217,0.3166047169936109,0.4720294981734397,1022,18,0.0,0.0,65.75,3.6528,65.75,3.6528
REINFORCE,run_20260430_220050_r02,TTK,0.7757100881488737,0.9507575757575758,0.697274060172388,0.5776892430278885,0.6918170163659509,2.5855978476465395,1.0,0.9415670650730412,0.9946879150066401,0.9468791500664011,0.9707835325365206,1.0,0.0,0.0,0.3181668745890151,0.7375122428991185,0.9415670650730412,0.6918170163659509,2.5855978476465395,0.9102434077079109,0.7720588235294117,0.5309584178498987,0.9102434077079109,0.7720588235294117,0.5309584178498987,0.6506116234531232,1.0,212.0,1021.0,0.9102434077079109,0.7720588235294117,0.5309584178498987,0.6507530717263995,1021,724,72.89,0.0714,1030.42,1.4232,1103.31,1.4946
REINFORCE,run_20260430_220050_r03,DPP4,0.7945205479452054,0.9544334975369458,0.7205737348127247,0.6335483870967742,0.7405781354797405,3.32506326770054,0.7212903225806452,0.9713774597495528,0.9922580645161291,0.9664516129032258,0.9432258064516129,1.0,0.0,0.0,0.3340898050266887,0.5469667318982387,0.9713774597495528,0.7405781354797405,3.32506326770054,1.4634340222575517,1.2961049284578692,0.8161764705882351,1.4634340222575517,1.2961049284578692,0.8161764705882351,1.0644465246298442,1.0,251.0,226.0,1.4634340222575517,1.2961049284578692,0.8161764705882351,1.0644878675276106,1022,561,63.42,0.0621,568.64,1.0136,632.06,1.0757
REINFORCE,run_20260430_220050_r01,CHK1,0.5326732673267327,0.9256505576208178,0.7382651056551486,0.6385542168674698,0.5106213630529007,2.8647424930747865,1.0,0.9698795180722891,0.9959839357429718,0.9779116465863453,0.9437751004016064,1.0,0.0018587360594795538,0.0009900990099009901,0.29623098034398765,0.49306930693069306,0.9698795180722891,0.5106213630529007,2.8647424930747865,1.2355140186915892,0.9564485981308412,0.7291214953271025,1.2355140186915892,0.9564485981308412,0.7291214953271025,0.7832929582677897,1.0,296.0,1010.0,1.2355140186915892,0.9564485981308412,0.7291214953271025,0.7852361784910135,1010,516,107.66,0.1066,1223.99,2.3721,1331.65,2.4787
REINFORCE,run_20260430_220050_r01,VEGFR2,0.018756169792694965,1.0,0.708321376826371,0.9473684210526315,0.607856027993236,2.868811840056791,1.0,0.7894736842105263,0.9473684210526315,0.8421052631578947,0.9473684210526315,1.0,0.0,0.0,0.21572545916803948,0.018756169792694965,0.7894736842105263,0.607856027993236,2.868811840056791,0.0,0.0,0.0,0.0,0.0,0.0,0.0,0.0,1013.0,1013.0,0.0,0.0,0.0,0.0,1013,15,39.39,0.0389,452.41,30.1608,491.8,30.1996
REINFORCE,run_20260430_220050_r02,PptT,0.026812313803376366,0.9259259259259259,0.6306484284625342,0.6,0.5323081261638476,2.6764485200296333,1.0,0.88,1.0,1.0,0.8,0.4,0.0,0.0,0.7459383688681003,0.009930486593843098,1.0,0.7155030165545557,2.0483905715455912,0.7618619293906006,0.4673937485945582,0.2572092475398075,0.7618619293906006,0.4673937485945582,0.1984002055960681,0.4636152974452799,1.0,13.0,1007.0,0.7618619293906006,0.4673937485945582,0.2572092475398075,0.4650894681507914,1007,24,0.0,0.0,102.89,4.287,102.89,4.287
REINFORCE,run_20260430_220050_r02,DPP4,0.7360703812316716,0.9548472775564409,0.723925624677285,0.6620305980528511,0.7378161653435021,3.3691164379478193,0.7524339360222532,0.9704251386321626,0.9958275382475661,0.9582753824756607,0.9401947148817803,1.0,0.0026560424966799467,0.0019550342130987292,0.3349152654964702,0.5288367546432062,0.9704251386321626,0.7378161653435021,3.3691164379478193,1.4872813990461045,1.1470588235294117,0.7200715421303654,1.4872813990461045,1.1470588235294117,0.7200715421303654,0.9300629247498314,1.0,191.0,667.0,1.4872813990461045,1.1470588235294117,0.7200715421303654,0.9300629247498314,1023,535,85.1,0.0832,1067.01,1.9944,1152.11,2.0776
REINFORCE,run_20260430_220050_r02,ITK,0.90625,1.0,0.8221237983682933,0.9547413793103449,0.6014962974467855,2.9598660945559563,0.790948275862069,0.9577656675749319,0.9838362068965517,0.9730603448275862,0.9148706896551724,1.0,0.0,0.0,0.23893699434586688,0.716796875,0.9577656675749319,0.6014962974467855,2.9598660945559563,1.967821782178218,1.706683168316832,1.2189768976897697,1.967821782178218,1.706683168316832,1.2189768976897697,1.3410372592435027,1.0,363.0,185.0,1.967821782178218,1.706683168316832,1.2189768976897697,1.3410372592435027,1024,685,59.21,0.0578,1743.71,2.5456,1802.92,2.6034
REINFORCE,run_20260430_220050_r03,PptT,0.021505376344086023,0.9545454545454546,0.6227702749035072,0.5714285714285714,0.4940833274577088,2.8804729320832156,1.0,0.8095238095238095,1.0,0.9523809523809523,0.7619047619047619,0.2857142857142857,0.0,0.0,0.8171851207565494,0.005865102639296188,0.8333333333333334,0.7038461480102084,2.3437707147437665,0.721385203507983,0.46143467506183955,0.29501786472778163,0.721385203507983,0.46143467506183955,0.25871373959973026,0.457785484507559,1.0,13.0,1023.0,0.721385203507983,0.46143467506183955,0.29501786472778163,0.4592164281407485,1023,18,0.0,0.0,71.66,3.9812,71.66,3.9812
REINFORCE,run_20260430_220050_r02,CHK1,0.5691699604743083,0.9010416666666666,0.7246615855150793,0.5722543352601156,0.536638387772925,2.7505540924292475,1.0,0.9749518304431599,0.9922928709055877,0.9826589595375722,0.9653179190751445,0.9980732177263969,0.001736111111111111,0.0009881422924901185,0.33571733431351314,0.5118577075098815,0.974903474903475,0.5365362437868275,2.7518440252781726,1.1308411214953273,0.9527102803738318,0.6829158878504675,1.1308411214953273,0.9527102803738318,0.6829158878504675,0.7578730929777253,1.0,301.0,1012.0,1.1308411214953273,0.9527102803738318,0.6829158878504675,0.7605068256724088,1012,555,108.7,0.1074,1371.75,2.4716,1480.45,2.579
REINFORCE,run_20260430_220050_r03,CHK1,0.484251968503937,0.8780487804878049,0.7265449565705548,0.6157407407407407,0.518129101827405,2.697678865031808,1.0,0.9861111111111112,1.0,0.9861111111111112,0.9606481481481481,1.0,0.0,0.0,0.32651871516645475,0.4251968503937008,0.9861111111111112,0.518129101827405,2.697678865031808,1.3420560747663552,0.9921495327102805,0.6925046728971964,1.3420560747663552,0.9921495327102805,0.6925046728971964,0.7410390757230113,1.0,282.0,1016.0,1.3420560747663552,0.9921495327102805,0.6925046728971964,0.7536092115237932,1016,474,98.01,0.0965,683.27,1.4415,781.28,1.538
REINFORCE,run_20260430_220050_r03,TTK,0.70703125,0.9751381215469613,0.7109952299216502,0.613314447592068,0.6759741561409187,2.6771528684195545,1.0,0.9305949008498584,0.9943342776203966,0.9362606232294618,0.953257790368272,1.0,0.0,0.0,0.30904481437750153,0.689453125,0.9305949008498584,0.6759741561409187,2.6771528684195545,1.1282961460446248,0.9219066937119674,0.5745182555780933,1.1282961460446248,0.9219066937119674,0.5745182555780933,0.725764709844067,1.0,350.0,1024.0,1.1282961460446248,0.9219066937119674,0.5745182555780933,0.7267051560937325,1024,654,56.46,0.0551,944.83,1.4447,1001.29,1.4998
REINFORCE,run_20260430_220050_r03,ITK,0.761485826001955,0.9974326059050064,0.8220775144485712,0.9111969111969112,0.6803567187052458,2.8049338524485887,0.6435006435006435,0.96,0.9884169884169884,0.9691119691119691,0.9755469755469756,1.0,0.0012836970474967907,0.0009775171065493646,0.23239980665875784,0.4887585532746823,0.96,0.6803567187052458,2.8049338524485887,1.5387788778877893,1.296617161716172,0.710478547854786,1.5387788778877893,1.296617161716172,0.710478547854786,1.0141479873793835,1.0,300.0,288.0,1.5387788778877893,1.296617161716172,0.710478547854786,1.0141479873793835,1023,469,45.96,0.0449,654.52,1.3956,700.48,1.4405
REINFORCE,run_20260430_220050_r04,ITK,0.9658203125,0.9989888776541962,0.8193611451271723,0.9342105263157895,0.6480911011190732,2.9008735678709527,0.8046558704453441,0.9685534591194969,0.9807692307692307,0.9868421052631579,0.9483805668016194,1.0,0.0,0.0,0.24001856074410466,0.7763671875,0.9685534591194969,0.6480911011190732,2.9008735678709527,1.8770627062706278,1.5276402640264028,1.0408003300330035,1.8770627062706278,1.5276402640264028,1.0408003300330035,1.1155649317373149,1.0,500.0,290.0,1.8770627062706278,1.5276402640264028,1.0408003300330035,1.1155649317373149,1024,748,44.94,0.0439,876.58,1.1719,921.51,1.2158
REINFORCE,run_20260430_220050_r03,PEPCK,0.9051896207584831,0.607497243660419,0.46960184157408136,0.32304900181488205,0.37446507382146876,2.798627205477633,1.0,0.9473684210526315,1.0,0.9745916515426497,0.5390199637023594,0.9981851179673321,0.0,0.0,0.6217683906641804,0.5489021956087824,0.9472727272727273,0.3743309999333761,2.7992248353030385,1.6553359683794466,1.4766798418972333,1.1660474308300401,1.6553359683794466,1.4766798418972333,1.1660474308300401,1.2901181826071177,1.0,172.0,76.0,1.6553359683794466,1.4766798418972333,1.1660474308300401,1.2935882297767225,1002,877,78.12,0.078,2262.75,2.5801,2340.87,2.6581
REINFORCE,run_20260430_220050_r04,PEPCK,0.9047619047619048,0.6370614035087719,0.46035828926813926,0.26506024096385544,0.35914609204549536,2.7505102885133077,1.0,0.9345955249569707,1.0,0.9793459552495697,0.5060240963855421,0.9965576592082617,0.0,0.0,0.6484780892513368,0.5744047619047619,0.9343696027633851,0.35889058984805894,2.7514916091430788,1.5328063241106724,1.3849802371541504,1.1586561264822133,1.5328063241106724,1.3849802371541504,1.1586561264822133,1.2003874145178495,1.0,279.0,102.0,1.5328063241106724,1.3849802371541504,1.1586561264822133,1.2026674224623244,1008,868,63.21,0.0627,2031.01,2.3399,2094.23,2.4026
REINFORCE,run_20260430_220050_r04,VEGFR2,0.02001906577693041,1.0,0.6819613750411894,0.9047619047619048,0.6868259321451037,2.7281014922987694,1.0,1.0,1.0,1.0,1.0,1.0,0.0,0.0,0.23754335722234554,0.02001906577693041,1.0,0.6868259321451037,2.7281014922987694,0.1426563598032328,0.0356640899508082,0.0356640899508082,0.1426563598032328,-0.7445537596626843,-0.7445537596626843,0.0031482313912724867,1.0,818.0,1049.0,0.1426563598032328,0.0356640899508082,0.0356640899508082,0.0031482313912724867,1049,19,31.75,0.0303,148.88,7.8355,180.62,7.8658
REINFORCE,run_20260430_220050_r05,ITK,0.9677734375,0.9969727547931383,0.8227005599772719,0.9412955465587044,0.6489625980172387,2.9026308538634153,0.6892712550607287,0.9647577092511013,0.979757085020243,0.9878542510121457,0.9382591093117408,1.0,0.0,0.0,0.2323488822219783,0.6650390625,0.9647577092511013,0.6489625980172387,2.9026308538634153,1.5759075907590763,1.4236798679867988,0.986303630363037,1.5759075907590763,1.4236798679867988,0.986303630363037,1.1213501782307143,1.0,315.0,254.0,1.5759075907590763,1.4236798679867988,0.986303630363037,1.1213501782307143,1024,643,34.11,0.0333,819.08,1.2738,853.18,1.3071
REINFORCE,run_20260430_220050_r04,PptT,0.027586206896551724,0.8928571428571429,0.6341922840168255,0.68,0.5306070752543491,2.7718640275173283,1.0,0.88,1.0,1.0,0.8,0.4,0.0,0.0,0.7417749071442459,0.009852216748768473,1.0,0.7112503892808094,2.2869293402648285,0.733753091972116,0.4699797616370588,0.2588690074635656,0.733753091972116,0.4699797616370588,0.20621713943054182,0.46627764317009623,1.0,13.0,1015.0,0.733753091972116,0.4699797616370588,0.2588690074635656,0.4677760679059224,1015,25,0.0,0.0,111.21,4.4485,111.21,4.4485
REINFORCE,run_20260430_220050_r05,DPP4,0.8033268101761253,0.9585870889159561,0.7155500054367395,0.6175349428208387,0.7480020215627723,3.3398408020013783,0.772554002541296,0.9819078947368421,0.9961880559085133,0.9720457433290979,0.9440914866581956,1.0,0.0036540803897685747,0.0029354207436399216,0.33748569505790343,0.5949119373776908,0.9819078947368421,0.7480020215627723,3.3398408020013783,1.455484896661367,1.271860095389507,0.7959856915739263,1.455484896661367,1.271860095389507,0.7959856915739263,1.0131999819550181,1.0,359.0,359.0,1.455484896661367,1.271860095389507,0.7959856915739263,1.0131999819550181,1022,615,65.06,0.0637,487.15,0.7921,552.2,0.8558
REINFORCE,run_20260430_220050_r05,PptT,0.016456921587608905,1.0,0.5928092777904348,0.6470588235294118,0.44786804689866966,2.978056518428023,1.0,0.8235294117647058,1.0,1.0,0.7058823529411765,0.11764705882352941,0.0,0.0,0.9234360410830998,0.001936108422071636,1.0,0.7305419043633757,2.099826763995744,0.7393748594558129,0.47234090398021145,0.37383147547303164,0.7393748594558129,0.47234090398021145,0.36102990780301336,0.46872889768303033,1.0,13.0,1033.0,0.7393748594558129,0.47234090398021145,0.37383147547303164,0.4702271983610808,1033,14,0.0,0.0,55.16,3.9398,55.16,3.9398
REINFORCE,run_20260430_220050_r04,TTK,0.7191780821917808,0.9782312925170068,0.7043918909097142,0.5618915159944368,0.7010853044981716,2.671169585032932,1.0,0.9457579972183588,0.9944367176634215,0.9541029207232267,0.9568845618915159,1.0,0.0,0.0,0.3078003390641672,0.7035225048923679,0.9457579972183588,0.7010853044981716,2.671169585032932,1.067444219066937,0.7890466531440162,0.4563894523326572,1.067444219066937,0.7890466531440162,0.4563894523326572,0.6196843876898895,1.0,417.0,1022.0,1.067444219066937,0.7890466531440162,0.4563894523326572,0.6198152147018469,1022,675,51.66,0.0505,794.1,1.1764,845.76,1.227
REINFORCE,run_20260430_220050_r04,CHK1,0.5191740412979351,0.9071969696969697,0.7357241804036911,0.6325678496868476,0.5074028669038275,2.8001015995681673,1.0,0.9478079331941545,0.9895615866388309,0.9582463465553236,0.9436325678496869,1.0,0.0,0.0,0.3179506034009339,0.47099311701081614,0.9478079331941545,0.5074028669038275,2.8001015995681673,1.1738317757009349,0.97588785046729,0.691439252336449,1.1738317757009349,0.97588785046729,0.691439252336449,0.7613937823358056,1.0,294.0,1017.0,1.1738317757009349,0.97588785046729,0.691439252336449,0.7625405847222353,1017,491,88.07,0.0866,651.19,1.3262,739.25,1.4128
REINFORCE,run_20260430_220050_r05,CHK1,0.5148221343873518,0.9366602687140115,0.7388631075719564,0.6762295081967213,0.504309270121158,2.8501456764730517,1.0,0.9590163934426229,0.985655737704918,0.9795081967213115,0.9200819672131147,1.0,0.0,0.0,0.30109433657091805,0.48221343873517786,0.9590163934426229,0.504309270121158,2.8501456764730517,1.2616822429906542,1.0796261682242994,0.7559065420560749,1.2616822429906542,1.0796261682242994,0.7559065420560749,0.7865324517010823,1.0,435.0,850.0,1.2616822429906542,1.0796261682242994,0.7559065420560749,0.7904485515162071,1012,492,83.38,0.0824,626.11,1.2726,709.49,1.355
REINFORCE,run_20260430_220050_r04,DPP4,0.7634408602150538,0.9487836107554417,0.7116791207517392,0.611336032388664,0.7498031318397658,3.2999609474742235,0.7516869095816464,0.9712746858168761,0.9959514170040485,0.9689608636977058,0.9662618083670715,1.0,0.002560819462227913,0.0019550342130987292,0.34080236502372363,0.544477028347996,0.9712746858168761,0.7498031318397658,3.2999609474742235,1.4515103338632747,1.2042925278219394,0.7652623211446739,1.4515103338632747,1.2042925278219394,0.7652623211446739,0.8960743907612977,1.0,378.0,444.0,1.4515103338632747,1.2042925278219394,0.7652623211446739,0.8960743907612977,1023,569,63.05,0.0616,538.87,0.9471,601.93,1.0087
REINVENT,run_20260430_220204_r01,PEPCK,0.7648165569143932,0.6814268142681427,0.4701253015654516,0.30324909747292417,0.3760889287524485,2.775773947742997,1.0,0.9368231046931408,1.0,0.9711191335740073,0.5577617328519856,0.9963898916967509,0.0,0.0,0.6244562066968782,0.5192850423330198,0.9365942028985508,0.37588231625443796,2.7768948027486067,1.6592885375494077,1.4596837944664034,1.1756916996047428,1.6592885375494077,1.4596837944664034,1.1756916996047428,1.2435293877050186,1.0,228.0,101.0,1.6592885375494077,1.4596837944664034,1.1756916996047428,1.2459133280179133,1063,739,126.56,0.1191,5028.72,6.8048,5155.28,6.9238
REINFORCE,run_20260430_220050_r05,TTK,0.7676470588235295,0.9706257982120051,0.7063576419963509,0.5723684210526315,0.6742559699102955,2.6622262520171813,1.0,0.9394736842105263,1.0,0.9394736842105263,0.9565789473684211,1.0,0.0,0.0,0.3058033941208413,0.7450980392156863,0.9394736842105263,0.6742559699102955,2.6622262520171813,1.2576064908722109,0.8336713995943205,0.5040314401622716,1.2576064908722109,0.8336713995943205,0.5040314401622716,0.6634987869387104,1.0,353.0,1020.0,1.2576064908722109,0.8336713995943205,0.5040314401622716,0.6635914089266537,1020,716,52.86,0.0518,837.08,1.1691,889.95,1.2209
REINVENT,run_20260430_220204_r01,CHK1,0.46115537848605576,0.8509719222462203,0.7273009018994889,0.5812182741116751,0.5347476896569665,2.7012293887322003,1.0,0.9644670050761421,0.9898477157360406,0.9746192893401016,0.9670050761421319,0.9974619289340102,0.0,0.0,0.3269049754995753,0.39143426294820716,0.9643765903307888,0.5346082461889906,2.7028040974142518,1.1233644859813086,0.9575700934579443,0.6761682242990658,1.1233644859813086,0.9575700934579443,0.6761682242990658,0.7613010574524333,1.0,376.0,1004.0,1.1233644859813086,0.9575700934579443,0.6761682242990658,0.7633431848928276,1004,446,127.67,0.1272,1980.43,4.4404,2108.09,4.5676
REINFORCE,run_20260430_220050_r03,VEGFR2,0.0166015625,1.0,0.6722982866648466,0.8823529411764706,0.6609387344531017,2.9279732505712746,1.0,1.0,1.0,1.0,0.9411764705882353,1.0,0.0,0.0,0.193918817226243,0.0166015625,1.0,0.6609387344531017,2.9279732505712746,0.0,0.0,0.0,-1.3998594518622627,-1.1916725228390723,-1.1916725228390723,0.0,1.0,1.0,1024.0,0.0,0.0,0.0,0.0,1024,17,31.13,0.0304,199.2,11.7174,230.33,11.7478
REINFORCE,run_20260430_220050_r05,VEGFR2,0.01671583087512291,1.0,0.6930546786546918,1.0,0.6011705805117229,2.720162260897311,1.0,0.9411764705882353,0.9411764705882353,1.0,0.9411764705882353,1.0,0.0,0.0,0.21835883116033417,0.01671583087512291,0.9411764705882353,0.6011705805117229,2.720162260897311,0.0,0.0,0.0,0.0,0.0,0.0,0.0,0.0,1017.0,1017.0,0.0,0.0,0.0,0.0,1017,16,29.92,0.0294,121.73,7.6081,151.65,7.6375
REINFORCE,run_20260430_220050_r05,PEPCK,0.9114533205004812,0.5364308342133052,0.45265055066227744,0.31496062992125984,0.38564973682750914,2.7464391426893364,1.0,0.9547244094488189,1.0,0.9724409448818898,0.6299212598425197,0.9960629921259843,0.0,0.0,0.6345267433888672,0.4870067372473532,0.9545454545454546,0.38546213113037137,2.7475459457584863,1.7857707509881424,1.5596837944664033,1.136205533596837,1.7857707509881424,1.5596837944664033,1.136205533596837,1.3413262220058053,1.0,302.0,110.0,1.7857707509881424,1.5596837944664033,1.136205533596837,1.3432436621790935,1039,886,72.62,0.0699,1928.59,2.1767,2001.2,2.2466
REINVENT,run_20260430_220204_r01,TTK,0.6875612144955926,0.99002849002849,0.7141668046484071,0.6345323741007194,0.6627403541850754,2.700729169509226,1.0,0.935251798561151,0.9971223021582734,0.9381294964028777,0.9640287769784173,1.0,0.0,0.0,0.305418305764084,0.6807051909892262,0.935251798561151,0.6627403541850754,2.700729169509226,1.1790060851926976,0.9112576064908723,0.5785243407707912,1.1790060851926976,0.9112576064908723,0.5785243407707912,0.6773658347124184,1.0,420.0,1021.0,1.1790060851926976,0.9112576064908723,0.5785243407707912,0.6774213710161245,1021,637,100.81,0.0987,1972.22,3.0961,2073.03,3.1948
REINVENT,run_20260430_220204_r01,PptT,0.07541625857002938,0.935064935064935,0.5943556947973914,0.5555555555555556,0.6449678868402882,2.603311262415341,1.0,0.9583333333333334,1.0,1.0,0.875,0.7916666666666666,0.0,0.0,0.4764228436403155,0.05582761998041136,1.0,0.706754646735967,2.473879010677538,0.7393748594558129,0.4865077580391275,0.22453771773537903,0.7393748594558129,0.4865077580391275,0.22106951964159063,0.4651860831344211,1.0,13.0,1021.0,0.7393748594558129,0.4865077580391275,0.22453771773537903,0.4666572885764884,1021,57,0.0,0.0,177.73,3.1181,177.73,3.1181
REINVENT,run_20260430_220204_r01,VEGFR2,0.014807502467917079,1.0,0.709118445264586,0.9333333333333333,0.5926253576825303,3.08998654173116,1.0,1.0,1.0,1.0,0.8666666666666667,1.0,0.0,0.0,0.20011990889727213,0.014807502467917079,1.0,0.5926253576825303,3.08998654173116,1.1967673928320453,1.1967673928320453,1.1967673928320453,1.1967673928320453,1.1967673928320453,1.1967673928320453,0.0447163334834086,1.0,635.0,1013.0,1.1967673928320453,1.1967673928320453,1.1967673928320453,0.04550393953331452,1013,15,46.99,0.0464,374.27,24.9513,421.26,24.9977
REINVENT,run_20260430_220204_r02,DPP4,0.7064579256360078,0.9709141274238227,0.7270788290419485,0.6776034236804565,0.7239003960059809,3.3842229005253164,0.738944365192582,0.9845559845559846,0.9971469329529244,0.9743223965763196,0.927246790299572,1.0,0.0013850415512465374,0.0009784735812133072,0.3327937886743833,0.5068493150684932,0.9845559845559846,0.7239003960059809,3.3842229005253164,1.562798092209857,1.2615262321144676,0.8021065182829886,1.562798092209857,1.2615262321144676,0.8021065182829886,1.0278328287997907,1.0,256.0,256.0,1.562798092209857,1.2615262321144676,0.8021065182829886,1.0278328287997907,1022,511,90.4,0.0885,1023.53,2.003,1113.93,2.0914
REINVENT,run_20260430_220204_r01,ITK,0.935546875,1.0,0.8192813926109688,0.9519832985386222,0.60422520818463,2.895431744439012,0.7713987473903967,0.9634641407307172,0.9822546972860126,0.9791231732776617,0.884133611691023,1.0,0.0,0.0,0.23572596990470648,0.7216796875,0.9634641407307172,0.60422520818463,2.895431744439012,2.1617161716171625,1.804455445544555,1.22677392739274,2.1617161716171625,1.804455445544555,1.22677392739274,1.3478246506291256,1.0,470.0,169.0,2.1617161716171625,1.804455445544555,1.22677392739274,1.3478246506291256,1024,691,92.24,0.0901,3259.09,4.7165,3351.33,4.8066
REINVENT,run_20260430_220204_r02,PptT,0.15422396856581533,0.8280254777070064,0.5887418919262262,0.43846153846153846,0.6456220038594066,2.418901592724972,1.0,0.9538461538461539,1.0,0.9769230769230769,0.9461538461538461,0.8846153846153846,0.0,0.0,0.4329219954226825,0.11296660117878192,0.9739130434782609,0.6763320653319325,2.330694780599665,0.7551158084101642,0.4901056892286936,0.16954126377333048,0.7551158084101642,0.4901056892286936,0.16221047897458976,0.4592656740266572,1.0,14.0,1018.0,0.7551158084101642,0.4901056892286936,0.16954126377333048,0.460586428853788,1018,142,0.0,0.0,275.02,1.9368,275.02,1.9368
REINVENT,run_20260430_220204_r02,CHK1,0.5177165354330708,0.8859315589353612,0.7289014880835852,0.6115879828326181,0.5285112474703199,2.7480266348485376,1.0,0.9656652360515021,0.9914163090128756,0.9763948497854077,0.9592274678111588,1.0,0.0019011406844106464,0.000984251968503937,0.33285934257254784,0.45866141732283466,0.9656652360515021,0.5285112474703199,2.7480266348485376,1.0766355140186916,0.9485981308411218,0.6914766355140182,1.0766355140186916,0.9485981308411218,0.6914766355140182,0.7705212855986461,1.0,232.0,1016.0,1.0766355140186916,0.9485981308411218,0.6914766355140182,0.7730130594072938,1016,500,111.15,0.1094,1363.43,2.7269,1474.59,2.8363
REINVENT,run_20260430_220204_r01,DPP4,0.7367906066536204,0.9734395750332006,0.7312133311854545,0.6957708049113234,0.71309099584662,3.3954963842610955,0.7148703956343793,0.9732824427480916,0.9959072305593452,0.9768076398362893,0.922237380627558,1.0,0.0013280212483399733,0.0009784735812133072,0.32506269292084605,0.512720156555773,0.9732824427480916,0.71309099584662,3.3954963842610955,1.4952305246422888,1.1987281399046104,0.7726947535771065,1.4952305246422888,1.1987281399046104,0.7726947535771065,0.9699994399833238,1.0,317.0,411.0,1.4952305246422888,1.1987281399046104,0.7726947535771065,0.9699994399833238,1022,508,146.3,0.1431,1905.0,3.75,2051.3,3.8931
REINVENT,run_20260430_220204_r02,PEPCK,0.8973384030418251,0.5847457627118644,0.46590338121685315,0.27717391304347827,0.38674953763652287,2.823608957264893,1.0,0.947463768115942,1.0,0.9764492753623188,0.5688405797101449,0.9963768115942029,0.0,0.0,0.6185301631104846,0.5228136882129277,0.9472727272727273,0.3865809396708253,2.824907833596058,1.493280632411067,1.3549407114624508,1.071620553359683,1.493280632411067,1.3549407114624508,1.071620553359683,1.1810126392040758,1.0,227.0,119.0,1.493280632411067,1.3549407114624508,1.071620553359683,1.1832162937262953,1052,868,101.09,0.0961,3350.42,3.8599,3451.52,3.956
REINVENT,run_20260430_220204_r02,ITK,0.875,1.0,0.8223043023669159,0.9642857142857143,0.5807083088877033,3.0134512765311032,0.8125,0.9560439560439561,0.9888392857142857,0.9720982142857143,0.8627232142857143,1.0,0.0,0.0,0.23434016862982904,0.7109375,0.9560439560439561,0.5807083088877033,3.0134512765311032,2.095709570957096,1.6179867986798686,1.1918729372937298,2.095709570957096,1.6179867986798686,1.1918729372937298,1.3127900680693076,1.0,353.0,169.0,2.095709570957096,1.6179867986798686,1.1918729372937298,1.3127900680693076,1024,680,64.66,0.0631,2222.78,3.2688,2287.44,3.3319
REINVENT,run_20260430_220204_r03,CHK1,0.4132804757185332,0.8657074340527577,0.7318649566840423,0.6121883656509696,0.5102496381074358,2.7464254241735273,1.0,0.961218836565097,0.9944598337950139,0.96398891966759,0.9695290858725761,1.0,0.002398081534772182,0.0009910802775024777,0.33118751589105,0.35777998017839446,0.961218836565097,0.5102496381074358,2.7464254241735273,0.9420560747663553,0.8532710280373832,0.618766355140187,0.9420560747663553,0.8532710280373832,0.618766355140187,0.6935149078851088,1.0,190.0,1009.0,0.9420560747663553,0.8532710280373832,0.618766355140187,0.7158786622812725,1009,398,107.86,0.1069,1026.36,2.5788,1134.22,2.6857
REINVENT,run_20260430_220204_r03,PptT,0.02056807051909892,0.9523809523809523,0.6283012305486078,0.65,0.4622951595079591,2.912912257346771,1.0,0.85,1.0,1.0,0.75,0.25,0.0,0.0,0.8329413246867006,0.004897159647404506,1.0,0.6186460403217092,2.366187572330103,0.7562401619069036,0.4565999550258601,0.35145684088791806,0.7562401619069036,0.4565999550258601,0.32577339458382865,0.4529933331394472,1.0,13.0,1021.0,0.7562401619069036,0.4565999550258601,0.35145684088791806,0.45446188689509676,1021,16,0.0,0.0,69.24,4.3272,69.24,4.3272
REINVENT,run_20260430_220204_r03,DPP4,0.7177734375,0.9918367346938776,0.7356048952442649,0.7270233196159122,0.7053811835380878,3.429998898697806,0.7023319615912208,0.966796875,0.9917695473251029,0.9670781893004116,0.9218106995884774,1.0,0.0027210884353741495,0.001953125,0.3257628416704325,0.5,0.966796875,0.7053811835380878,3.429998898697806,1.471383147853736,1.257551669316375,0.8122813990461046,1.471383147853736,1.257551669316375,0.8122813990461046,1.0158971643978534,1.0,320.0,298.0,1.471383147853736,1.257551669316375,0.8122813990461046,1.0159424468865528,1024,489,89.03,0.0869,880.14,1.7999,969.17,1.8868
REINVENT,run_20260430_220204_r02,TTK,0.7659157688540646,0.9667519181585678,0.6957814194450821,0.5317460317460317,0.6947951321845272,2.56547914673089,1.0,0.9351851851851852,0.9933862433862434,0.9417989417989417,0.9748677248677249,1.0,0.0,0.0,0.31574999022859923,0.7404505386875612,0.9351851851851852,0.6947951321845272,2.56547914673089,1.0446247464503042,0.8176977687626774,0.4668103448275861,1.0446247464503042,0.8176977687626774,0.4668103448275861,0.6483833164796873,1.0,293.0,1021.0,1.0446247464503042,0.8176977687626774,0.4668103448275861,0.6484823625939057,1021,712,82.29,0.0806,1610.5,2.2619,1692.79,2.3425
REINVENT,run_20260430_220204_r04,DPP4,0.7639569049951028,0.9397435897435897,0.7186208906783844,0.6234652114597544,0.7510989896753769,3.300570605734185,0.7612551159618008,0.9802867383512545,0.9986357435197817,0.9686221009549796,0.9536152796725784,1.0,0.002564102564102564,0.0019588638589618022,0.3359457364861834,0.5465230166503428,0.9802867383512545,0.7510989896753769,3.300570605734185,1.3879173290937994,1.0874403815580282,0.762122416534181,1.3879173290937994,1.0874403815580282,0.762122416534181,0.8702513511956386,1.0,354.0,565.0,1.3879173290937994,1.0874403815580282,0.762122416534181,0.8702513511956386,1021,575,93.04,0.0911,860.11,1.4958,953.15,1.587
REINVENT,run_20260430_220204_r03,PEPCK,0.929070929070929,0.6161290322580645,0.47334833314047364,0.27399650959860383,0.3781932099571724,2.7818410419501687,1.0,0.944153577661431,1.0,0.9842931937172775,0.5479930191972077,0.9982547993019197,0.001075268817204301,0.000999000999000999,0.6137214157575499,0.5714285714285714,0.9440559440559441,0.37807081047760027,2.7823863395733253,1.59604743083004,1.4837944664031624,1.1426482213438731,1.59604743083004,1.4837944664031624,1.1426482213438731,1.3463722048702287,1.0,144.0,67.0,1.59604743083004,1.4837944664031624,1.1426482213438731,1.3499112641546296,1001,897,98.13,0.098,3359.71,3.7455,3457.84,3.8435
REINVENT,run_20260430_220204_r04,PEPCK,0.9136622390891841,0.5514018691588785,0.45941192310011214,0.2730696798493409,0.37547897710733846,2.720084477386803,1.0,0.9322033898305084,1.0,0.967984934086629,0.5800376647834274,0.9962335216572504,0.0010384215991692627,0.0009487666034155598,0.6362202974721061,0.5018975332068312,0.9319470699432892,0.3752610754018715,2.7210435190170195,1.627667984189724,1.455335968379447,1.1066403162055336,1.627667984189724,1.455335968379447,1.1066403162055336,1.275810951691655,1.0,149.0,122.0,1.627667984189724,1.455335968379447,1.1066403162055336,1.2779776741331073,1054,879,106.82,0.1013,3121.33,3.551,3228.15,3.6523
REINVENT,run_20260430_220204_r02,VEGFR2,0.01678183613030602,1.0,0.6873161040571741,0.8823529411764706,0.7108499841824756,2.687993223317426,1.0,1.0,1.0,1.0,1.0,1.0,0.0,0.0,0.22403290272775475,0.01678183613030602,1.0,0.7108499841824756,2.687993223317426,0.0,0.0,0.0,-1.2593113141250876,-1.0238931834153195,-1.0238931834153195,0.0,1.0,1.0,1013.0,0.0,0.0,0.0,0.0,1013,17,44.96,0.0444,377.6,22.2118,422.56,22.2562
REINVENT,run_20260430_220204_r04,PptT,0.1518987341772152,0.8846153846153846,0.5821234027434359,0.4927536231884058,0.6242613376373212,2.421612187643578,1.0,0.9637681159420289,0.9927536231884058,0.9855072463768116,0.8840579710144928,0.8913043478260869,0.0,0.0,0.4270571247966278,0.11976630963972736,0.983739837398374,0.650369037442274,2.3394729643051138,0.733753091972116,0.48751967618619296,0.20038003148189795,0.733753091972116,0.48751967618619296,0.19667191364965148,0.4650436052823668,1.0,13.0,1027.0,0.733753091972116,0.48751967618619296,0.20038003148189795,0.46656703919102416,1027,136,0.0,0.0,271.57,1.9968,271.57,1.9968
REINVENT,run_20260430_220204_r04,TTK,0.718475073313783,0.9782312925170068,0.7076110843726988,0.5757997218358831,0.6824532887198328,2.6753790330573524,1.0,0.9443671766342142,0.9986091794158554,0.9485396383866481,0.9596662030598053,1.0,0.0,0.0,0.30879206712303914,0.7028347996089932,0.9443671766342142,0.6824532887198328,2.6753790330573524,0.9685598377281945,0.8724645030425963,0.5268255578093307,0.9685598377281945,0.8724645030425963,0.5268255578093307,0.6907495504016147,1.0,361.0,1023.0,0.9685598377281945,0.8724645030425963,0.5268255578093307,0.6908958197665421,1023,674,82.49,0.0806,1363.81,2.0235,1446.31,2.1041
REINVENT,run_20260430_220204_r03,VEGFR2,0.016377649325626204,1.0,0.6829725117516063,0.8235294117647058,0.658757266498699,2.927587964464087,1.0,1.0,1.0,1.0,0.9411764705882353,1.0,0.0,0.0,0.20943458623013733,0.016377649325626204,1.0,0.658757266498699,2.927587964464087,0.0,0.0,0.0,-0.7146872803935347,-1.1925509486999297,-1.1925509486999297,0.0,1.0,1.0,1038.0,0.0,0.0,0.0,0.0,1038,17,50.46,0.0486,383.06,22.5331,433.53,22.5817
REINVENT,run_20260430_220204_r04,CHK1,0.47941176470588237,0.9386503067484663,0.7380989146721078,0.6884531590413944,0.49217615089712907,2.743389344688047,1.0,0.9629629629629629,0.9934640522875817,0.9694989106753813,0.9302832244008714,1.0,0.0,0.0,0.31233680031019406,0.45,0.9629629629629629,0.49217615089712907,2.743389344688047,1.155140186915888,0.952710280373832,0.7060934579439259,1.155140186915888,0.952710280373832,0.7060934579439259,0.7528621037199928,1.0,359.0,1020.0,1.155140186915888,0.952710280373832,0.7060934579439259,0.7538847977404878,1020,459,110.34,0.1082,1176.46,2.5631,1286.8,2.6713
REINVENT,run_20260430_220204_r03,TTK,0.7110675808031341,0.9793388429752066,0.7114935607299508,0.5907172995780591,0.68086242476271,2.676297769870644,1.0,0.9493670886075949,0.9971870604781997,0.9521800281293952,0.9521800281293952,1.0,0.0,0.0,0.30943017988619737,0.6963761018609207,0.9493670886075949,0.68086242476271,2.676297769870644,0.8950304259634889,0.7999492900608519,0.5283975659229208,0.8950304259634889,0.7999492900608519,0.5283975659229208,0.6388832737661244,1.0,285.0,1021.0,0.8950304259634889,0.7999492900608519,0.5283975659229208,0.639909476376814,1021,671,88.6,0.0868,1522.4,2.2689,1611.0,2.3556
REINVENT,run_20260430_220204_r04,ITK,0.951171875,0.9958932238193019,0.8195571874077754,0.9298969072164949,0.629212149827417,2.9108466911047444,0.8051546391752578,0.9551856594110115,0.9835051546391752,0.9731958762886598,0.9288659793814433,1.0,0.0,0.0,0.24018505853315897,0.7626953125,0.9551856594110115,0.629212149827417,2.9108466911047444,1.868811881188119,1.5528052805280532,1.0523927392739276,1.868811881188119,1.5528052805280532,1.0523927392739276,1.1524565542491751,1.0,420.0,289.0,1.868811881188119,1.5528052805280532,1.0523927392739276,1.1524565542491751,1024,726,63.3,0.0618,1664.97,2.2933,1728.27,2.3552
REINVENT,run_20260430_220204_r03,ITK,0.7380254154447703,0.9960264900662251,0.8198410810433326,0.8949468085106383,0.6806370506212257,2.7957854727750058,0.6848404255319149,0.9553398058252427,0.9893617021276596,0.9707446808510638,0.9680851063829787,1.0,0.0013245033112582781,0.0009775171065493646,0.24015099396314055,0.5034213098729228,0.9553398058252427,0.6806370506212257,2.7957854727750058,1.5305280528052811,1.2854785478547857,0.7674092409240924,1.5305280528052811,1.2854785478547857,0.7674092409240924,0.9534578457845786,1.0,414.0,358.0,1.5305280528052811,1.2854785478547857,0.7674092409240924,0.9534578457845786,1023,481,60.17,0.0588,1194.65,2.4837,1254.82,2.5425
REINVENT,run_20260430_220204_r05,PptT,0.17926356589147288,0.6756756756756757,0.5517149627259839,0.456,0.6667481112623035,2.41238852397522,1.0,0.96,1.0,0.984,0.952,0.88,0.0,0.0,0.42151319746226756,0.1065891472868217,0.9818181818181818,0.7017349174476119,2.3192841655601604,0.7573645154036429,0.48504609849336633,0.2171801214301777,0.7573645154036429,0.48504609849336633,0.2171801214301777,0.47871771713684336,1.0,13.0,1032.0,0.7573645154036429,0.48504609849336633,0.2171801214301777,0.48019932921875563,1032,151,0.0,0.0,216.75,1.4354,216.75,1.4354
REINVENT,run_20260430_220204_r05,CHK1,0.4655511811023622,0.9112050739957717,0.7339513514909247,0.6357308584686775,0.5104979580308997,2.7636991308978534,1.0,0.9535962877030162,0.988399071925754,0.9721577726218097,0.9327146171693735,1.0,0.0,0.0,0.3149075885905021,0.4242125984251969,0.9535962877030162,0.5104979580308997,2.7636991308978534,1.1009345794392524,0.9663551401869162,0.698672897196262,1.1009345794392524,0.9663551401869162,0.698672897196262,0.7322061961880934,1.0,434.0,1016.0,1.1009345794392524,0.9663551401869162,0.698672897196262,0.7360395911375565,1016,441,107.24,0.1055,1112.25,2.5221,1219.49,2.6277
REINVENT,run_20260430_220204_r05,ITK,0.9541015625,1.0,0.8223712812650502,0.9263050153531218,0.6371297982071265,2.8969213195305534,0.7379733879222109,0.9667128987517337,0.9815762538382804,0.9856704196519959,0.9396110542476971,1.0,0.0,0.0,0.23383599922490517,0.7041015625,0.9667128987517337,0.6371297982071265,2.8969213195305534,1.6749174917491754,1.4768976897689772,1.0066831683168318,1.6749174917491754,1.4768976897689772,1.0066831683168318,1.0886907294245054,1.0,511.0,244.0,1.6749174917491754,1.4768976897689772,1.0066831683168318,1.0886907294245054,1024,679,64.74,0.0632,1706.72,2.5136,1771.47,2.5768
GenMol,run_20260527_070234_r01,PptT,1.0,0.613,0.707244693023559,0.4828711256117455,0.6087000726361679,2.658734603092839,0.7618270799347472,0.8972162740899358,0.9934747145187602,0.8890701468189234,0.9608482871125612,1.0,0.03,0.027,0.3297977568592527,0.467,0.8972162740899358,0.6087000726361679,2.658734603092839,0.6033280863503485,0.4767258826174949,0.33767708567573623,0.6033280863503485,0.4767258826174949,0.33767708567573623,0.3961713289858332,1.0,300.0,1000.0,0.6033280863503485,0.4767258826174949,0.33767708567573623,0.39624766241553966,1000,672,729.78,0.7298,1062.47,1.5811,1792.25,2.3108
GenMol,run_20260527_070234_r01,ITK,1.0,0.604,0.7512349597702527,0.5397350993377483,0.6857064286911598,2.77329241820184,0.7135761589403974,0.8700696055684455,0.9834437086092715,0.8973509933774835,0.8923841059602649,0.9966887417218543,0.014,0.013,0.4099985805590347,0.429,0.8694638694638694,0.6855385985271124,2.7754912216361163,2.103960396039604,1.7318481848184824,1.1749174917491756,2.103960396039604,1.7318481848184824,1.1749174917491756,1.309907178217822,1.0,477.0,117.0,2.103960396039604,1.7318481848184824,1.1749174917491756,1.309907178217822,1000,632,356.85,0.3569,1086.03,1.7184,1442.88,2.0753
REINVENT,run_20260430_220204_r04,VEGFR2,0.017892644135188866,1.0,0.7070995501997945,1.0,0.6217959382856273,2.7370828879195352,1.0,1.0,1.0,1.0,1.0,1.0,0.0,0.0,0.22711938799570497,0.017892644135188866,1.0,0.6217959382856273,2.7370828879195352,0.0,0.0,0.0,-0.7217146872803936,-0.8078004216444132,-0.8078004216444132,0.0,1.0,1.0,1006.0,0.0,0.0,0.0,0.0,1006,18,40.16,0.0399,301.84,16.7688,341.99,16.8087
REINVENT,run_20260430_220204_r05,TTK,0.7463271302644466,0.9750656167979003,0.7044320997706217,0.5841184387617766,0.6800890885307692,2.6634298526476012,1.0,0.9246298788694481,0.9932705248990579,0.9313593539703903,0.9623149394347241,1.0,0.0,0.0,0.31030132960631907,0.7277179236043095,0.9246298788694481,0.6800890885307692,2.6634298526476012,0.9761663286004059,0.8105983772819474,0.5085699797160244,0.9761663286004059,0.8105983772819474,0.5085699797160244,0.6391909604194272,1.0,317.0,1021.0,0.9761663286004059,0.8105983772819474,0.5085699797160244,0.6392833152939876,1021,683,88.24,0.0864,1652.29,2.4192,1740.53,2.5056
REINVENT,run_20260430_220204_r05,DPP4,0.7565982404692082,0.9689922480620154,0.7220689112475058,0.6293333333333333,0.7369960437214277,3.317219044888909,0.744,0.978494623655914,0.996,0.9773333333333334,0.9426666666666667,1.0,0.003875968992248062,0.002932551319648094,0.333367815130561,0.5454545454545454,0.978494623655914,0.7369960437214277,3.317219044888909,1.6581875993640696,1.4169316375198726,0.8611287758346569,1.6581875993640696,1.4169316375198726,0.8611287758346569,1.2076867578290729,1.0,192.0,183.0,1.6581875993640696,1.4169316375198726,0.8611287758346569,1.2076867578290729,1023,555,86.86,0.0849,821.27,1.4798,908.13,1.5647
GenMol,run_20260527_070234_r01,TTK,1.0,0.614,0.7574070711775757,0.501628664495114,0.675098092872014,2.7149223837640406,0.5846905537459284,0.9192200557103064,0.995114006514658,0.8729641693811075,0.8908794788273615,0.998371335504886,0.019,0.019,0.364637496117765,0.358,0.9189944134078212,0.6753352629050979,2.715740350585146,0.9584178498985801,0.8397565922920893,0.62223630831643,0.9584178498985801,0.8397565922920893,0.62223630831643,0.6717169640844843,1.0,355.0,1000.0,0.9584178498985801,0.8397565922920893,0.62223630831643,0.6720318728065938,1000,573,354.04,0.354,1280.69,2.2351,1634.73,2.5891
GenMol,run_20260527_070234_r01,DPP4,1.0,0.709,0.7801400742686991,0.48660084626234135,0.7503618330547923,3.164360767064412,0.2947813822284908,0.8899521531100478,0.995768688293371,0.8377997179125529,0.9492242595204513,0.995768688293371,0.002,0.002,0.38105782606719113,0.206,0.8883495145631068,0.7496934469554891,3.1644605622384865,0.93879173290938,0.7476152623211446,0.4635930047694753,0.93879173290938,0.7476152623211446,0.4635930047694753,0.6247551271860096,1.0,254.0,1000.0,0.93879173290938,0.7476152623211446,0.4635930047694753,0.6247551271860096,1000,314,363.97,0.364,385.05,1.2263,749.02,1.5902
GenMol,run_20260527_070234_r01,VEGFR2,1.0,0.566,0.7965150194094671,0.4558303886925795,0.5969077676240441,2.7663462055272086,0.7420494699646644,0.8833333333333333,0.9964664310954063,0.9151943462897526,0.892226148409894,0.9929328621908127,0.006,0.006,0.3308841044908893,0.416,0.8822115384615384,0.5967409985224348,2.7702796671218555,0.88756148981026,0.786015460295151,0.44462403373155285,0.88756148981026,0.786015460295151,0.44462403373155285,0.6141336964160226,1.0,227.0,1000.0,0.88756148981026,0.786015460295151,0.44462403373155285,0.6141336964160226,1000,682,356.93,0.3569,727.19,1.0663,1084.13,1.4232
GenMol,run_20260527_070234_r01,PEPCK,1.0,0.682,0.6877907327862685,0.44868035190615835,0.44783569969740794,2.9453200471196577,0.27419354838709675,0.7540106951871658,0.9868035190615836,0.8709677419354839,0.6920821114369502,1.0,0.009,0.009,0.4167354876214369,0.187,0.7540106951871658,0.44783569969740794,2.9453200471196577,1.5525691699604742,1.3513833992094866,0.999130434782609,1.5525691699604742,1.3513833992094866,0.999130434782609,1.1850976472802563,1.0,119.0,35.0,1.5525691699604742,1.3513833992094866,0.999130434782609,1.1883624866679217,1000,235,354.6,0.3546,1555.64,6.6197,1910.24,6.9743
REINVENT,run_20260430_220204_r05,VEGFR2,0.01383399209486166,1.0,0.6940642746895637,1.0,0.5928376186214716,2.8372651955510833,1.0,0.8571428571428571,0.9285714285714286,0.9285714285714286,1.0,1.0,0.0,0.0,0.231408311279846,0.01383399209486166,0.8571428571428571,0.5928376186214716,2.8372651955510833,0.0,0.0,0.0,-0.7955024595924105,-0.7955024595924105,-0.7955024595924105,0.0,1.0,1.0,1012.0,0.0,0.0,0.0,0.0,1012,12,42.32,0.0418,262.4,21.8663,304.72,21.9081
REINVENT,run_20260430_220204_r05,PEPCK,0.9112595419847328,0.5591623036649215,0.45155609497286875,0.2696629213483146,0.3783190931655469,2.738200296378546,1.0,0.9569288389513109,1.0,0.9812734082397003,0.6048689138576779,0.9925093632958801,0.0,0.0,0.6405090352571028,0.5057251908396947,0.9566037735849057,0.3781629300920183,2.7395248607986575,1.505138339920949,1.3667984189723321,1.0985770750988137,1.505138339920949,1.3667984189723321,1.0985770750988137,1.2128564101016805,1.0,140.0,111.0,1.505138339920949,1.3667984189723321,1.0985770750988137,1.2146698077570548,1048,884,100.41,0.0958,3003.31,3.3974,3103.72,3.4932
GenMol,run_20260527_070234_r02,PptT,1.0,0.561,0.708038740652887,0.42245989304812837,0.6736133537209035,2.5501664767861323,0.6916221033868093,0.8814432989690721,0.9982174688057041,0.8894830659536542,0.9447415329768271,1.0,0.006,0.006,0.316867937723177,0.388,0.8814432989690721,0.6736133537209035,2.5501664767861323,0.4729030807285812,0.4541263773330336,0.34756015291207576,0.4729030807285812,0.4541263773330336,0.34756015291207576,0.3694827320719159,1.0,229.0,1000.0,0.4729030807285812,0.4541263773330336,0.34756015291207576,0.36959514886083367,1000,673,708.84,0.7088,830.17,1.2335,1539.01,1.9424
GenMol,run_20260527_070234_r02,PEPCK,1.0,0.707,0.6727147936017223,0.3734087694483734,0.47365735533143777,2.8973818682463164,0.31541725601131543,0.9282511210762332,0.9915134370579916,0.8953323903818954,0.7553041018387553,0.9971711456859972,0.013,0.011,0.45068392175511485,0.221,0.9276018099547512,0.47377237200414146,2.8986044608762502,1.505138339920949,1.3122529644268777,0.933833992094862,1.505138339920949,1.3122529644268777,0.933833992094862,1.073111361440492,1.0,557.0,120.0,1.505138339920949,1.3122529644268777,0.933833992094862,1.0753147819813038,1000,307,357.12,0.3571,1486.0,4.8404,1843.12,5.1975
GenMol,run_20260527_070234_r02,DPP4,1.0,0.644,0.7785598649418258,0.5232919254658385,0.7281911045302195,3.187693715826439,0.31211180124223603,0.9104477611940298,0.9767080745341615,0.8586956521739131,0.8866459627329193,1.0,0.001,0.001,0.24577677405617426,0.201,0.9104477611940298,0.7281911045302195,3.187693715826439,0.9944356120826705,0.8028616852146262,0.4537360890302067,0.9944356120826705,0.8028616852146262,0.4537360890302067,0.5756480127186009,1.0,509.0,1000.0,0.9944356120826705,0.8028616852146262,0.4537360890302067,0.5756480127186009,1000,315,355.07,0.3551,321.86,1.0218,676.93,1.3768
GenMol,run_20260527_070234_r03,TTK,1.0,0.671,0.7438857550475051,0.36959761549925485,0.7013099467881667,2.722097733372272,0.5991058122205664,0.8631840796019901,0.9955290611028316,0.8643815201192251,0.910581222056632,1.0,0.011,0.011,0.29848827511166415,0.402,0.8631840796019901,0.7013099467881667,2.722097733372272,1.075050709939148,0.9366125760649087,0.5598884381338742,1.075050709939148,0.9366125760649087,0.5598884381338742,0.530792329719244,1.0,942.0,1000.0,1.075050709939148,0.9366125760649087,0.5598884381338742,0.5309313624875237,1000,569,357.76,0.3578,1052.91,1.8505,1410.67,2.2082
GenMol,run_20260527_070234_r01,CHK1,1.0,0.656,0.6816080253323464,0.5304878048780488,0.4269334517503846,2.9208217528408107,0.8932926829268293,0.8805460750853242,0.9954268292682927,0.9054878048780488,0.7987804878048781,0.9969512195121951,0.024,0.023,0.4167365936644621,0.584,0.8801369863013698,0.42682931185885237,2.9221010943919614,1.166355140186916,0.9601869158878505,0.7697570093457942,1.166355140186916,0.9601869158878505,0.7697570093457942,0.7636331775700935,1.0,354.0,1000.0,1.166355140186916,0.9601869158878505,0.7697570093457942,0.7637989133659696,1000,730,358.74,0.3587,3145.56,4.309,3504.3,4.6677
GenMol,run_20260527_070234_r02,CHK1,1.0,0.722,0.7350741118444357,0.4168975069252078,0.43485485388755996,2.8185760023652917,0.9002770083102493,0.6984615384615385,0.997229916897507,0.9058171745152355,0.5013850415512465,0.9986149584487535,0.034,0.034,0.27587710765882195,0.649,0.6979969183359014,0.434640298937929,2.8195970940791324,1.3532710280373834,1.055514018691589,0.816280373831776,1.3532710280373834,1.055514018691589,0.816280373831776,0.760430186915888,1.0,746.0,985.0,1.3532710280373834,1.055514018691589,0.816280373831776,0.7611263454977006,1000,618,381.83,0.3818,1336.71,2.163,1718.54,2.5448
GenMol,run_20260527_070234_r03,PEPCK,1.0,0.702,0.6807534207188705,0.45726495726495725,0.4647494778341793,2.8974920593615265,0.2706552706552707,0.868421052631579,0.9886039886039886,0.9017094017094017,0.7877492877492878,0.9985754985754985,0.007,0.007,0.4935017676625932,0.189,0.8677248677248677,0.46486435489375316,2.897826787126319,1.260079051383399,1.0794466403162055,0.7441106719367595,1.260079051383399,1.0794466403162055,0.7441106719367595,0.9774603886693016,1.0,47.0,501.0,1.260079051383399,1.0794466403162055,0.7441106719367595,0.9786538521864608,1000,240,358.05,0.3581,1243.33,5.1806,1601.39,5.5386
GenMol,run_20260527_070234_r03,CHK1,1.0,0.698,0.7177732496562099,0.3653295128939828,0.4774093577013166,3.1013188301539247,0.9183381088825215,0.7893915756630265,0.9899713467048711,0.9312320916905444,0.5501432664756447,0.995702005730659,0.016,0.016,0.25440579534358143,0.638,0.7884012539184952,0.4764212837933258,3.104010451086053,1.1570093457943929,1.0078504672897197,0.80381308411215,1.1570093457943929,1.0078504672897197,0.80381308411215,0.7784752744399941,1.0,342.0,990.0,1.1570093457943929,1.0078504672897197,0.80381308411215,0.7785790290758048,1000,734,358.66,0.3587,1309.41,1.7839,1668.06,2.1426
GenMol,run_20260527_070234_r03,PptT,1.0,0.64,0.7164290735505408,0.4875,0.7049640184573972,2.8039854700013045,0.75,0.9020833333333333,0.9984375,0.9140625,0.925,1.0,0.034,0.031,0.30472362796158753,0.48,0.9020833333333333,0.7049640184573972,2.8039854700013045,0.47177872723184167,0.39768383179671696,0.2826287384753768,0.47177872723184167,0.39768383179671696,0.2826287384753768,0.30269922981785474,1.0,537.0,1000.0,0.47177872723184167,0.39768383179671696,0.2826287384753768,0.3027304718536841,1000,674,706.27,0.7063,741.59,1.1003,1447.86,1.8066
GenMol,run_20260527_070234_r02,TTK,1.0,0.535,0.7077994065836657,0.4261682242990654,0.6730613073211703,2.7870186454188364,0.5607476635514018,0.8466666666666667,0.9925233644859813,0.8242990654205608,0.9869158878504672,0.9981308411214953,0.016,0.016,0.4590435778404545,0.299,0.8461538461538461,0.6729622368647815,2.7879432350644926,0.9736308316430022,0.8382352941176471,0.5877535496957407,0.9736308316430022,0.8382352941176471,0.5877535496957407,0.6823302414356547,1.0,232.0,1000.0,0.9736308316430022,0.8382352941176471,0.5877535496957407,0.6823382946569432,1000,538,356.01,0.356,1039.79,1.9327,1395.8,2.2887
GenMol,run_20260527_070234_r03,VEGFR2,1.0,0.555,0.8050842085327189,0.4900900900900901,0.6292612154579421,2.5785536961991697,0.6144144144144145,0.8475073313782991,0.9855855855855856,0.8702702702702703,0.9477477477477477,0.9927927927927928,0.02,0.02,0.3600840012185253,0.337,0.8456973293768546,0.6290221215236376,2.580969894908048,0.8910751932536892,0.7550948699929725,0.44859451862262767,0.8910751932536892,0.7550948699929725,0.44859451862262767,0.5665774771609277,1.0,359.0,1000.0,0.8910751932536892,0.7550948699929725,0.44859451862262767,0.5665774771609277,1000,586,356.92,0.3569,472.34,0.806,829.26,1.163
GenMol,run_20260527_070234_r03,DPP4,1.0,0.731,0.7948381938685184,0.4418604651162791,0.7222281094437818,3.225337460358427,0.20930232558139536,0.934640522875817,0.9972640218878249,0.8495212038303693,0.9261285909712722,0.9986320109439124,0.004,0.004,0.30334318303051344,0.152,0.9342105263157895,0.7219910947276048,3.225399572750898,1.4197138314785371,1.0695548489666133,0.6186009538950716,1.4197138314785371,1.0695548489666133,0.6186009538950716,0.7170559220985693,1.0,754.0,821.0,1.4197138314785371,1.0695548489666133,0.6186009538950716,0.7170559220985693,1000,281,353.64,0.3536,285.43,1.0158,639.06,1.3694
GenMol,run_20260527_070234_r03,ITK,1.0,0.673,0.792457838687781,0.512630014858841,0.7237359445176529,3.0751922453204865,0.7518573551263001,0.8952569169960475,0.9940564635958395,0.8974739970282318,0.9895988112927192,0.9985141158989599,0.022,0.022,0.2852029318922428,0.505,0.8950495049504951,0.7237806401714012,3.0764415178721114,1.402640264026403,1.2318481848184821,0.8846947194719473,1.402640264026403,1.2318481848184821,0.8846947194719473,0.8278820132013205,1.0,527.0,527.0,1.402640264026403,1.2318481848184821,0.8846947194719473,0.8278820132013205,1000,646,355.9,0.3559,648.4,1.0037,1004.3,1.3596
GenMol,run_20260527_070234_r02,VEGFR2,1.0,0.527,0.7443943311630699,0.5939278937381404,0.6328864572050403,2.594565971388239,0.7912713472485768,0.8848920863309353,0.9943074003795066,0.9165085388994307,0.8671726755218216,0.9962049335863378,0.015,0.015,0.4082486963628331,0.415,0.8843373493975903,0.6326590322028229,2.596002389584501,1.3162333099086438,1.04427266338721,0.5114195361911456,1.3162333099086438,1.04427266338721,0.5114195361911456,0.5541654954321855,1.0,685.0,994.0,1.3162333099086438,1.04427266338721,0.5114195361911456,0.5541654954321855,1000,728,357.79,0.3578,570.81,0.7841,928.6,1.1419
GenMol,run_20260527_070234_r04,CHK1,1.0,0.681,0.7514851102232649,0.47723935389133626,0.43555785479419085,2.9961249074267644,0.8766519823788547,0.7621440536013401,0.9955947136563876,0.9074889867841409,0.5947136563876652,1.0,0.051,0.048,0.24233165447250882,0.597,0.7621440536013401,0.43555785479419085,2.9961249074267644,1.108411214953271,1.01588785046729,0.8359999999999995,1.108411214953271,1.01588785046729,0.8359999999999995,0.8093417378727192,1.0,433.0,985.0,1.108411214953271,1.01588785046729,0.8359999999999995,0.8104078875537755,1000,636,358.47,0.3585,1118.42,1.7585,1476.89,2.117
GenMol,run_20260527_070234_r04,PptT,1.0,0.567,0.722579948322581,0.5097001763668431,0.6671621544561173,2.61684504540514,0.6578483245149912,0.9276139410187667,1.0,0.9312169312169312,0.9541446208112875,1.0,0.031,0.024,0.3210537060555899,0.373,0.9276139410187667,0.6671621544561173,2.61684504540514,0.6393073982460086,0.5404767258826175,0.3592309422082306,0.6393073982460086,0.5404767258826175,0.3592309422082306,0.3610407578142569,1.0,602.0,1000.0,0.6393073982460086,0.5404767258826175,0.3592309422082306,0.3610865113274154,1000,652,706.43,0.7064,649.5,0.9962,1355.92,1.7026
GenMol,run_20260527_070234_r04,DPP4,1.0,0.721,0.7885946096914224,0.4535367545076283,0.7235778580799892,3.153173422562505,0.2884882108183079,0.9134615384615384,1.0,0.826629680998613,0.869625520110957,0.9986130374479889,0.004,0.004,0.3643460856748783,0.207,0.9130434782608695,0.7233370406165847,3.153116354031023,1.686009538950715,1.1279809220985686,0.7257949125596187,1.686009538950715,1.1279809220985686,0.7257949125596187,0.7878635930047692,1.0,570.0,636.0,1.686009538950715,1.1279809220985686,0.7257949125596187,0.7878635930047692,1000,328,354.35,0.3543,627.51,1.9131,981.86,2.2675
GenMol,run_20260527_070234_r04,PEPCK,1.0,0.707,0.6821150791515131,0.42998585572843,0.4559301834339755,3.1113461581558144,0.2871287128712871,0.896551724137931,0.9929278642149929,0.8953323903818954,0.6718528995756718,0.9971711456859972,0.004,0.004,0.4454758507506725,0.201,0.8955223880597015,0.45618887597132673,3.1128532231581802,1.3075098814229251,1.189723320158103,0.9407905138339925,1.3075098814229251,1.189723320158103,0.9407905138339925,1.0631402958152962,1.0,182.0,191.0,1.3075098814229251,1.189723320158103,0.9407905138339925,1.0645597998619742,1000,257,356.89,0.3569,1722.3,6.7016,2079.2,7.0585
GenMol,run_20260527_070234_r04,ITK,1.0,0.577,0.7675340871605237,0.5303292894280762,0.6809947494978053,2.6044609653285784,0.658578856152513,0.8526315789473684,0.9913344887348353,0.8596187175043327,0.9722703639514731,0.9930675909878682,0.017,0.017,0.3851779873810967,0.376,0.851063829787234,0.6803685394478641,2.608327181843187,1.5429042904290433,1.3411716171617165,0.9328382838283826,1.5429042904290433,1.3411716171617165,0.9328382838283826,0.9831726485148518,1.0,480.0,428.0,1.5429042904290433,1.3411716171617165,0.9328382838283826,0.9831726485148518,1000,617,356.59,0.3566,661.11,1.0715,1017.7,1.4281
GenMol,run_20260527_070234_r05,PptT,1.0,0.628,0.7130649949439148,0.44904458598726116,0.6529089338257429,3.136170769175358,0.7006369426751592,0.8795454545454545,0.9984076433121019,0.9060509554140127,0.8280254777070064,1.0,0.007,0.007,0.2813856977423714,0.44,0.8795454545454545,0.6529089338257429,3.136170769175358,0.5336181695525074,0.4441196312120531,0.3473577692826625,0.5336181695525074,0.4441196312120531,0.3473577692826625,0.34658809086560943,1.0,489.0,1000.0,0.5336181695525074,0.4441196312120531,0.3473577692826625,0.3467349162624348,1000,687,708.04,0.708,980.6,1.4274,1688.64,2.1354
GenMol,run_20260527_070234_r04,VEGFR2,1.0,0.522,0.7620670702036563,0.4846743295019157,0.6398466355580655,2.706040169204556,0.7681992337164751,0.8254364089775561,0.9961685823754789,0.8620689655172413,0.9348659003831418,0.9980842911877394,0.013,0.013,0.375909994053075,0.4,0.825,0.6399488569856859,2.7070723279640485,1.1791988756148981,1.0263527758257203,0.5402670414617006,1.1791988756148981,1.0263527758257203,0.5402670414617006,0.6273489458889671,1.0,857.0,988.0,1.1791988756148981,1.0263527758257203,0.5402670414617006,0.6273489458889671,1000,662,357.48,0.3575,466.01,0.7039,823.49,1.0614
GenMol,run_20260527_070234_r05,PEPCK,1.0,0.734,0.671174099432703,0.43460490463215257,0.4423885876449825,2.9240504561773952,0.29836512261580383,0.9041095890410958,0.9931880108991825,0.9073569482288828,0.6743869209809265,0.997275204359673,0.01,0.007,0.49795382881896677,0.217,0.9032258064516129,0.4426007393488824,2.9249901958259077,1.540711462450593,1.2632411067193678,1.0242292490118579,1.540711462450593,1.2632411067193678,1.0242292490118579,1.079520045485915,1.0,309.0,122.0,1.540711462450593,1.2632411067193678,1.0242292490118579,1.0813583803877282,1000,286,359.51,0.3595,1933.36,6.76,2292.86,7.1195
GenMol,run_20260527_070234_r05,ITK,1.0,0.548,0.7685473001741672,0.5182481751824818,0.730749297491771,2.6890779152897295,0.6642335766423357,0.9175824175824175,0.9890510948905109,0.9197080291970803,0.9927007299270073,0.9963503649635036,0.042,0.04,0.3962136226860051,0.362,0.9171270718232044,0.730569672016091,2.691566275045806,1.1344884488448848,1.0742574257425745,0.7368811881188121,1.1344884488448848,1.0742574257425745,0.7368811881188121,0.7863341584158418,1.0,606.0,826.0,1.1344884488448848,1.0742574257425745,0.7368811881188121,0.7863341584158418,1000,649,356.96,0.357,574.86,0.8858,931.82,1.2427
GenMol,run_20260527_070234_r05,CHK1,1.0,0.671,0.7002785117407437,0.4113263785394933,0.36522417865173573,3.2922498952840464,0.9388971684053651,0.6349206349206349,0.9865871833084948,0.8077496274217586,0.46944858420268254,1.0,0.01,0.01,0.23039807893788136,0.63,0.6349206349206349,0.36522417865173573,3.2922498952840464,0.9757009345794394,0.893084112149533,0.7777570093457946,0.9757009345794394,0.893084112149533,0.7777570093457946,0.7944358878504674,1.0,215.0,1000.0,0.9757009345794394,0.893084112149533,0.7777570093457946,0.795089756712654,1000,627,362.54,0.3625,1882.01,3.0016,2244.56,3.3642
GenMol,run_20260527_070234_r04,TTK,1.0,0.646,0.7831520770773506,0.456656346749226,0.7057434717634574,2.8038980252892785,0.5325077399380805,0.8662790697674418,0.9969040247678018,0.8421052631578947,0.8900928792569659,1.0,0.016,0.015,0.2833569575204185,0.344,0.8662790697674418,0.7057434717634574,2.8038980252892785,0.9837728194726166,0.7294624746450301,0.4837728194726166,0.9837728194726166,0.7294624746450301,0.4837728194726166,0.5062865886297047,1.0,753.0,1000.0,0.9837728194726166,0.7294624746450301,0.4837728194726166,0.5063547140120416,1000,511,355.78,0.3558,851.25,1.6659,1207.03,2.0216
InVirtuoGen,run_20260624_095011_r01,CHK1,0.276,0.2391304347826087,0.6647866616601035,0.3939393939393939,0.43153943023292196,2.8645386406518747,0.9393939393939394,0.9354838709677419,0.9848484848484849,0.9393939393939394,0.8484848484848485,1.0,0.4891304347826087,0.032,0.334340323224047,0.062,0.9354838709677419,0.43153943023292196,2.8645386406518747,0.7252336448598132,0.6869158878504673,0.542392523364486,0.7252336448598132,0.6869158878504673,0.542392523364486,0.5568071947782228,1.0,369.0,1000.0,0.7252336448598132,0.6869158878504673,0.542392523364486,0.5568071947782228,1000,267,79.77,0.0798,260.11,0.9742,339.87,1.0539
GenMol,run_20260527_070234_r02,ITK,1.0,0.586,0.7618053879909771,0.5341296928327645,0.7112516926622813,2.797973936757773,0.726962457337884,0.852112676056338,0.9931740614334471,0.8771331058020477,0.9726962457337884,0.9965870307167235,0.036,0.034,0.3766367931018594,0.424,0.8514150943396226,0.7110169825263561,2.800673314274474,1.5759075907590763,1.3382838283828389,0.9734323432343237,1.5759075907590763,1.3382838283828389,0.9734323432343237,0.9437982673267328,1.0,616.0,417.0,1.5759075907590763,1.3382838283828389,0.9734323432343237,0.9437982673267328,1000,656,358.52,0.3585,969.55,1.478,1328.08,1.8365
InVirtuoGen,run_20260624_095011_r01,DPP4,0.975,0.72,0.6774097686313951,0.39886039886039887,0.7473613295674479,3.3998271514876555,0.46296296296296297,0.9723076923076923,0.9971509971509972,0.9643874643874644,0.9957264957264957,1.0,0.4584615384615385,0.205,0.2556018954070029,0.325,0.9723076923076923,0.7473613295674479,3.3998271514876555,0.7321144674085845,0.5771065182829884,0.2011270724506017,0.7321144674085845,0.5771065182829884,0.046431410401998365,0.2727639109697932,1.0,756.0,1000.0,0.7321144674085845,0.5771065182829884,0.2011270724506017,0.2727639109697932,1000,333,75.07,0.0751,237.75,0.714,312.82,0.789
InVirtuoGen,run_20260624_095011_r01,ITK,0.372,0.13978494623655913,0.7940729629800447,0.7884615384615384,0.7051251755841499,2.8086491589336355,0.6153846153846154,0.875,1.0,0.8653846153846154,0.9615384615384616,1.0,0.8118279569892473,0.03,0.20457448835152336,0.032,0.875,0.7051251755841499,2.8086491589336355,0.9818481848184824,0.8663366336633667,0.42396864686468666,0.9818481848184824,0.8663366336633667,0.32632013201320115,0.7308551063439679,1.0,206.0,1000.0,0.9818481848184824,0.8663366336633667,0.42396864686468666,0.7308706797763111,1000,119,75.56,0.0756,125.54,1.055,201.1,1.1305
InVirtuoGen,run_20260624_095011_r01,VEGFR2,0.818,1.0,0.7519220161605291,0.9511002444987775,0.5560335957829047,3.3955883176360424,0.9975550122249389,0.8811274509803921,0.988997555012225,0.9266503667481663,0.8117359413202934,1.0,0.0024449877750611247,0.002,0.25169058928982574,0.816,0.8811274509803921,0.5560335957829047,3.3955883176360424,1.1756851721714687,0.9581869290231906,0.42080112438510153,1.1756851721714687,0.9581869290231906,0.42080112438510153,0.6629316584680253,1.0,504.0,1000.0,1.1756851721714687,0.9581869290231906,0.42080112438510153,0.6629316584680253,1000,719,75.69,0.0757,603.91,0.8399,679.61,0.9156
InVirtuoGen,run_20260624_095011_r02,PEPCK,0.101,0.6138613861386139,0.5093730487234956,0.7258064516129032,0.32074620556713995,3.349786285561257,0.9354838709677419,0.8620689655172413,1.0,0.8548387096774194,0.5161290322580645,1.0,0.25742574257425743,0.013,0.5523546156394126,0.058,0.8620689655172413,0.32074620556713995,3.349786285561257,1.584189723320158,1.4869565217391307,0.874321929944119,1.584189723320158,1.4869565217391307,0.856303666348644,1.1720766798418971,1.0,371.0,230.0,1.584189723320158,1.4869565217391307,0.874321929944119,1.1751962805069327,1000,86,75.5,0.0755,724.29,8.422,799.79,8.4975
InVirtuoGen,run_20260624_095011_r02,TTK,0.126,0.7063492063492064,0.7066475665784077,0.5955056179775281,0.5977811470680879,3.9659540511933797,0.9662921348314607,0.8372093023255814,0.9887640449438202,0.8539325842696629,0.9662921348314607,1.0,0.5952380952380952,0.043,0.2786811338935092,0.086,0.8372093023255814,0.5977811470680879,3.9659540511933797,0.6541582150101418,0.5834178498985803,0.29140104317589116,0.6541582150101418,0.5834178498985803,0.24707512315270944,0.5382134415547829,1.0,87.0,1000.0,0.6541582150101418,0.5834178498985803,0.29140104317589116,0.5390507843942175,1000,99,77.95,0.0779,515.87,5.2108,593.81,5.2887
InVirtuoGen,run_20260624_095011_r01,TTK,0.144,0.7361111111111112,0.6941840279225673,0.5471698113207547,0.5809090094223158,2.9741804519520434,0.9622641509433962,0.7450980392156863,0.9528301886792453,0.8207547169811321,0.9245283018867925,1.0,0.6388888888888888,0.059,0.3202966296781125,0.102,0.7450980392156863,0.5809090094223158,2.9741804519520434,0.9634888438133874,0.6201825557809332,0.18460368232173502,0.9634888438133874,0.6201825557809332,0.052514042752379406,0.5575313838178949,1.0,88.0,1000.0,0.9634888438133874,0.6201825557809332,0.18460368232173502,0.5575313838178949,1000,106,78.44,0.0784,491.06,4.6327,569.5,4.7111
GenMol,run_20260527_070234_r05,DPP4,1.0,0.656,0.7522276979155242,0.4253048780487805,0.6621222146113603,3.141528267577016,0.33384146341463417,0.8356164383561644,0.9862804878048781,0.823170731707317,0.7652439024390244,1.0,0.002,0.002,0.26949528734930406,0.219,0.8356164383561644,0.6621222146113603,3.141528267577016,1.3441971383147853,1.223370429252782,0.871422893481715,1.3441971383147853,1.223370429252782,0.871422893481715,0.8600399046104927,1.0,549.0,553.0,1.3441971383147853,1.223370429252782,0.871422893481715,0.8600399046104927,1000,335,356.3,0.3563,600.75,1.7933,957.05,2.1496
InVirtuoGen,run_20260624_095011_r02,CHK1,0.263,0.20152091254752852,0.6532945418130656,0.3018867924528302,0.49689477902639134,3.0467751955118483,1.0,1.0,1.0,1.0,0.7547169811320755,1.0,0.6920152091254753,0.023,0.4069913591092057,0.053,1.0,0.49689477902639134,3.0467751955118483,0.7177570093457943,0.42299065420560744,0.22616822429906536,0.7177570093457943,0.42299065420560744,0.22616822429906536,0.38646545838896307,1.0,88.0,1000.0,0.7177570093457943,0.42299065420560744,0.22616822429906536,0.38673609182613855,1000,263,78.65,0.0786,779.34,2.9633,857.99,3.0419
InVirtuoGen,run_20260624_095011_r02,ITK,0.402,0.13432835820895522,0.8064330815944634,0.6296296296296297,0.6865272459183819,3.178696183303626,0.5555555555555556,0.9,1.0,0.8148148148148148,1.0,1.0,0.945273631840796,0.034,0.20403465668874723,0.03,0.9,0.6865272459183819,3.178696183303626,1.1097359735973598,0.7516501650165018,0.16509433962264156,1.1097359735973598,0.7516501650165018,-0.014244348963198148,0.5892234516606423,1.0,644.0,1000.0,1.1097359735973598,0.7516501650165018,0.16509433962264156,0.5892803365157945,1000,60,75.56,0.0756,108.69,1.8115,184.26,1.8871
InVirtuoGen,run_20260624_095011_r01,PEPCK,0.06,0.9166666666666666,0.5169203686583277,0.6181818181818182,0.31265576694189157,3.3058405581190877,0.9272727272727272,0.8431372549019608,1.0,0.8545454545454545,0.45454545454545453,1.0,0.35,0.019,0.5798439870071769,0.051,0.8431372549019608,0.31265576694189157,3.3058405581190877,1.6869565217391305,1.3051383399209489,0.7656402242853203,1.6869565217391305,1.3051383399209489,0.7656402242853203,0.9779433396072528,1.0,370.0,370.0,1.6869565217391305,1.3051383399209489,0.7656402242853203,0.9889704677206853,1000,48,77.52,0.0775,314.78,6.5579,392.29,6.6354
InVirtuoGen,run_20260624_095011_r03,DPP4,0.81,0.8851851851851852,0.7105558648320682,0.6192468619246861,0.6468064175145707,3.485027988084769,0.4393305439330544,0.9365079365079365,0.9944211994421199,0.9386331938633193,0.9609483960948396,1.0,0.4012345679012346,0.236,0.25134784255268783,0.315,0.9365079365079365,0.6468064175145707,3.485027988084769,1.018282988871224,0.7086645468998407,0.2930486267200262,1.018282988871224,0.7086645468998407,0.07411874348993995,0.40441275834658175,1.0,790.0,1000.0,1.018282988871224,0.7086645468998407,0.2930486267200262,0.40441275834658175,1000,297,67.66,0.0677,382.95,1.2894,450.61,1.3571
GenMol,run_20260527_070234_r05,VEGFR2,1.0,0.528,0.7722837999438111,0.5757575757575758,0.6068955246058926,2.655626181303363,0.75,0.8813131313131313,0.9962121212121212,0.9071969696969697,0.8882575757575758,0.9962121212121212,0.018,0.018,0.3851218693460021,0.394,0.8807106598984772,0.6071385487963908,2.656924450503184,1.2037947997189038,1.0203794799718904,0.6538650737877724,1.2037947997189038,1.0203794799718904,0.6538650737877724,0.666604216444132,1.0,624.0,976.0,1.2037947997189038,1.0203794799718904,0.6538650737877724,0.666604216444132,1000,655,357.24,0.3572,694.59,1.0604,1051.83,1.4177
InVirtuoGen,run_20260624_095011_r01,PptT,0.326,0.254601226993865,0.6975692162743496,0.30120481927710846,0.6213121317237753,3.2397942600073795,0.7349397590361446,0.9672131147540983,1.0,0.9397590361445783,0.9518072289156626,1.0,0.6533742331288344,0.051,0.2840932463246396,0.061,0.9672131147540983,0.6213121317237753,3.2397942600073795,0.6764110636384079,0.5345176523498989,0.2731684281538117,0.6764110636384079,0.5345176523498989,0.25085450865752207,0.38399102292967263,1.0,350.0,1000.0,0.6764110636384079,0.5345176523498989,0.2731684281538117,0.3841575165708289,1000,239,82.58,0.0826,609.91,2.5519,692.49,2.6345
InVirtuoGen,run_20260624_095011_r03,CHK1,0.385,0.14025974025974025,0.6181583924393061,0.5,0.5808803505777841,2.8366670308985635,0.9444444444444444,0.9803921568627451,1.0,0.9814814814814815,0.7037037037037037,1.0,0.787012987012987,0.027,0.39843450804216834,0.051,0.9803921568627451,0.5808803505777841,2.8366670308985635,0.7009345794392523,0.7009345794392523,0.6163364485981311,0.7009345794392523,0.7009345794392523,0.6163364485981311,0.5818869678089305,1.0,310.0,1000.0,0.7009345794392523,0.7009345794392523,0.6163364485981311,0.5818869678089305,1000,381,84.64,0.0846,711.06,1.8663,795.7,1.9509
InVirtuoGen,run_20260624_095011_r02,PptT,0.414,0.1280193236714976,0.6410245205387726,0.49056603773584906,0.6067079053286899,3.106168707373529,0.9433962264150944,0.9,0.9811320754716981,0.9056603773584906,1.0,1.0,0.9323671497584541,0.035,0.3307712172412423,0.05,0.9,0.6067079053286899,3.106168707373529,0.4661569597481449,0.3983584438947606,0.10111086125477849,0.4661569597481449,0.3983584438947606,-0.026725882617494937,0.33926046898033635,1.0,91.0,1000.0,0.4661569597481449,0.3983584438947606,0.10111086125477849,0.33961337106163964,1000,334,83.91,0.0839,359.08,1.0751,442.99,1.159
InVirtuoGen,run_20260624_095011_r04,CHK1,0.2743362831858407,0.15207373271889402,0.6463218762799894,0.6666666666666666,0.4603737275295797,2.903595001235438,0.9393939393939394,0.8709677419354839,1.0,0.9393939393939394,0.5151515151515151,1.0,0.3870967741935484,0.008849557522123894,0.40321821689258625,0.039190897597977246,0.8709677419354839,0.4603737275295797,2.903595001235438,0.6299065420560749,0.6280373831775701,0.25501493400134817,0.6299065420560749,0.6280373831775701,0.25501493400134817,0.5342781432039085,1.0,81.0,791.0,0.6299065420560749,0.6280373831775701,0.25501493400134817,0.5342781432039085,1000,307,84.57,0.0846,1504.09,4.8993,1588.66,4.9839
InVirtuoGen,run_20260624_095011_r03,ITK,0.528,0.09659090909090909,0.8124958311887981,0.6470588235294118,0.6917741213591898,2.875331954410563,0.43137254901960786,0.8181818181818182,1.0,0.8627450980392157,1.0,1.0,0.9261363636363636,0.029,0.17651528884583623,0.022,0.8181818181818182,0.6917741213591898,2.875331954410563,0.594059405940594,0.5940594059405939,0.25532178217821777,0.594059405940594,0.5940594059405939,0.13011551155115497,0.445622244813767,1.0,364.0,1000.0,0.594059405940594,0.5940594059405939,0.25532178217821777,0.4456333834276284,1000,111,83.93,0.0839,144.9,1.3054,228.83,1.3893
InVirtuoGen,run_20260624_095011_r03,TTK,0.17,0.8235294117647058,0.7056769518081359,0.6428571428571429,0.5658306674183781,3.0815941352343463,0.95,0.7969924812030075,0.9571428571428572,0.85,0.9,1.0,0.5176470588235295,0.065,0.3048377789518416,0.133,0.7969924812030075,0.5658306674183781,3.0815941352343463,0.7505070993914807,0.5826572008113591,0.20899739206027237,0.7505070993914807,0.5826572008113591,0.13583019414662417,0.4857838136691458,1.0,219.0,1000.0,0.7505070993914807,0.5826572008113591,0.20899739206027237,0.486375123756399,1000,132,84.76,0.0848,461.81,3.4986,546.57,3.5833
InVirtuoGen,run_20260624_095011_r02,DPP4,0.911,0.9198682766190999,0.689663477954375,0.49761336515513127,0.7039943660961825,3.419374031553585,0.4677804295942721,0.9566326530612245,0.9964200477326969,0.9498806682577565,0.9844868735083532,1.0,0.2524698133918771,0.169,0.2640242946485335,0.392,0.9566326530612245,0.7039943660961825,3.419374031553585,1.165341812400636,0.9201112877583466,0.4105782692262057,1.165341812400636,0.9201112877583466,0.31792943074769203,0.5931048092209855,1.0,610.0,1000.0,1.165341812400636,0.9201112877583466,0.4105782692262057,0.5931048092209855,1000,384,69.0,0.069,329.13,0.8571,398.13,0.9261
InVirtuoGen,run_20260624_095011_r02,VEGFR2,0.167,0.40119760479041916,0.714725224907593,0.7910447761194029,0.7017729896139427,3.5401472058343453,0.9104477611940298,0.819672131147541,0.8656716417910447,0.9552238805970149,1.0,1.0,0.6826347305389222,0.031,0.21931472719743852,0.061,0.819672131147541,0.7017729896139427,3.5401472058343453,0.5537596626844696,0.5179198875614899,0.12252785864873005,0.5537596626844696,0.5179198875614899,-0.6403348057423954,0.2787045533134781,1.0,785.0,1000.0,0.5537596626844696,0.5179198875614899,0.12252785864873005,0.27910933975839103,1000,121,74.66,0.0747,172.5,1.4256,247.16,1.5002
InVirtuoGen,run_20260624_095011_r04,ITK,0.48314606741573035,0.8604651162790697,0.7890424917389852,0.6756756756756757,0.7215035494076006,2.876066220422253,0.5945945945945946,0.9090909090909091,0.972972972972973,0.918918918918919,1.0,1.0,0.6046511627906976,0.24719101123595505,0.19177672911842117,0.24719101123595505,0.9090909090909091,0.7215035494076006,2.876066220422253,0.7549504950495052,0.4063531353135315,0.23744041070773753,0.7549504950495052,0.4063531353135315,0.16593325999266603,0.08902146568321898,1.0,83.0,89.0,0.7549504950495052,0.4063531353135315,0.23744041070773753,0.09028651494095373,1000,172,76.39,0.0764,147.8,0.8593,224.19,0.9357
GenMol,run_20260527_070234_r05,TTK,1.0,0.6,0.7189879520377285,0.3933333333333333,0.6334797947243558,2.7798145432527,0.6033333333333334,0.8535911602209945,0.995,0.8466666666666667,0.89,0.995,0.012,0.012,0.44416026595291935,0.359,0.8523676880222841,0.6330289606493236,2.781890421617063,1.1359026369168357,0.8831135902636916,0.6329361054766733,1.1359026369168357,0.8831135902636916,0.6329361054766733,0.6707965263691683,1.0,315.0,1000.0,1.1359026369168357,0.8831135902636916,0.6329361054766733,0.6708077368878584,1000,572,356.77,0.3568,1566.02,2.7378,1922.79,3.0946
InVirtuoGen,run_20260624_095011_r04,DPP4,0.555,0.20540540540540542,0.683181884342406,0.30701754385964913,0.7307888266649445,3.4669807061205677,0.21052631578947367,0.875,1.0,0.868421052631579,1.0,1.0,0.9243243243243243,0.088,0.2531728722632588,0.024,0.875,0.7307888266649445,3.4669807061205677,0.624801271860095,0.5461049284578694,0.32675874403815564,0.624801271860095,0.5461049284578694,-1.8248956677265502,0.32311759501097714,1.0,642.0,1000.0,0.624801271860095,0.5461049284578694,0.32675874403815564,0.32311759501097714,1000,50,79.24,0.0792,75.02,1.5005,154.27,1.5797
InVirtuoGen,run_20260624_095011_r03,VEGFR2,0.85,0.9988235294117647,0.7384279573880432,0.9045936395759717,0.6192039386010787,3.2492511909926742,0.9988221436984688,0.9339622641509434,0.9870435806831567,0.9623085983510011,0.8833922261484098,1.0,0.001176470588235294,0.001,0.2549917452355111,0.848,0.9339622641509434,0.6192039386010787,3.2492511909926742,0.7962052002810962,0.7213633169360505,0.3065706254392128,0.7962052002810962,0.7213633169360505,0.3065706254392128,0.5645116303583976,1.0,330.0,1000.0,0.7962052002810962,0.7213633169360505,0.3065706254392128,0.5645116303583976,1000,793,78.95,0.0789,571.21,0.7203,650.16,0.7993
InVirtuoGen,run_20260624_095011_r04,PptT,0.451,0.09977827050997783,0.619443093539974,0.4,0.6065815066270603,2.619417983849387,0.8888888888888888,0.875,0.9777777777777777,0.8222222222222222,1.0,1.0,0.7716186252771619,0.026,0.3616561360708983,0.04,0.875,0.6065815066270603,2.619417983849387,0.4088149314144368,0.3910501461659547,0.28231167078929637,0.4088149314144368,0.3910501461659547,0.2593546210928718,0.35414639180685403,1.0,83.0,1000.0,0.4088149314144368,0.3910501461659547,0.28231167078929637,0.3543516543166252,1000,363,84.83,0.0848,421.53,1.1612,506.37,1.2461
InVirtuoGen,run_20260624_095011_r04,PEPCK,0.21645021645021645,0.8,0.4930858112383859,0.55,0.38561946123577157,3.1650411616507106,0.95,0.8421052631578947,1.0,0.9,0.725,1.0,0.24,0.03896103896103896,0.6030119977536728,0.1645021645021645,0.8421052631578947,0.38561946123577157,3.1650411616507106,1.493280632411067,1.1612648221343873,0.6908102766798416,1.493280632411067,1.1612648221343873,0.6864624505928851,0.7213841026489248,1.0,90.0,91.0,1.493280632411067,1.1612648221343873,0.6908102766798416,0.7764636917968369,1000,108,80.89,0.0809,682.15,6.3162,763.04,6.3971
InVirtuoGen,run_20260624_095011_r03,PptT,0.539,0.07421150278293136,0.6255893534954208,0.65,0.7083571322063064,2.7647573670692793,0.875,0.9428571428571428,1.0,0.925,1.0,1.0,0.948051948051948,0.023,0.3466159487862185,0.035,0.9428571428571428,0.7083571322063064,2.7647573670692793,0.32786147964920176,0.3144816730380032,0.1510996177198112,0.32786147964920176,0.3144816730380032,0.06707892961547103,0.2726690829558719,1.0,279.0,1000.0,0.32786147964920176,0.3144816730380032,0.1510996177198112,0.2728135961108078,1000,513,88.16,0.0882,280.07,0.546,368.24,0.6341
InVirtuoGen,run_20260624_095011_r05,ITK,0.483,0.13043478260869565,0.784758723563234,0.6190476190476191,0.6531709650283734,3.1030395337301866,0.5873015873015873,0.8918918918918919,1.0,0.9047619047619048,1.0,1.0,0.7743271221532091,0.035,0.21843607017603245,0.037,0.8918918918918919,0.6531709650283734,3.1030395337301866,1.2417491749174918,1.241749174917492,1.103135313531354,1.2417491749174918,1.241749174917492,1.103135313531354,1.0185705641992775,1.0,342.0,342.0,1.2417491749174918,1.241749174917492,1.103135313531354,1.0185705641992775,1000,210,79.74,0.0797,264.56,1.2598,344.29,1.3395
InVirtuoGen,run_20260624_095011_r05,TTK,0.19,0.7684210526315789,0.7027273392823039,0.589041095890411,0.5980830406657516,3.1480981122998637,0.9657534246575342,0.8014184397163121,0.9794520547945206,0.8287671232876712,0.8287671232876712,1.0,0.6947368421052632,0.095,0.3163756499875559,0.141,0.8014184397163121,0.5980830406657516,3.1480981122998637,0.9355983772819474,0.5971095334685599,0.18460832608905633,0.9355983772819474,0.5971095334685599,0.08991958852506525,0.5300822014150488,1.0,90.0,1000.0,0.9355983772819474,0.5971095334685599,0.18460832608905633,0.5327270446971892,1000,149,84.98,0.085,699.21,4.6927,784.18,4.7776
InVirtuoGen,run_20260624_095011_r05,CHK1,0.593,0.1399662731871838,0.7442466590747667,0.40963855421686746,0.48424083545025903,2.717320074023589,0.8192771084337349,0.8529411764705882,1.0,0.7469879518072289,0.5662650602409639,1.0,0.9376053962900506,0.061,0.324336559748686,0.068,0.8529411764705882,0.48424083545025903,2.717320074023589,0.7177570093457943,0.7011214953271028,0.368,0.7177570093457943,0.7011214953271028,0.368,0.5745749903575136,1.0,326.0,1000.0,0.7177570093457943,0.7011214953271028,0.368,0.5776091796469366,1000,554,84.65,0.0846,3125.74,5.6421,3210.38,5.7268
InVirtuoGen,run_20260624_095011_r05,DPP4,0.854,0.905152224824356,0.698505699239683,0.574385510996119,0.6736122131410394,3.389978756206319,0.4398447606727037,0.961764705882353,1.0,0.9366106080206986,0.9754204398447607,1.0,0.34192037470725994,0.215,0.2614058226740804,0.34,0.961764705882353,0.6736122131410394,3.389978756206319,1.2289348171701109,0.8624801271860095,0.5466246789776201,1.2289348171701109,0.8624801271860095,0.5439342056989115,0.5942031796502383,1.0,611.0,1000.0,1.2289348171701109,0.8624801271860095,0.5466246789776201,0.5942031796502383,1000,328,70.17,0.0702,382.31,1.1656,452.48,1.2358
InVirtuoGen,run_20260624_095011_r03,PEPCK,0.24390243902439024,0.8,0.34608465638923136,0.0625,0.4385830122946257,2.6097418021074086,0.9375,1.0,1.0,1.0,1.0,1.0,0.0,0.0,0.7381177281431741,0.18292682926829268,1.0,0.4385830122946257,2.6097418021074086,0.7106719367588935,0.4920948616600791,0.3473268150613688,0.7106719367588935,0.4920948616600791,0.32581651757853125,0.07586860117613033,1.0,74.0,82.0,0.7106719367588935,0.4920948616600791,0.3473268150613688,0.09419796740316358,82,19,35.16,0.4288,30.56,1.6085,65.73,2.0373
InVirtuoGen,run_20260624_095011_r04,TTK,0.208,0.7596153846153846,0.6967573759232671,0.46835443037974683,0.6650651209308336,2.9761761584,0.9556962025316456,0.8874172185430463,0.9683544303797469,0.9177215189873418,0.9936708860759493,1.0,0.5961538461538461,0.092,0.3388007519770677,0.151,0.8874172185430463,0.6650651209308336,2.9761761584,0.7479716024340771,0.5788539553752535,0.17099391480730225,0.7479716024340771,0.5788539553752535,0.09249492900608519,0.5103025179899546,1.0,89.0,1000.0,0.7479716024340771,0.5788539553752535,0.17099391480730225,0.5106264015663737,1000,169,80.07,0.0801,570.13,3.3735,650.2,3.4536
LibINVENT,run_20260527_023257_r01,PptT,1.0,1.0,0.7043975109826728,0.4934010152284264,0.5639084223938082,2.5504403067001804,0.7015228426395939,0.8408104196816208,0.9807106598984772,0.9025380710659898,0.798984771573604,1.0,0.0,0.0,0.3080814969447613,0.7015228426395939,0.8408104196816208,0.5639084223938082,2.5504403067001804,0.9968518102091299,0.8700247357769282,0.36903530469979784,0.9968518102091299,0.8700247357769282,0.36903530469979784,0.3388760802640005,1.0,800.0,985.0,0.9968518102091299,0.8700247357769282,0.36903530469979784,0.3388760802640005,985,581,22.83,0.0226,1205.29,2.0745,1228.13,2.0971
LibINVENT,run_20260527_023257_r01,DPP4,1.0,0.99,0.6207069701355362,0.403030303030303,0.7641701326851998,3.3032866825477383,0.996969696969697,0.9594731509625126,0.996969696969697,0.9868686868686869,0.9545454545454546,1.0,0.0,0.0,0.29307055071071353,0.987,0.9594731509625126,0.7641701326851998,3.3032866825477383,0.9069952305246423,0.3596979332273448,0.1438791732909379,0.9069952305246423,0.3596979332273448,-0.13275039745628,0.04981172496025432,1.0,964.0,1000.0,0.9069952305246423,0.3596979332273448,0.1438791732909379,0.04981172496025432,1000,957,22.59,0.0222,1070.82,1.1189,1093.41,1.1411
LibINVENT,run_20260527_023257_r01,ITK,1.0,1.0,0.7302308820502263,0.668,0.6588484423414582,2.5227658080893223,0.943,0.9469777306468717,0.998,0.984,0.868,1.0,0.0,0.0,0.2934911329639356,0.943,0.9469777306468717,0.6588484423414582,2.5227658080893223,2.103960396039604,1.9616336633663374,1.4460396039603967,2.103960396039604,1.9616336633663374,1.4460396039603967,1.4504775165016504,1.0,361.0,185.0,2.103960396039604,1.9616336633663374,1.4460396039603967,1.4504775165016504,1000,893,13.79,0.0137,1409.85,1.5788,1423.64,1.5925
LibINVENT,run_20260527_023257_r01,PEPCK,1.0,1.0,0.45397214020375565,0.58,0.24935199024820087,2.956306136787789,1.0,0.894,0.998,0.983,0.02,1.0,0.0,0.0,0.537515162951444,1.0,0.894,0.24935199024820087,2.956306136787789,1.9675889328063245,1.896442687747036,1.6613438735177863,1.9675889328063245,1.896442687747036,1.6613438735177863,1.7492130767300336,1.0,127.0,11.0,1.9675889328063245,1.896442687747036,1.6613438735177863,1.7510928759646154,1000,894,19.25,0.019,5719.06,6.3972,5738.31,6.4162
LibINVENT,run_20260527_023257_r02,ITK,1.0,1.0,0.7287296380393855,0.636,0.6129569509303401,2.526163853441165,0.981,0.9296636085626911,0.993,0.983,0.807,1.0,0.0,0.0,0.3020374126319258,0.981,0.9296636085626911,0.6129569509303401,2.526163853441165,2.153465346534654,2.0144389438943895,1.4438531353135315,2.153465346534654,2.0144389438943895,1.4438531353135315,1.5784028547199962,1.0,395.0,172.0,2.153465346534654,2.0144389438943895,1.4438531353135315,1.5784884079181731,1000,912,14.12,0.0138,1471.21,1.6132,1485.33,1.6269
LibINVENT,run_20260527_023257_r02,PptT,1.0,1.0,0.6810377218743799,0.4700507614213198,0.4948884802075951,2.641798948174399,0.8152284263959391,0.7870485678704857,0.9807106598984772,0.8934010152284264,0.7614213197969543,1.0,0.0,0.0,0.3503444369389601,0.8152284263959391,0.7870485678704857,0.4948884802075951,2.641798948174399,1.003597931189566,0.9162356644929165,0.7179896559478302,1.003597931189566,0.9162356644929165,0.7179896559478302,0.566130009508492,1.0,542.0,985.0,1.003597931189566,0.9162356644929165,0.7179896559478302,0.566130009508492,985,632,19.12,0.019,1491.14,2.3594,1510.27,2.3784
LibINVENT,run_20260527_023257_r03,CHK1,1.0,1.0,0.7051216295261445,0.867,0.3013191768632312,3.196464476669905,1.0,0.899,0.995,0.98,0.538,1.0,0.0,0.0,0.2243318197291726,1.0,0.899,0.3013191768632312,3.196464476669905,1.5813084112149538,1.4067289719626173,1.194299065420561,1.5813084112149538,1.4067289719626173,1.194299065420561,1.238266544281264,1.0,162.0,125.0,1.5813084112149538,1.4067289719626173,1.194299065420561,1.2383390209167784,1000,899,16.98,0.0166,2977.61,3.3121,2994.59,3.3288
LibINVENT,run_20260527_023257_r02,CHK1,1.0,1.0,0.6856087144693372,0.859,0.33374230820900663,3.0518403015887254,1.0,0.893,0.994,0.97,0.463,1.0,0.0,0.0,0.22500686869458228,1.0,0.893,0.33374230820900663,3.0518403015887254,1.6149532710280379,1.4958878504672897,1.1906168224299067,1.6149532710280379,1.4958878504672897,1.1906168224299067,1.3042658307372794,1.0,216.0,96.0,1.6149532710280379,1.4958878504672897,1.1906168224299067,1.305868847352025,1000,893,17.25,0.0168,2852.6,3.1944,2869.85,3.2112
LibINVENT,run_20260527_023257_r03,VEGFR2,1.0,1.0,0.6424339565624733,0.698,0.4341332662710978,2.966925562945891,1.0,0.807,0.996,0.932,0.541,1.0,0.0,0.0,0.31237135081456696,1.0,0.807,0.4341332662710978,2.966925562945891,2.1103302881236825,1.7874209416725233,1.2522136331693607,2.1103302881236825,1.7874209416725233,1.2522136331693607,1.3280028720342671,1.0,360.0,230.0,2.1103302881236825,1.7874209416725233,1.2522136331693607,1.3281368495465649,1000,807,16.04,0.0158,2107.99,2.6121,2124.02,2.6279
LibINVENT,run_20260527_023257_r03,PEPCK,1.0,1.0,0.4423301635866216,0.646,0.24677253207434424,3.0065699914282336,1.0,0.857,0.997,0.986,0.019,1.0,0.0,0.0,0.5715279284668946,1.0,0.857,0.24677253207434424,3.0065699914282336,2.1019762845849805,1.9173913043478266,1.643083003952569,2.1019762845849805,1.9173913043478266,1.643083003952569,1.7178584180312444,1.0,166.0,1.0,2.1019762845849805,1.9173913043478266,1.643083003952569,1.7178584180312444,1000,857,20.84,0.02,5066.42,5.9118,5087.27,5.9318
InVirtuoGen,run_20260624_095011_r05,VEGFR2,0.199,0.3015075376884422,0.708349178126199,0.65,0.6116054228370538,3.6678999459987978,0.8833333333333333,0.7547169811320755,0.9166666666666666,0.8666666666666667,0.9833333333333333,1.0,0.6984924623115578,0.029,0.2101868931981288,0.053,0.7547169811320755,0.6116054228370538,3.6678999459987978,0.17427969079409714,0.03401264933239641,0.01790139438547179,0.17427969079409714,-0.6085734364019676,-1.1844139512519878,0.03129426150877315,1.0,88.0,1000.0,0.17427969079409714,0.03401264933239641,0.01790139438547179,0.0313427422503319,1000,102,82.27,0.0823,108.03,1.0591,190.3,1.1414
InVirtuoGen,run_20260624_095011_r05,PptT,0.516,0.060077519379844964,0.7090243536984071,0.4838709677419355,0.6960069880475191,3.041418828624932,0.7419354838709677,0.8695652173913043,1.0,0.8709677419354839,0.9032258064516129,1.0,0.9108527131782945,0.019,0.28670415941540145,0.023,0.8695652173913043,0.6960069880475191,3.041418828624932,0.325612772655723,0.325612772655723,0.30963570946705693,0.325612772655723,0.325612772655723,0.30963570946705693,0.26970831620032765,1.0,169.0,1000.0,0.325612772655723,0.325612772655723,0.30963570946705693,0.2697870886740124,1000,308,81.26,0.0813,336.54,1.0926,417.79,1.1739
InVirtuoGen,run_20260624_095011_r05,PEPCK,0.178,0.601123595505618,0.5057381028317881,0.5981308411214953,0.366613796893477,3.4617122080345886,0.9626168224299065,0.8446601941747572,1.0,0.8504672897196262,0.8317757009345794,1.0,0.2640449438202247,0.029,0.5632625286962926,0.103,0.8446601941747572,0.366613796893477,3.4617122080345886,1.382608695652174,1.1624505928853757,0.6307114624505927,1.382608695652174,1.1624505928853757,0.6112252964426876,1.004969899303595,1.0,91.0,225.0,1.382608695652174,1.1624505928853757,0.6307114624505927,1.015640964615095,1000,145,82.86,0.0829,917.1,6.3248,999.96,6.4077
LibINVENT,run_20260527_023257_r03,PptT,1.0,1.0,0.6795773932650391,0.5796954314720812,0.5333623101023052,2.606132057441642,0.8060913705583757,0.8589420654911839,0.9908629441624366,0.915736040609137,0.8121827411167513,1.0,0.0010152284263959391,0.0010152284263959391,0.34759254097872183,0.8060913705583757,0.8589420654911839,0.5333623101023052,2.606132057441642,0.9799865077580391,0.8840791544861701,0.5120980436249156,0.9799865077580391,0.8840791544861701,0.5120980436249156,0.6061192111490209,1.0,458.0,985.0,0.9799865077580391,0.8840791544861701,0.5120980436249156,0.6061192111490209,985,682,18.49,0.0187,1285.71,1.8852,1304.2,1.9039
LibINVENT,run_20260527_023257_r01,CHK1,1.0,1.0,0.6658302493118874,0.821,0.3570660239532925,3.071717054426389,1.0,0.899,0.997,0.98,0.495,1.0,0.0,0.0,0.22731619815927806,1.0,0.899,0.3570660239532925,3.071717054426389,1.6261682242990656,1.3992523364485983,1.1436635514018694,1.6261682242990656,1.3992523364485983,1.1436635514018694,1.2315682057558228,1.0,209.0,167.0,1.6261682242990656,1.3992523364485983,1.1436635514018694,1.2324824232309748,1000,899,17.6,0.0173,2248.48,2.5011,2266.08,2.5183
LibINVENT,run_20260527_023257_r04,PEPCK,1.0,1.0,0.44892258747886904,0.58,0.24430106383109595,2.997861765730121,1.0,0.861,0.997,0.979,0.021,1.0,0.0,0.0,0.5566035542102464,1.0,0.861,0.24430106383109595,2.997861765730121,2.137549407114625,1.8762845849802374,1.625731225296442,2.137549407114625,1.8762845849802374,1.625731225296442,1.6782463457556938,1.0,208.0,11.0,2.137549407114625,1.8762845849802374,1.625731225296442,1.6801895539243368,1000,861,18.09,0.0178,4738.59,5.5036,4756.68,5.5213
LibINVENT,run_20260527_023257_r04,CHK1,1.0,1.0,0.680718000353294,0.942,0.3035480698772027,3.2415042900139874,1.0,0.894,0.999,0.988,0.392,1.0,0.0,0.0,0.2150651266476466,1.0,0.894,0.3035480698772027,3.2415042900139874,1.5308411214953277,1.3882242990654206,1.179121495327103,1.5308411214953277,1.3882242990654206,1.179121495327103,1.1996072637590867,1.0,244.0,109.0,1.5308411214953277,1.3882242990654206,1.179121495327103,1.2002190550363452,1000,894,18.0,0.017,2479.27,2.7732,2497.26,2.7903
LibINVENT,run_20260527_023257_r02,PEPCK,1.0,1.0,0.44813371951231595,0.61,0.24751986939894358,3.008672985401542,1.0,0.866,0.998,0.979,0.029,1.0,0.001,0.001,0.5577623292706657,1.0,0.866,0.24751986939894358,3.008672985401542,1.9478260869565218,1.8462450592885378,1.586798418972333,1.9478260869565218,1.8462450592885378,1.586798418972333,1.591636694899304,1.0,307.0,20.0,1.9478260869565218,1.8462450592885378,1.586798418972333,1.5931846085074348,1000,866,21.78,0.0214,4763.2,5.5002,4784.98,5.5216
LibINVENT,run_20260527_023257_r05,PptT,1.0,1.0,0.6990632694421857,0.6223350253807106,0.5263882004619597,2.674409231360426,0.8020304568527918,0.8367088607594937,0.9796954314720813,0.9218274111675127,0.7939086294416243,1.0,0.0,0.0,0.3380028607626577,0.8020304568527918,0.8367088607594937,0.5263882004619597,2.674409231360426,1.0294580616145717,0.906566224420958,0.5459523274117384,1.0294580616145717,0.906566224420958,0.5459523274117384,0.5333937211991431,1.0,689.0,985.0,1.0294580616145717,0.906566224420958,0.5459523274117384,0.5333937211991431,985,661,17.24,0.0175,1440.98,2.18,1458.21,2.1975
LibINVENT,run_20260527_023257_r01,VEGFR2,1.0,1.0,0.6640214173856589,0.69,0.44916983380405123,3.080215452171482,1.0,0.817,0.995,0.915,0.582,1.0,0.0,0.0,0.29922016042935173,1.0,0.817,0.44916983380405123,3.080215452171482,2.0470836261419536,1.6205200281096275,1.1833099086437104,2.0470836261419536,1.6205200281096275,1.1833099086437104,1.306933591004919,1.0,253.0,166.0,2.0470836261419536,1.6205200281096275,1.1833099086437104,1.3078077538511304,1000,817,16.21,0.0159,2748.53,3.3642,2764.74,3.38
LibINVENT,run_20260527_023257_r04,PptT,1.0,1.0,0.6731546360128692,0.6426395939086295,0.5234064807760167,2.5563517811566405,0.868020304568528,0.8538011695906432,0.9918781725888325,0.9604060913705583,0.7644670050761422,1.0,0.0,0.0,0.36009927465118013,0.868020304568528,0.8538011695906432,0.5234064807760167,2.5563517811566405,0.9991005172026086,0.9331009669440071,0.6786035529570497,0.9991005172026086,0.9331009669440071,0.6786035529570497,0.6086863213550686,1.0,467.0,985.0,0.9991005172026086,0.9331009669440071,0.6786035529570497,0.6086863213550686,985,730,18.25,0.0182,1607.15,2.2016,1625.4,2.2198
InVirtuoGen,run_20260624_095011_r04,VEGFR2,0.834,1.0,0.7336247132215337,0.8872901678657075,0.6602918522198851,3.239084911215685,1.0,0.9424460431654677,0.9952038369304557,0.9568345323741008,0.9244604316546763,1.0,0.001199040767386091,0.001,0.25544876672182054,0.834,0.9424460431654677,0.6602918522198851,3.239084911215685,0.8137737174982433,0.49648629655657067,0.20839775122979615,0.8137737174982433,0.49648629655657067,0.20839775122979615,0.38743292340126495,1.0,458.0,1000.0,0.8137737174982433,0.49648629655657067,0.20839775122979615,0.38743292340126495,1000,786,70.07,0.0701,448.37,0.5704,518.44,0.6405
LibINVENT,run_20260527_023257_r01,TTK,1.0,1.0,0.5743563719843641,0.554,0.4663170285172314,2.8978573443749145,1.0,0.908,0.997,0.932,0.467,1.0,0.0,0.0,0.2846983885653583,1.0,0.908,0.4663170285172314,2.8978573443749145,1.620182555780933,1.4434584178498984,1.1301217038539548,1.620182555780933,1.4434584178498984,1.1301217038539548,1.1440253127112914,1.0,337.0,227.0,1.620182555780933,1.4434584178498984,1.1301217038539548,1.1442705727405906,1000,908,19.08,0.0188,2056.76,2.2652,2075.84,2.284
LibINVENT,run_20260527_023257_r05,PEPCK,1.0,1.0,0.43385742425731666,0.497,0.24218197357401533,2.963036960516485,1.0,0.865,0.998,0.983,0.027,1.0,0.0,0.0,0.5589440629005381,1.0,0.865,0.24218197357401533,2.963036960516485,2.003162055335969,1.7612648221343874,1.5366007905138344,2.003162055335969,1.7612648221343874,1.5366007905138344,1.6340643371604244,1.0,106.0,12.0,2.003162055335969,1.7612648221343874,1.5366007905138344,1.6371814652738568,1000,865,21.9,0.0214,4460.53,5.1567,4482.43,5.1781
LibINVENT,run_20260527_023257_r03,DPP4,1.0,0.995,0.6399612454449221,0.46130653266331656,0.7439291531256261,3.331635208151851,0.9879396984924623,0.9186164801627671,0.9989949748743718,0.9768844221105528,0.91356783919598,1.0,0.002,0.002,0.29872576703050213,0.983,0.9186164801627671,0.7439291531256261,3.331635208151851,0.7639109697933223,0.44236883942766275,0.15814683461742277,0.7639109697933223,0.44236883942766275,-0.1310790428437489,0.14041832273449917,1.0,939.0,1000.0,0.7639109697933223,0.44236883942766275,0.15814683461742277,0.14041832273449917,1000,908,18.7,0.0184,1004.9,1.1067,1023.6,1.1251
LibINVENT,run_20260527_023257_r02,VEGFR2,1.0,1.0,0.6349238667235007,0.562,0.43963367443970275,2.8870170656030933,1.0,0.839,0.999,0.944,0.576,1.0,0.0,0.0,0.32410042047558263,1.0,0.839,0.43963367443970275,2.8870170656030933,1.89950808151792,1.5418130709768094,1.1151440618411808,1.89950808151792,1.5418130709768094,1.1151440618411808,1.1720462110564536,1.0,481.0,156.0,1.89950808151792,1.5418130709768094,1.1151440618411808,1.172890097212462,1000,839,15.23,0.0148,1956.95,2.3325,1972.17,2.3472
LibINVENT,run_20260527_023257_r04,ITK,1.0,1.0,0.7342402837747202,0.716,0.5488446229270594,2.4907450677815173,0.915,0.8907103825136612,0.993,0.983,0.679,1.0,0.0,0.0,0.30369297847963844,0.915,0.8907103825136612,0.5488446229270594,2.4907450677815173,1.860561056105611,1.7413366336633669,1.3604785478547852,1.860561056105611,1.7413366336633669,1.3604785478547852,1.3556858498349837,1.0,367.0,174.0,1.860561056105611,1.7413366336633669,1.3604785478547852,1.3556875000000004,1000,815,17.07,0.0165,1623.45,1.992,1640.52,2.0085
LibINVENT,run_20260527_023257_r02,TTK,1.0,1.0,0.5753394197072306,0.464,0.4449808329142283,2.8711986446374107,1.0,0.881,0.992,0.958,0.369,1.0,0.0,0.0,0.2968445321601166,1.0,0.881,0.4449808329142283,2.8711986446374107,1.3945233265720078,1.2852434077079107,1.0801217038539548,1.3945233265720078,1.2852434077079107,1.0801217038539548,1.0789604100260795,1.0,219.0,200.0,1.3945233265720078,1.2852434077079107,1.0801217038539548,1.0805777059386974,1000,881,19.8,0.0193,2904.64,3.297,2924.44,3.3163
LibINVENT,run_20260527_023257_r04,TTK,1.0,1.0,0.5832787466560239,0.399,0.4678583178571906,2.7857459131046527,1.0,0.881,1.0,0.935,0.464,1.0,0.0,0.0,0.2937958253919167,1.0,0.881,0.4678583178571906,2.7857459131046527,1.397058823529412,1.2979208924949288,1.0598123732251523,1.397058823529412,1.2979208924949288,1.0598123732251523,1.0749241141859043,1.0,278.0,211.0,1.397058823529412,1.2979208924949288,1.0598123732251523,1.075337528977108,1000,881,20.39,0.02,1897.69,2.154,1918.08,2.174
LibINVENT,run_20260527_023257_r03,ITK,1.0,1.0,0.7601404895616789,0.892,0.49941069842312474,2.922028093833609,0.93,0.9290322580645162,0.988,0.986,0.778,1.0,0.0,0.0,0.2615079381950592,0.93,0.9290322580645162,0.49941069842312474,2.922028093833609,2.3432343234323434,2.123349834983499,1.5497524752475251,2.3432343234323434,2.123349834983499,1.5497524752475251,1.4785806518151818,1.0,629.0,159.0,2.3432343234323434,2.123349834983499,1.5497524752475251,1.4785806518151818,1000,864,14.81,0.0146,6122.18,7.0859,6136.99,7.1005
LibINVENT,run_20260527_023257_r02,DPP4,1.0,0.994,0.6225069206697657,0.37424547283702214,0.7750620203285923,3.268505332929807,0.9839034205231388,0.9580777096114519,0.9989939637826962,0.9818913480885312,0.9265593561368209,1.0,0.0,0.0,0.29748990840320916,0.978,0.9580777096114519,0.7750620203285923,3.268505332929807,1.1414944356120826,0.944753577106518,0.3558310148383676,1.1414944356120826,0.944753577106518,0.23690878378378366,0.1789814387917329,1.0,946.0,1000.0,1.1414944356120826,0.944753577106518,0.3558310148383676,0.1789814387917329,1000,943,22.86,0.0223,1011.47,1.0726,1034.33,1.0949
LibINVENT,run_20260527_023257_r03,TTK,1.0,1.0,0.6018564375860921,0.616,0.4625090645403841,2.917810750503402,1.0,0.886,0.993,0.939,0.377,1.0,0.0,0.0,0.29205411648141055,1.0,0.886,0.4625090645403841,2.917810750503402,1.4655172413793105,1.317951318458418,1.0590517241379311,1.4655172413793105,1.317951318458418,1.0590517241379311,1.0345334333446021,1.0,315.0,299.0,1.4655172413793105,1.317951318458418,1.0590517241379311,1.036232944758363,1000,886,19.87,0.0187,2242.27,2.5308,2262.14,2.5495
LibINVENT,run_20260527_023257_r05,CHK1,1.0,1.0,0.6900273592460064,0.968,0.23285471415198025,3.3132181469308892,1.0,0.894,0.998,0.99,0.279,1.0,0.0,0.0,0.20745572065416829,1.0,0.894,0.23285471415198025,3.3132181469308892,1.734579439252337,1.4295327102803743,1.2118130841121504,1.734579439252337,1.4295327102803743,1.2118130841121504,1.2951258203530638,1.0,105.0,84.0,1.734579439252337,1.4295327102803743,1.2118130841121504,1.2970320160213622,1000,894,19.97,0.0195,3828.37,4.2823,3848.34,4.3018
LibINVENT,run_20260527_023257_r04,DPP4,1.0,0.988,0.6307736672479307,0.3775303643724696,0.7658689916618693,3.3340686679807945,0.979757085020243,0.9535123966942148,0.9979757085020243,0.9757085020242915,0.9078947368421053,1.0,0.0,0.0,0.30307363688348904,0.968,0.9535123966942148,0.7658689916618693,3.3340686679807945,1.4475357710651826,1.2166136724960253,0.8106518282988876,1.4475357710651826,1.2166136724960253,0.8106518282988876,0.35502158187599353,1.0,851.0,853.0,1.4475357710651826,1.2166136724960253,0.8106518282988876,0.35502158187599353,1000,935,20.38,0.0194,1066.63,1.1408,1087.01,1.1602
LibINVENT,run_20260527_023257_r05,DPP4,1.0,0.993,0.6368158341496135,0.3816717019133938,0.7436027179226582,3.310818782923995,0.9848942598187311,0.9529652351738241,1.0,0.9778449144008057,0.8811681772406847,1.0,0.0,0.0,0.3055584274419248,0.978,0.9529652351738241,0.7436027179226582,3.310818782923995,1.4634340222575517,1.2762321144674085,0.9170906200317962,1.4634340222575517,1.2762321144674085,0.9170906200317962,0.5205311208267088,1.0,734.0,723.0,1.4634340222575517,1.2762321144674085,0.9170906200317962,0.5205311208267088,1000,939,20.15,0.0201,1032.4,1.0995,1052.55,1.1196
LibINVENT,run_20260527_023257_r04,VEGFR2,1.0,1.0,0.6150241240621985,0.617,0.4335521036022026,2.872098352123295,1.0,0.855,0.994,0.951,0.533,1.0,0.0,0.0,0.31458378298598677,1.0,0.855,0.4335521036022026,2.872098352123295,2.208713984539705,1.860154602951511,1.4015460295151099,2.208713984539705,1.860154602951511,1.4015460295151099,1.3879992269852424,1.0,432.0,223.0,2.208713984539705,1.860154602951511,1.4015460295151099,1.3879992269852424,1000,855,16.82,0.0167,2288.53,2.6766,2305.35,2.6933
LibINVENT,run_20260527_023257_r05,ITK,1.0,1.0,0.7424117954980498,0.69,0.6066977217226777,2.63990301641605,0.955,0.9350785340314136,0.993,0.978,0.809,1.0,0.0,0.0,0.2946232095800934,0.955,0.9350785340314136,0.6066977217226777,2.63990301641605,2.47937293729373,2.0565181518151823,1.4618399339934,2.47937293729373,2.0565181518151823,1.4618399339934,1.5531957966630001,1.0,402.0,191.0,2.47937293729373,2.0565181518151823,1.4618399339934,1.5532709823065642,1000,893,16.28,0.016,2057.96,2.3045,2074.24,2.3205
LibINVENT,run_20260527_023257_r05,VEGFR2,1.0,1.0,0.6056103532187336,0.577,0.4356497100119184,2.9104954514131567,1.0,0.789,1.0,0.919,0.47,1.0,0.0,0.0,0.31813137140826075,1.0,0.789,0.4356497100119184,2.9104954514131567,2.0962754743499645,1.7287420941672518,1.29378074490513,2.0962754743499645,1.7287420941672518,1.29378074490513,1.2713818692902317,1.0,409.0,225.0,2.0962754743499645,1.7287420941672518,1.29378074490513,1.2713818692902317,1000,789,15.7,0.0151,1980.52,2.5102,1996.22,2.5253
LibINVENT,run_20260527_023257_r05,TTK,1.0,1.0,0.5748238536427863,0.409,0.5067285327653753,2.7599803861814936,1.0,0.888,1.0,0.923,0.56,1.0,0.0,0.0,0.30520872770102997,1.0,0.888,0.5067285327653753,2.7599803861814936,1.1967545638945232,1.1217038539553752,0.9186105476673428,1.1967545638945232,1.1217038539553752,0.9186105476673428,0.9583420948839307,1.0,219.0,358.0,1.1967545638945232,1.1217038539553752,0.9186105476673428,0.9594120514585145,1000,888,20.37,0.0198,2065.82,2.3264,2086.18,2.3462
