model,seed,target,validity,uniqueness,internal_diversity,scaffold_diversity,mean_qed,mean_sa,fragment_incorporation,fraction_medchem_pass,fraction_pains_free,fraction_bms_free,fraction_lipinski,novelty,nonidenticality,effective_novelty,snn,effective_hit_rate,effective_medchem_pass,mean_qed_novel,mean_sa_novel,avg_top_1,avg_top_10,avg_top_100,avg_top_1_norm,avg_top_10_norm,avg_top_100_norm,auc_top_10,valid_pose_rate,oracle_efficiency_80,oracle_efficiency_100,avg_top_1_filtered,avg_top_10_filtered,avg_top_100_filtered,auc_top_10_filtered,n_molecules_total,n_molecules_attempted,total_gen_time,avg_gen_time_per_mol,total_eval_time,avg_eval_time_per_mol,total_time,avg_time_per_mol
A2C,run_20260429_210431_r03,DPP4,0.6795634920634921,0.9956204379562044,0.7546082054254409,0.8225806451612904,0.6551711463459747,3.555567701829275,0.7419354838709677,0.9604743083003953,0.9926686217008798,0.9530791788856305,0.844574780058651,1.0,0.004379562043795621,0.002976190476190476,0.30924009589815643,0.501984126984127,0.9604743083003953,0.6551711463459747,3.555567701829275,1.0,1.0,0.8470111287758334,1.169316375198728,1.2496025437201905,0.9120826709061994,0.9411477654124712,1.0,74.0,346.0,1.0,1.0,0.8470111287758334,0.9411703326225385,1008,485,127.83,0.1268,682.55,1.4073,810.38,1.5341
A2C,run_20260429_210431_r01,ITK,0.9325396825396826,0.9989361702127659,0.8217827351553219,0.9148029818956337,0.6260469057136063,2.9283842346346973,0.8743343982960596,0.9695493300852619,0.9861554845580405,0.9776357827476039,0.9222577209797657,1.0,0.0,0.0,0.24115886481770088,0.814484126984127,0.9695493300852619,0.6260469057136063,2.9283842346346973,1.0,1.0,0.9143316831683174,1.6130363036303634,1.2124587458745881,1.0029702970297034,0.9495346873240801,1.0,63.0,223.0,1.0,1.0,0.9143316831683174,0.9495346873240801,1008,790,86.71,0.086,1471.77,1.863,1558.47,1.949
A2C,run_20260429_210431_r04,VEGFR2,0.0,0.0,0.0,0.0,0.0,0.0,0.0,0.0,0.0,0.0,0.0,0.0,0.0,0.0,0.0,0.0,0.0,0.0,0.0,0.0,0.0,0.0,0.0,0.0,0.0,0.0,0.0,1007.0,1007.0,0.0,0.0,0.0,0.0,1007,0,70.55,0.0701,0.0,0.0,70.55,0.0701
A2C,run_20260429_210431_r02,CHK1,0.18065153010858837,0.5573770491803278,0.7025763105758216,0.6078431372549019,0.5310531702321319,2.6141937152577137,1.0,0.9901960784313726,1.0,0.9901960784313726,0.9607843137254902,1.0,0.0,0.0,0.3748862391357736,0.10069101678183613,0.9901960784313726,0.5310531702321319,2.6141937152577137,0.8429906542056075,0.7216822429906542,0.3040934579439249,0.8429906542056075,0.7216822429906542,0.3040934579439249,0.6331159413604451,1.0,159.0,1013.0,0.8429906542056075,0.7216822429906542,0.3040934579439249,0.6541949838276563,1013,180,152.81,0.1509,404.16,2.2453,556.97,2.3962
A2C,run_20260429_210431_r01,PptT,0.01579466929911155,1.0,0.5773684128334997,0.625,0.4229109508112526,3.073821253745194,1.0,0.8125,1.0,1.0,0.6875,0.0625,0.0,0.0,0.9585674157303371,0.0009871668311944718,1.0,0.6139022244294082,2.7538327746381803,0.7326287384753767,0.43355070834270293,0.3927928940859006,0.7326287384753767,0.43355070834270293,0.3927928940859006,0.43002472298637,1.0,13.0,1013.0,0.7326287384753767,0.43355070834270293,0.3927928940859006,0.43133244411117116,1013,13,0.0,0.0,63.34,4.8727,63.34,4.8727
A2C,run_20260429_210431_r01,TTK,0.7328699106256207,0.9932249322493225,0.722468937368173,0.6766712141882674,0.6330750871991531,2.7517116633036953,1.0,0.9577080491132333,0.9972714870395635,0.9618008185538881,0.8813096862210096,1.0,0.0,0.0,0.2988994102221467,0.7279046673286991,0.9577080491132333,0.6330750871991531,2.7517116633036953,1.0,0.8921906693711967,0.5534939148073021,1.1232251521298176,0.9056795131845842,0.5548427991886409,0.7761876297962941,1.0,218.0,1007.0,1.0,0.8921906693711967,0.5534939148073021,0.7767909078959917,1007,704,119.87,0.119,1167.43,1.6583,1287.3,1.7773
A2C,run_20260429_210431_r02,PEPCK,0.936318407960199,0.6291179596174282,0.4419029250430552,0.19932432432432431,0.36673645452314796,2.7269376693218663,1.0,0.9375,1.0,0.9831081081081081,0.4966216216216216,0.9966216216216216,0.0,0.0,0.6498155409261784,0.5870646766169154,0.9372881355932203,0.3665114459682998,2.7278207869595863,1.0,1.0,1.0,1.0426877470355733,1.1683794466403166,1.1156916996047432,0.9826242200129287,1.0,30.0,168.0,1.0,1.0,1.0,0.9838476121182157,1005,898,130.45,0.1298,2419.24,2.694,2549.68,2.8238
A2C,run_20260429_210431_r02,DPP4,0.5952380952380952,0.9966666666666667,0.7519966534202525,0.7474916387959866,0.6514457555797665,3.5323188787634643,0.7909698996655519,0.9492600422832981,0.9899665551839465,0.9548494983277592,0.8561872909698997,1.0,0.0,0.0,0.30463149033284637,0.46924603174603174,0.9492600422832981,0.6514457555797665,3.5323188787634643,1.0,1.0,0.7978457869634339,1.034181240063593,1.2003179650238471,0.8420111287758343,0.9235089343545225,1.0,144.0,399.0,1.0,1.0,0.7978457869634339,0.9240973557215679,1008,447,128.44,0.1274,639.35,1.4303,767.79,1.5577
A2C,run_20260429_210431_r01,CHK1,0.24451097804391217,0.689795918367347,0.7174883109039382,0.4970414201183432,0.5028833191417855,2.649021507001665,1.0,0.9704142011834319,1.0,0.9763313609467456,0.9112426035502958,0.9940828402366864,0.0,0.0,0.32175394116632844,0.16766467065868262,0.9702380952380952,0.5023674521570851,2.6523944393249717,0.9196261682242991,0.8265420560747664,0.4971214953271029,0.9196261682242991,0.8265420560747664,0.4971214953271029,0.7542740686850599,1.0,135.0,1002.0,0.9196261682242991,0.8265420560747664,0.4971214953271029,0.7562436164608923,1002,239,152.68,0.1524,464.52,1.9436,617.2,2.096
A2C,run_20260429_210431_r02,PptT,0.15052732502396932,0.6751592356687898,0.5295352477264714,0.4056603773584906,0.662479279920172,2.4861466701038295,1.0,0.9622641509433962,1.0,0.9905660377358491,0.9433962264150944,0.8584905660377359,0.0,0.0,0.4374417581950075,0.087248322147651,0.989010989010989,0.704067370142721,2.385760876326605,0.7596132223971219,0.4957274567123905,0.24968518102091317,0.7596132223971219,0.4957274567123905,0.24968518102091317,0.4791954895076546,1.0,13.0,1043.0,0.7596132223971219,0.4957274567123905,0.24968518102091317,0.4806637695104525,1043,133,0.0,0.0,302.01,2.2708,302.01,2.2708
A2C,run_20260429_210431_r02,ITK,0.9295634920634921,1.0,0.8195798087471328,0.9220917822838848,0.6360260589448781,2.87361749772267,0.8345784418356457,0.9718670076726342,0.9871931696905016,0.9818569903948773,0.9295624332977588,1.0,0.0,0.0,0.23869959005572716,0.7757936507936508,0.9718670076726342,0.6360260589448781,2.87361749772267,1.0,1.0,0.8649669966996698,1.1138613861386137,1.2854785478547859,0.9380775577557755,0.9374592369951281,1.0,89.0,218.0,1.0,1.0,0.8649669966996698,0.9374592369951281,1008,752,85.25,0.0846,1055.57,1.4037,1140.82,1.4883
A2C,run_20260429_210431_r03,CHK1,0.22731804586241275,0.8026315789473685,0.7214461236197105,0.5519125683060109,0.5336891989796316,2.6414072839895595,1.0,0.9617486338797814,0.9836065573770492,0.9781420765027322,0.9672131147540983,0.994535519125683,0.0,0.0,0.333146402476771,0.1814556331006979,0.9615384615384616,0.5333822771467095,2.644478923590128,1.0,0.7416822429906542,0.4657757009345793,1.1757009345794396,0.7592523364485982,0.46753271028037374,0.6594554653795623,1.0,95.0,1003.0,1.0,0.7416822429906542,0.4657757009345793,0.6623161919078843,1003,221,150.45,0.15,420.94,1.9047,571.4,2.0547
A2C,run_20260429_210431_r04,PptT,0.02044790652385589,0.9523809523809523,0.6277150845776821,0.65,0.46146510707349,2.982473144731883,1.0,0.75,1.0,0.9,0.75,0.25,0.0,0.0,0.8328913516082128,0.004868549172346641,0.6,0.6153258305838334,2.6444311218705487,0.766359343377558,0.46154711041151353,0.3169130874747021,0.766359343377558,0.46154711041151353,0.28492523049246693,0.45789581739560825,1.0,13.0,1027.0,0.766359343377558,0.46154711041151353,0.3169130874747021,0.4592937461988707,1027,16,0.0,0.0,79.46,4.9663,79.46,4.9663
A2C,run_20260429_210431_r05,ITK,0.8968253968253969,0.9988938053097345,0.8176740990894018,0.9280177187153932,0.6131132023726484,2.8518743140915386,0.8095238095238095,0.960328317373461,0.9889258028792912,0.973421926910299,0.920265780730897,1.0,0.0,0.0,0.2419881541675574,0.7251984126984127,0.960328317373461,0.6131132023726484,2.8518743140915386,1.0,1.0,0.9924174917491748,1.0437293729372936,1.276815181518152,1.2084570957095706,0.9395013347175137,1.0,90.0,155.0,1.0,1.0,0.9924174917491748,0.9395054273886857,1008,696,87.47,0.0868,1155.56,1.6603,1243.03,1.7471
A2C,run_20260429_210431_r03,PEPCK,0.946,0.5613107822410148,0.4564667624112019,0.24670433145009416,0.3681943048276894,2.7749704320061537,1.0,0.9322033898305084,1.0,0.9811676082862524,0.4990583804143126,0.9962335216572504,0.0,0.0,0.6436305373005407,0.529,0.9319470699432892,0.3679488618281595,2.776136981971415,1.0,1.0,0.9998498023715413,1.1375494071146248,1.1944664031620555,1.1484584980237154,0.9848511004454483,1.0,21.0,71.0,1.0,1.0,0.9998498023715413,0.986927113369722,1000,909,131.53,0.1315,2344.72,2.5794,2476.25,2.711
A2C,run_20260429_210431_r04,PEPCK,0.9431704885343968,0.63107822410148,0.4673434089245987,0.21440536013400335,0.37110880211074926,2.794097000831615,1.0,0.9530988274706867,1.0,0.9865996649916248,0.5041876046901173,0.998324958123953,0.0,0.0,0.6249381812591366,0.5942173479561316,0.9530201342281879,0.37103008828185086,2.7946526918885737,1.0,1.0,1.0,1.01501976284585,1.0869565217391304,1.1423715415019762,0.9750776155128316,1.0,39.0,150.0,1.0,1.0,1.0,0.977239366660668,1003,915,129.34,0.129,2369.92,2.5901,2499.26,2.719
A2C,run_20260429_210431_r02,VEGFR2,0.001990049751243781,1.0,0.7228915662650602,1.0,0.6305934927873238,3.467263970116857,1.0,0.5,1.0,0.5,1.0,1.0,0.0,0.0,0.2001763668430335,0.001990049751243781,0.5,0.6305934927873238,3.467263970116857,0.0,0.0,0.0,0.0,0.0,0.0,0.0,0.0,1005.0,1005.0,0.0,0.0,0.0,0.0,1005,1,71.02,0.0707,5.87,5.8697,76.89,5.9404
A2C,run_20260429_210431_r04,CHK1,0.15590863952333664,0.7643312101910829,0.7182967164102987,0.65,0.5201702416917409,2.676520523066528,1.0,0.95,0.9833333333333333,0.975,0.975,1.0,0.0,0.0,0.3286113474365661,0.11916583912611718,0.95,0.5201702416917409,2.676520523066528,1.0,0.8472897196261682,0.40562616822429937,1.0205607476635516,0.8493457943925234,0.40583177570093487,0.7781042051434354,1.0,96.0,1007.0,1.0,0.8472897196261682,0.40562616822429937,0.7852014897350353,1007,151,149.6,0.1486,358.12,2.3717,507.72,2.5202
A2C,run_20260429_210431_r01,PEPCK,0.9601990049751243,0.5937823834196891,0.4527612810972047,0.26527050610820246,0.3678620297247355,2.8020497167393197,1.0,0.9476439790575916,0.9982547993019197,0.9808027923211169,0.49912739965095987,0.9965095986038395,0.0,0.0,0.6399696614829364,0.5681592039800994,0.9474605954465849,0.3676334764901343,2.8032253095608426,1.0,1.0,1.0,1.173122529644269,1.1944664031620555,1.165415019762846,0.977809418307796,1.0,34.0,142.0,1.0,1.0,1.0,0.9798334817536635,1005,930,131.89,0.1312,2378.52,2.5575,2510.41,2.6888
A2C,run_20260429_210431_r01,VEGFR2,0.001984126984126984,1.0,0.7358490566037736,1.0,0.43986373467869044,3.11270566761359,1.0,1.0,1.0,1.0,0.5,1.0,0.0,0.0,0.21682618456812003,0.001984126984126984,1.0,0.43986373467869044,3.11270566761359,0.0,0.0,0.0,0.0,0.0,0.0,0.0,0.0,1008.0,1008.0,0.0,0.0,0.0,0.0,1008,2,71.59,0.071,12.65,6.3235,84.24,6.3945
A2C,run_20260429_210431_r05,PEPCK,0.9512437810945273,0.6422594142259415,0.4699732651301065,0.23778501628664495,0.36722603262022613,2.7919205222542787,1.0,0.9625407166123778,1.0,0.988599348534202,0.4723127035830619,0.996742671009772,0.0,0.0,0.6231849535828402,0.608955223880597,0.9624183006535948,0.3670107125366211,2.7929842560976113,1.0,1.0,1.0,1.1177865612648221,1.141501976284585,1.152806324110672,0.9812731733140558,1.0,28.0,91.0,1.0,1.0,1.0,0.9830231769816455,1005,928,132.33,0.1317,2554.02,2.7522,2686.35,2.8838
A2C,run_20260429_210431_r01,DPP4,0.6418650793650794,0.9984544049459042,0.7493655835043945,0.7445820433436533,0.6704635106876196,3.505864750742127,0.6780185758513931,0.9703196347031964,1.0,0.9489164086687306,0.8823529411764706,1.0,0.00927357032457496,0.005952380952380952,0.3105842667450292,0.43452380952380953,0.9703196347031964,0.6704635106876196,3.505864750742127,1.0,1.0,0.7352623211446745,1.2329093799682036,1.203497615262321,0.7664149443561211,0.8619247924394982,1.0,269.0,826.0,1.0,1.0,0.7352623211446745,0.8619436159724149,1008,426,129.18,0.1282,607.37,1.4258,736.56,1.5539
A2C,run_20260429_210431_r04,TTK,0.6279761904761905,0.995260663507109,0.7282812547435507,0.7031746031746032,0.6144060675070364,2.818118268401481,1.0,0.9253968253968254,0.9904761904761905,0.9396825396825397,0.8952380952380953,1.0,0.0,0.0,0.2952319321129346,0.625,0.9253968253968254,0.6144060675070364,2.818118268401481,0.9634888438133874,0.7839756592292088,0.4880831643002028,0.9634888438133874,0.7839756592292088,0.4880831643002028,0.6759838633729354,1.0,171.0,1008.0,0.9634888438133874,0.7839756592292088,0.4880831643002028,0.6769886943842031,1008,581,119.05,0.1181,1145.39,1.9714,1264.45,2.0895
A2C,run_20260429_210431_r02,TTK,0.6954365079365079,0.9843081312410842,0.7152418155339775,0.6681159420289855,0.661302842784488,2.715573783542946,1.0,0.9623188405797102,1.0,0.9623188405797102,0.9550724637681159,1.0,0.0,0.0,0.2980956979457548,0.6845238095238095,0.9623188405797102,0.661302842784488,2.715573783542946,1.0,0.8289553752535497,0.4825405679513189,1.0370182555780936,0.8326572008113591,0.48291075050709975,0.712494340408577,1.0,175.0,1008.0,1.0,0.8289553752535497,0.4825405679513189,0.7129201942191307,1008,669,116.42,0.1155,1008.07,1.5068,1124.5,1.6223
A2C,run_20260429_210431_r03,PptT,0.21709233791748528,0.8280542986425339,0.5565071124749201,0.37158469945355194,0.6612796079295907,2.3735211299871257,1.0,0.9781420765027322,1.0,0.994535519125683,0.9562841530054644,0.9180327868852459,0.0,0.0,0.40109618091304605,0.1650294695481336,0.9940476190476191,0.6836993765628837,2.3090896398949945,0.7135147290308073,0.4899932538790196,0.237002473577693,0.7135147290308073,0.4899932538790196,0.237002473577693,0.46965966196226394,1.0,13.0,1018.0,0.7135147290308073,0.4899932538790196,0.237002473577693,0.4710704944502547,1018,206,0.0,0.0,328.33,1.5938,328.33,1.5938
A2C,run_20260429_210431_r05,CHK1,0.25643564356435644,0.6177606177606177,0.724652710012128,0.64375,0.5130467765896566,2.7390682637901045,1.0,0.94375,1.0,0.95,0.95,0.99375,0.0,0.0,0.3311056416743533,0.15742574257425743,0.9433962264150944,0.5125656307029789,2.743198448614658,0.9308411214953273,0.769532710280374,0.4159626168224299,0.9308411214953273,0.769532710280374,0.4159626168224299,0.7036958452854633,1.0,94.0,1010.0,0.9308411214953273,0.769532710280374,0.4159626168224299,0.707138265762491,1010,246,155.29,0.1537,472.05,1.9189,627.33,2.0726
A2C,run_20260429_210431_r03,VEGFR2,0.003976143141153081,1.0,0.7225563782783095,1.0,0.5363448096408776,3.306946546692344,1.0,1.0,1.0,1.0,1.0,1.0,0.0,0.0,0.18562028186802146,0.003976143141153081,1.0,0.5363448096408776,3.306946546692344,0.0,0.0,0.0,0.0,0.0,0.0,0.0,0.0,1006.0,1006.0,0.0,0.0,0.0,0.0,1006,4,70.81,0.0704,28.24,7.0602,99.05,7.1305
A2C,run_20260429_210431_r05,PptT,0.02056807051909892,0.9047619047619048,0.6094097628468738,0.5789473684210527,0.46416990303777217,2.899562092549538,1.0,0.8421052631578947,1.0,1.0,0.7368421052631579,0.21052631578947367,0.0,0.0,0.864249939042183,0.0039177277179236044,1.0,0.6666387922917589,2.166093118289075,0.7382505059590736,0.47616370586912515,0.29812857606876036,0.7382505059590736,0.47616370586912515,0.24965644754266295,0.47247358208025775,1.0,13.0,1021.0,0.7382505059590736,0.47616370586912515,0.29812857606876036,0.47402472966249254,1021,18,0.0,0.0,89.09,4.9493,89.09,4.9493
A2C,run_20260429_210431_r04,ITK,0.941468253968254,1.0,0.8223759138249949,0.9220231822971549,0.6423500141438986,2.872772625611856,0.768177028451001,0.9643347050754458,0.9831401475237092,0.9768177028451,0.9304531085353003,1.0,0.0,0.0,0.23758569330455634,0.7232142857142857,0.9643347050754458,0.6423500141438986,2.872772625611856,1.0,1.0,0.919793729372937,1.245874587458746,1.2582508250825086,1.001938943894389,0.9366261328513804,1.0,88.0,347.0,1.0,1.0,0.919793729372937,0.9366293160400696,1008,698,85.43,0.0848,1014.03,1.4528,1099.46,1.5375
A2C,run_20260429_210431_r05,DPP4,0.6319444444444444,0.9968602825745683,0.7609318142161432,0.8503937007874016,0.6644318822782975,3.522960099110188,0.6456692913385826,0.9439024390243902,0.9905511811023622,0.9464566929133859,0.8440944881889764,1.0,0.004709576138147566,0.002976190476190476,0.3055377836568073,0.40674603174603174,0.9439024390243902,0.6644318822782975,3.522960099110188,1.0,1.0,0.716788553259142,1.0898251192368835,1.2110492845786962,0.7694356120826714,0.8678638459888458,1.0,283.0,365.0,1.0,1.0,0.716788553259142,0.8684846242050372,1008,385,129.97,0.1289,616.21,1.6006,746.18,1.7295
A2C,run_20260429_210431_r04,DPP4,0.6349206349206349,0.9984375,0.7516964555922895,0.7621283255086072,0.6696907645479433,3.4756251455003326,0.6776212832550861,0.9399538106235565,0.9953051643192489,0.945226917057903,0.8560250391236307,1.0,0.0,0.0,0.3106901356261699,0.42956349206349204,0.9399538106235565,0.6696907645479433,3.4756251455003326,1.0,1.0,0.7511685214626391,1.467408585055644,1.2162162162162162,0.8055246422893484,0.8851438886365356,1.0,220.0,415.0,1.0,1.0,0.7511685214626391,0.8853665064624447,1008,405,128.38,0.1274,571.13,1.4102,699.51,1.5376
AHC,run_20260429_210505_r01,CHK1,0.28278322925958965,0.8706624605678234,0.7279808663009777,0.6159420289855072,0.5202614768015154,2.723896118694068,1.0,0.9528985507246377,0.9818840579710145,0.9746376811594203,0.9601449275362319,0.9963768115942029,0.0,0.0,0.33609420223692216,0.24531668153434433,0.9527272727272728,0.5200095222714429,2.7262289450286423,1.0,0.8863551401869161,0.5613271028037384,1.001869158878505,0.8906542056074768,0.5617570093457945,0.6996618506507042,1.0,347.0,1121.0,1.0,0.8863551401869161,0.5613271028037384,0.7010266763323114,1121,267,79.95,0.0713,533.32,1.9975,613.28,2.0688
A2C,run_20260429_210431_r03,TTK,0.753968253968254,0.9947368421052631,0.722116109482946,0.6296296296296297,0.5914547874961342,2.7267181325691614,1.0,0.9404761904761905,0.9986772486772487,0.9497354497354498,0.8796296296296297,1.0,0.0013157894736842105,0.000992063492063492,0.2996786378972513,0.75,0.9404761904761905,0.5914547874961342,2.7267181325691614,1.0,0.9364097363083163,0.6283519269776875,1.2119675456389454,0.9771805273833669,0.6324290060851926,0.8151023052899319,1.0,185.0,1008.0,1.0,0.9364097363083163,0.6283519269776875,0.8161435782806097,1008,711,120.9,0.1199,1338.82,1.883,1459.72,2.0029
AHC,run_20260429_210505_r01,PptT,0.015841584158415842,1.0,0.5828060696473201,0.625,0.43187325901125,3.093395047010471,1.0,0.8125,1.0,1.0,0.6875,0.0625,0.0,0.0,0.9561011904761905,0.0009900990099009901,1.0,0.757299155629367,3.0670134668826208,0.7371261524623343,0.4657072183494491,0.4131249531519377,0.7371261524623343,0.4657072183494491,0.4131249531519377,0.46200141849129817,1.0,13.0,1010.0,0.7371261524623343,0.4657072183494491,0.4131249531519377,0.4635133330866576,1010,13,0.0,0.0,49.05,3.7731,49.05,3.7731
AHC,run_20260429_210505_r02,PptT,0.12388503468780972,0.816,0.5556394450606394,0.39215686274509803,0.6858339809709952,2.438532482897471,1.0,0.9509803921568627,1.0,0.9803921568627451,0.9411764705882353,0.8529411764705882,0.0,0.0,0.44785251157063394,0.08622398414271557,0.9770114942528736,0.7333608398906996,2.325321907704105,0.7236339105014616,0.473127951427929,0.18855408140319327,0.7236339105014616,0.473127951427929,0.18855408140319327,0.46479284366536683,1.0,13.0,1009.0,0.7236339105014616,0.473127951427929,0.18855408140319327,0.46626822240386084,1009,118,0.0,0.0,226.86,1.9226,226.86,1.9226
AHC,run_20260429_210505_r02,DPP4,0.7074363992172211,0.983402489626556,0.732679495183561,0.6976090014064698,0.7077430134749624,3.388934355306414,0.7172995780590717,0.9725490196078431,0.9957805907172996,0.9676511954992968,0.9029535864978903,1.0,0.004149377593360996,0.0029354207436399216,0.3250211868477904,0.49902152641878667,0.9725490196078431,0.7077430134749624,3.388934355306414,1.0,1.0,0.7526073131955482,1.1017488076311606,1.2364864864864864,0.785095389507154,0.8269672919149147,1.0,196.0,890.0,1.0,1.0,0.7526073131955482,0.8269672919149147,1022,501,60.38,0.0591,643.65,1.2847,704.02,1.3438
A2C,run_20260429_210431_r03,ITK,0.9265873015873016,1.0,0.815364376301808,0.9336188436830836,0.6262265143805189,2.8367763387239475,0.8683083511777302,0.9568434032059187,0.9839400428265525,0.9710920770877944,0.9389721627408993,1.0,0.0010706638115631692,0.000992063492063492,0.24510643506335333,0.8045634920634921,0.9568434032059187,0.6262265143805189,2.8367763387239475,1.0,1.0,0.9337458745874592,1.0396039603960396,1.2491749174917497,1.0543316831683176,0.9556352817644294,1.0,63.0,128.0,1.0,1.0,0.9337458745874592,0.95569339769507,1008,770,85.5,0.0848,1106.24,1.4367,1191.74,1.5215
AHC,run_20260429_210505_r01,VEGFR2,0.010027347310847767,1.0,0.6817979528353997,0.9090909090909091,0.6332184370170304,2.7229072211255025,1.0,0.9090909090909091,1.0,0.9090909090909091,0.9090909090909091,1.0,0.0,0.0,0.19775947081287698,0.010027347310847767,0.9090909090909091,0.6332184370170304,2.7229072211255025,0.0,0.0,0.0,-0.17006324666198172,-0.17006324666198172,-0.17006324666198172,0.0,1.0,1.0,1097.0,0.0,0.0,0.0,0.0,1097,9,30.13,0.0275,159.48,17.7199,189.61,17.7473
AHC,run_20260429_210505_r02,VEGFR2,0.013477088948787063,1.0,0.6792587681181039,0.9333333333333333,0.6748783932278412,2.675613534028261,1.0,0.9333333333333333,0.9333333333333333,1.0,1.0,1.0,0.0,0.0,0.2127507545373727,0.013477088948787063,0.9333333333333333,0.6748783932278412,2.675613534028261,0.0,0.0,0.0,-1.0238931834153195,-0.8177559147341297,-0.8177559147341297,0.0,1.0,1.0,1113.0,0.0,0.0,0.0,0.0,1113,13,29.42,0.0264,169.38,13.0292,198.8,13.0557
AHC,run_20260429_210505_r01,ITK,0.9306640625,0.9979013641133263,0.8290952944500011,0.9800210304942166,0.601665095173048,2.998766284330314,0.6813880126182965,0.9490740740740741,0.9831756046267087,0.9631966351209253,0.8759200841219769,1.0,0.0,0.0,0.22461671226939503,0.6328125,0.9490740740740741,0.601665095173048,2.998766284330314,1.0,1.0,0.8277145214521454,1.4851485148514854,1.1827557755775582,0.8862211221122113,0.8673177083333333,1.0,201.0,498.0,1.0,1.0,0.8277145214521454,0.8673177083333333,1024,599,43.36,0.0423,1149.55,1.9191,1192.91,1.9615
A2C,run_20260429_210431_r05,TTK,0.6865079365079365,0.9884393063583815,0.712938160945859,0.7149122807017544,0.6501258142295009,2.8052997550106284,1.0,0.9532163742690059,0.9897660818713451,0.9649122807017544,0.9576023391812866,1.0,0.0,0.0,0.29419386082620896,0.6785714285714286,0.9532163742690059,0.6501258142295009,2.8052997550106284,1.0,0.8150101419878297,0.48383367139959454,1.1435091277890468,0.8293610547667342,0.485268762677485,0.5950491906532727,1.0,476.0,1008.0,1.0,0.8150101419878297,0.48383367139959454,0.5953783492962957,1008,656,118.84,0.1179,1031.29,1.5721,1150.14,1.69
AHC,run_20260429_210505_r02,TTK,0.552297165200391,0.9699115044247788,0.7150746408079331,0.6021897810218978,0.6143440773927218,2.619516807334579,1.0,0.927007299270073,0.9963503649635036,0.9324817518248175,0.9105839416058394,1.0,0.0,0.0,0.30517033444006253,0.5356793743890518,0.927007299270073,0.6143440773927218,2.619516807334579,1.0,0.833265720081136,0.5196855983772822,1.067444219066937,0.8400101419878296,0.5203600405679516,0.6053093752416528,1.0,469.0,1023.0,1.0,0.833265720081136,0.5196855983772822,0.6054681511541258,1023,508,58.87,0.0575,1114.17,2.1932,1173.04,2.2508
A2C,run_20260429_210431_r05,VEGFR2,0.005982053838484547,1.0,0.7500983176182926,1.0,0.5559671220180786,3.231194314258668,1.0,0.6666666666666666,0.6666666666666666,1.0,0.8333333333333334,1.0,0.0,0.0,0.20179335673748344,0.005982053838484547,0.6666666666666666,0.5559671220180786,3.231194314258668,0.0,0.0,0.0,0.0,0.0,0.0,0.0,0.0,1003.0,1003.0,0.0,0.0,0.0,0.0,1003,4,72.35,0.0721,25.89,6.472,98.23,6.5441
AHC,run_20260429_210505_r01,DPP4,0.5813725490196079,0.9881956155143339,0.7321251976962888,0.7252559726962458,0.7136932884806955,3.3474152037667553,0.6928327645051194,0.9630541871921182,0.9948805460750854,0.9675767918088737,0.9146757679180887,1.0,0.006745362563237774,0.00392156862745098,0.3230620004969734,0.3980392156862745,0.9630541871921182,0.7136932884806955,3.3474152037667553,1.0,1.0,0.6786883942766299,1.1255961844197133,1.2651033386327502,0.710651828298888,0.8404614389475978,1.0,233.0,745.0,1.0,1.0,0.6786883942766299,0.8404614389475978,1020,389,63.18,0.0619,459.39,1.181,522.57,1.2429
AHC,run_20260429_210505_r02,ITK,0.9326171875,1.0,0.8242446135015499,0.956020942408377,0.5656594385076826,2.984260589435775,0.7235602094240837,0.9609261939218524,0.9863874345549738,0.9738219895287958,0.8167539267015707,1.0,0.0,0.0,0.22827473723827585,0.6748046875,0.9609261939218524,0.5656594385076826,2.984260589435775,1.0,1.0,0.9529455445544557,1.377887788778878,1.2504125412541258,1.1204207920792082,0.876103950727104,1.0,182.0,455.0,1.0,1.0,0.9529455445544557,0.876103950727104,1024,645,46.03,0.045,1616.61,2.5064,1662.64,2.5513
AHC,run_20260429_210505_r02,CHK1,0.3061630218687873,0.8831168831168831,0.7252165010839454,0.6801470588235294,0.5105009430459058,2.6998217728652714,1.0,0.9522058823529411,0.9816176470588235,0.9742647058823529,0.9595588235294118,0.9963235294117647,0.0,0.0,0.3317265200483476,0.26938369781312127,0.9520295202952029,0.5102092529000551,2.7021001968364127,1.0,0.8753271028037384,0.5838130841121497,1.0130841121495329,0.8816822429906545,0.5844485981308413,0.6952978391334238,1.0,249.0,1006.0,1.0,0.8753271028037384,0.5838130841121497,0.6955137023873669,1006,293,73.18,0.0727,644.31,2.199,717.49,2.2718
AHC,run_20260429_210505_r03,ITK,0.953125,1.0,0.8244770951807192,0.9631147540983607,0.5830314996931866,2.9007702759313907,0.6926229508196722,0.9689349112426036,0.9846311475409836,0.9774590163934426,0.8760245901639344,1.0,0.0,0.0,0.22660101360321488,0.66015625,0.9689349112426036,0.5830314996931866,2.9007702759313907,1.0,1.0,0.8929785478547855,1.1221122112211226,1.2413366336633664,0.9790016501650165,0.8532622988861386,1.0,245.0,501.0,1.0,1.0,0.8929785478547855,0.8532622988861386,1024,636,43.06,0.0421,1318.89,2.0737,1361.96,2.1158
AHC,run_20260429_210505_r04,PEPCK,0.5822102425876011,0.6620370370370371,0.4763043532508915,0.26573426573426573,0.3761711666195983,2.7927284783871875,1.0,0.9533799533799534,1.0,0.986013986013986,0.5920745920745921,0.9976689976689976,0.0,0.0,0.6081273586955153,0.38454627133872415,0.9532710280373832,0.37600286160639057,2.7934826785668205,1.0,1.0,0.9499683794466404,1.0110671936758895,1.0596837944664035,1.003715415019763,0.9489706629165203,1.0,67.0,347.0,1.0,1.0,0.9499683794466404,0.9514414541017143,1113,575,77.23,0.0694,1865.99,3.2452,1943.23,3.3146
AHC,run_20260429_210505_r04,TTK,0.490234375,0.9820717131474104,0.7125561189015021,0.6064908722109533,0.6259210518494029,2.606955735021422,1.0,0.9168356997971603,0.9979716024340771,0.9188640973630832,0.9350912778904665,1.0,0.0,0.0,0.3092417252504282,0.4814453125,0.9168356997971603,0.6259210518494029,2.606955735021422,0.9558823529411766,0.8356997971602433,0.5104208924949292,0.9558823529411766,0.8356997971602433,0.5104208924949292,0.6080260363843812,1.0,380.0,1024.0,0.9558823529411766,0.8356997971602433,0.5104208924949292,0.6082279010405347,1024,452,58.43,0.0571,919.88,2.0351,978.31,2.0922
AHC,run_20260429_210505_r03,PptT,0.056818181818181816,0.8333333333333334,0.6004649705002547,0.42,0.6392981690984049,2.565817112964953,1.0,0.92,1.0,0.98,0.9,0.7,0.0,0.0,0.5361251966220512,0.03314393939393939,0.9714285714285714,0.7374924418962746,2.3389585246560785,0.7382505059590736,0.46323364065662237,0.21084183412719504,0.7382505059590736,0.46323364065662237,0.19391009260584252,0.4597362923583551,1.0,13.0,1056.0,0.7382505059590736,0.46323364065662237,0.21084183412719504,0.46114301967791693,1056,44,0.0,0.0,119.36,2.7127,119.36,2.7127
AHC,run_20260429_210505_r04,ITK,0.939453125,0.997920997920998,0.8243300084755963,0.9645833333333333,0.6022711525743257,2.937500130533321,0.7177083333333333,0.9550072568940493,0.984375,0.975,0.89375,1.0,0.0,0.0,0.23582051532883205,0.6728515625,0.9550072568940493,0.6022711525743257,2.937500130533321,1.0,1.0,0.8868316831683171,1.1839933993399339,1.1674917491749177,0.9621699669967001,0.8674902182601073,1.0,198.0,463.0,1.0,1.0,0.8868316831683171,0.8674902182601073,1024,644,42.83,0.0418,1409.28,2.1883,1452.1,2.2301
AHC,run_20260429_210505_r04,CHK1,0.338,0.878698224852071,0.7250624815687575,0.6195286195286195,0.5079066297036953,2.6870036923453804,1.0,0.9696969696969697,0.9932659932659933,0.9797979797979798,0.9494949494949495,1.0,0.0,0.0,0.3403105020243033,0.297,0.9696969696969697,0.5079066297036953,2.6870036923453804,1.0,0.820373831775701,0.5847663551401872,1.1028037383177571,0.8306542056074766,0.5857943925233646,0.6593389719626168,1.0,230.0,1000.0,1.0,0.820373831775701,0.5847663551401872,0.6613339363595906,1000,329,76.31,0.0763,656.14,1.9943,732.45,2.0707
AHC,run_20260429_210505_r01,PEPCK,0.7141560798548094,0.6632782719186785,0.47548283527048607,0.29310344827586204,0.3722526066292882,2.77919089082412,1.0,0.9482758620689655,1.0,0.9770114942528736,0.5613026819923371,0.9961685823754789,0.0,0.0,0.623964051837778,0.47186932849364793,0.948076923076923,0.3720185244309264,2.780393863611157,1.0,1.0,0.9818814229249011,1.113833992094862,1.097628458498024,1.0650592885375494,0.9602120470865045,1.0,56.0,181.0,1.0,1.0,0.9818814229249011,0.9626790722888727,1102,682,76.28,0.0692,2197.7,3.2224,2273.98,3.2917
AHC,run_20260429_210505_r05,CHK1,0.32840236686390534,0.918918918918919,0.7328413655412703,0.5947712418300654,0.49958550083670095,2.7378716985150273,1.0,0.9640522875816994,0.9901960784313726,0.9803921568627451,0.9379084967320261,1.0,0.003003003003003003,0.0009861932938856016,0.3323699586215559,0.30177514792899407,0.9640522875816994,0.49958550083670095,2.7378716985150273,1.0,0.8740186915887852,0.6135887850467292,1.3009345794392526,0.9041121495327105,0.6165981308411217,0.6293638592416452,1.0,380.0,1014.0,1.0,0.8740186915887852,0.6135887850467292,0.6311397862062853,1014,319,74.42,0.0734,656.03,2.0565,730.45,2.1299
AHC,run_20260429_210505_r04,PptT,0.03434739941118744,0.8857142857142857,0.6561394122057884,0.6451612903225806,0.5586458604716309,2.6890455491710927,1.0,0.9032258064516129,1.0,1.0,0.8064516129032258,0.5161290322580645,0.0,0.0,0.664186112492783,0.015701668302257114,1.0,0.6978342928793703,2.3083190461886844,0.7225095570047223,0.47031706768608067,0.22781131618550107,0.7225095570047223,0.47031706768608067,0.18593347286848533,0.46650620192772313,1.0,13.0,1019.0,0.7225095570047223,0.47031706768608067,0.22781131618550107,0.467907134527606,1019,32,0.0,0.0,148.24,4.6324,148.24,4.6324
AHC,run_20260429_210505_r03,CHK1,0.3197211155378486,0.9065420560747663,0.7264485236194773,0.6666666666666666,0.4906584679660742,2.74393121080172,1.0,0.9621993127147767,0.993127147766323,0.9690721649484536,0.9656357388316151,1.0,0.0,0.0,0.33311176944340265,0.2898406374501992,0.9621993127147767,0.4906584679660742,2.74393121080172,1.0,0.9280373831775703,0.6152710280373834,1.280373831775701,0.9652336448598133,0.6189906542056077,0.6517493577093495,1.0,499.0,1004.0,1.0,0.9280373831775703,0.6152710280373834,0.6530495855178899,1004,307,77.46,0.0772,647.29,2.1084,724.75,2.1856
AHC,run_20260429_210505_r01,TTK,0.541015625,0.9711191335740073,0.7167030818085007,0.6189591078066915,0.6301528175366908,2.6219660071160544,1.0,0.9237918215613383,0.9944237918215614,0.9275092936802974,0.949814126394052,1.0,0.0,0.0,0.3058369578415258,0.525390625,0.9237918215613383,0.6301528175366908,2.6219660071160544,1.0,0.8718052738336712,0.5551064908722109,1.3362068965517242,0.9054259634888439,0.5584685598377281,0.6428497004944218,1.0,449.0,1024.0,1.0,0.8718052738336712,0.5551064908722109,0.6432001805189568,1024,497,58.46,0.0571,1176.03,2.3663,1234.49,2.4234
AHC,run_20260429_210505_r04,VEGFR2,0.008310249307479225,1.0,0.7384322938025938,1.0,0.6345715451612387,3.435277753812324,1.0,0.8888888888888888,1.0,0.8888888888888888,1.0,1.0,0.0,0.0,0.18453807802811198,0.008310249307479225,0.8888888888888888,0.6345715451612387,3.435277753812324,0.0,0.0,0.0,-1.6704146170063248,-1.6704146170063248,-1.6704146170063248,0.0,1.0,1.0,1083.0,0.0,0.0,0.0,0.0,1083,7,29.68,0.0274,118.72,16.9598,148.4,16.9873
AHC,run_20260429_210505_r03,TTK,0.5401174168297456,0.9927536231884058,0.7246011465878863,0.6879562043795621,0.5940770470337108,2.704491732417781,1.0,0.927007299270073,0.9963503649635036,0.9343065693430657,0.8759124087591241,1.0,0.0,0.0,0.3080896368536948,0.5362035225048923,0.927007299270073,0.5940770470337108,2.704491732417781,1.0,0.9198275862068966,0.5898022312373226,1.0953346855983772,0.9361054766734279,0.5914300202839757,0.6655031745811221,1.0,448.0,1022.0,1.0,0.9198275862068966,0.5898022312373226,0.6656354084304168,1022,495,58.65,0.0574,998.61,2.0174,1057.26,2.0748
AHC,run_20260429_210505_r05,DPP4,0.6695992179863147,0.9897810218978103,0.7328293764803433,0.7094395280235988,0.7039850008083676,3.4119661100261265,0.7168141592920354,0.9650205761316872,0.995575221238938,0.9646017699115044,0.915929203539823,1.0,0.00145985401459854,0.0009775171065493646,0.32394051455469064,0.4750733137829912,0.9650205761316872,0.7039850008083676,3.4119661100261265,1.0,1.0,0.769682034976152,1.0262321144674083,1.0814785373608902,0.7953895071542125,0.8575625478851284,1.0,127.0,639.0,1.0,1.0,0.769682034976152,0.8575625478851284,1023,465,59.42,0.0581,586.17,1.2606,645.59,1.3187
AHC,run_20260429_210505_r02,PEPCK,0.5874886672710788,0.6728395061728395,0.4844674419660677,0.31880733944954126,0.36433222839698265,2.793912845826928,1.0,0.9197247706422018,1.0,0.9793577981651376,0.5389908256880734,0.9954128440366973,0.0,0.0,0.6178823064945693,0.39347234814143245,0.9193548387096774,0.36401526180801314,2.795422038820626,1.0,1.0,0.9766403162055339,1.0347826086956526,1.2154150197628457,1.0673517786561266,0.9501198671248733,1.0,67.0,342.0,1.0,1.0,0.9766403162055339,0.9520033784742683,1103,552,75.28,0.0683,1894.8,3.4326,1970.08,3.5009
AHC,run_20260429_210505_r04,DPP4,0.6650390625,0.9941262848751835,0.7415583040648136,0.7503692762186115,0.6700095605119061,3.4389413435068814,0.7282127031019202,0.9371196754563894,0.9955686853766618,0.9453471196454948,0.8537666174298375,1.0,0.002936857562408223,0.001953125,0.32020218783293136,0.4814453125,0.9371196754563894,0.6700095605119061,3.4389413435068814,1.0,1.0,0.7699205087440376,1.1176470588235292,1.2205882352941175,0.8124006359300471,0.8505690921850158,1.0,230.0,624.0,1.0,1.0,0.7699205087440376,0.8505690921850158,1024,455,64.43,0.0629,874.03,1.9209,938.46,1.9839
AHC,run_20260429_210505_r03,PEPCK,0.6738351254480287,0.6795212765957447,0.4756359364580818,0.28180039138943247,0.3724720724823904,2.7782807507896727,1.0,0.9256360078277887,1.0,0.9726027397260274,0.5283757338551859,0.9960861056751468,0.0,0.0,0.6196841453116003,0.4560931899641577,0.925343811394892,0.37223379387444944,2.779506144835233,1.0,1.0,0.9869249011857706,1.1177865612648221,1.1608695652173915,1.0985375494071143,0.950057517673226,1.0,58.0,301.0,1.0,1.0,0.9869249011857706,0.9527447534068619,1116,652,73.43,0.0658,2078.87,3.1885,2152.3,3.2543
AHC,run_20260429_210505_r03,DPP4,0.65625,0.9776785714285714,0.7420183014426873,0.7884322678843226,0.6844799633076974,3.460092580860167,0.7062404870624048,0.9612068965517241,0.9923896499238964,0.9497716894977168,0.8706240487062404,1.0,0.001488095238095238,0.0009765625,0.32354299083436294,0.453125,0.9612068965517241,0.6844799633076974,3.460092580860167,1.0,1.0,0.784141494435612,1.169316375198728,1.2098569157392685,0.8279809220985688,0.819985995876391,1.0,239.0,750.0,1.0,1.0,0.784141494435612,0.819985995876391,1024,443,62.81,0.0613,678.27,1.5311,741.08,1.5924
AHC,run_20260429_210505_r03,VEGFR2,0.011786038077969175,1.0,0.7081155109139977,1.0,0.5980836042666574,2.7397708857953194,1.0,0.9230769230769231,0.9230769230769231,1.0,1.0,1.0,0.0,0.0,0.21158568783797801,0.011786038077969175,0.9230769230769231,0.5980836042666574,2.7397708857953194,0.0,0.0,0.0,0.0,0.0,0.0,0.0,0.0,1103.0,1103.0,0.0,0.0,0.0,0.0,1103,11,28.06,0.0254,127.05,11.5499,155.11,11.5753
PPO,run_20260429_210505_r01,ITK,0.9580078125,0.9989806320081549,0.8103746237061856,0.8693877551020408,0.6007094609838541,2.907254675442482,0.8908163265306123,0.9736540664375716,0.9928571428571429,0.9795918367346939,0.8673469387755102,1.0,0.0010193679918450561,0.0009765625,0.23502260282671103,0.8525390625,0.9736540664375716,0.6007094609838541,2.907254675442482,1.0,1.0,0.9783168316831684,1.1881188118811887,1.2821782178217824,1.169018151815182,0.9307841990253714,1.0,96.0,161.0,1.0,1.0,0.9783168316831684,0.9307841990253714,1024,829,67.03,0.0655,1941.22,2.3416,2008.25,2.4071
AHC,run_20260429_210505_r05,PptT,0.016159695817490494,1.0,0.5886401219716775,0.5882352941176471,0.4477959792641341,2.9722148335245855,1.0,0.8235294117647058,1.0,1.0,0.7058823529411765,0.11764705882352941,0.0,0.0,0.9253034547152195,0.0019011406844106464,1.0,0.7299293294698235,2.0501724423165184,0.7225095570047223,0.46773105464358,0.36189726621478363,0.7225095570047223,0.46773105464358,0.33814128304796176,0.4641133602388296,1.0,13.0,1052.0,0.7225095570047223,0.46773105464358,0.36189726621478363,0.46550727433097516,1052,14,0.0,0.0,59.64,4.2598,59.64,4.2598
PPO,run_20260429_210505_r01,DPP4,0.7509803921568627,0.9373368146214099,0.7399999072827699,0.5584958217270195,0.6771610162394813,3.642755718746036,0.7924791086350975,0.9367311072056239,0.9986072423398329,0.9317548746518106,0.8955431754874652,1.0,0.006527415143603133,0.004901960784313725,0.2959436133321245,0.557843137254902,0.9367311072056239,0.6771610162394813,3.642755718746036,1.0,0.9927662957074721,0.5680365659777425,1.0023847376788555,1.0878378378378377,0.577543720190779,0.8541210371270923,1.0,192.0,1020.0,1.0,0.9927662957074721,0.5680365659777425,0.8541210371270923,1020,564,91.81,0.09,855.43,1.5167,947.24,1.6067
PPO,run_20260429_210505_r02,TTK,0.7984267453294002,0.9692118226600985,0.7052206060585768,0.5946632782719187,0.6491118296755992,2.642446173348686,1.0,0.963151207115629,0.9961880559085133,0.9707750952986023,0.9110546378653113,1.0,0.0,0.0,0.31763151545738055,0.7738446411012783,0.963151207115629,0.6491118296755992,2.642446173348686,1.0,0.9566430020283976,0.6643762677484785,1.0573022312373224,0.9812373225152129,0.6668356997971598,0.8014455823016827,1.0,180.0,1017.0,1.0,0.9566430020283976,0.6643762677484785,0.801575687237564,1017,770,88.06,0.0866,1663.87,2.1609,1751.93,2.2475
AHC,run_20260429_210505_r05,PEPCK,0.6095152603231598,0.7098674521354934,0.4799808091480612,0.2800829875518672,0.3637431336105585,2.7962026314026662,1.0,0.8962655601659751,1.0,0.970954356846473,0.524896265560166,0.9979253112033195,0.0,0.0,0.6130772792485379,0.43177737881508077,0.896049896049896,0.36356753573392253,2.7968809512153436,1.0,1.0,0.9678181818181819,1.0347826086956526,1.1703557312252966,1.0448221343873518,0.9553736490657885,1.0,48.0,329.0,1.0,1.0,0.9678181818181819,0.9574699997961258,1114,572,70.3,0.0631,1740.82,3.0434,1811.12,3.1065
PPO,run_20260429_210505_r02,PptT,0.09775171065493646,0.78,0.5220436092289062,0.2948717948717949,0.4596221227375334,2.7459563482336615,1.0,0.9358974358974359,1.0,0.9743589743589743,0.8333333333333334,0.8076923076923077,0.0,0.0,0.44904887394941667,0.06158357771260997,0.9682539682539683,0.4713944854758249,2.6628140932847724,0.7573645154036429,0.46593208904879696,0.16008295230242614,0.7573645154036429,0.46593208904879696,0.1495889863328586,0.45839789159007627,1.0,13.0,1023.0,0.7573645154036429,0.46593208904879696,0.16008295230242614,0.45990479132158557,1023,93,0.0,0.0,387.99,4.1719,387.99,4.1719
PPO,run_20260429_210505_r02,VEGFR2,0.03681592039800995,0.8918918918918919,0.7037372472598737,0.9696969696969697,0.6202349229794045,3.082172370438854,1.0,0.9696969696969697,1.0,0.9696969696969697,0.9090909090909091,1.0,0.0,0.0,0.21278017963030343,0.03283582089552239,0.9696969696969697,0.6202349229794045,3.082172370438854,0.0,0.0,0.0,-0.1278988053408295,-0.43710470836261434,-0.43710470836261434,0.0,1.0,1.0,1005.0,0.0,0.0,0.0,0.0,1005,36,46.75,0.0465,308.76,8.5766,355.5,8.6231
PPO,run_20260429_210505_r02,PEPCK,0.9298578199052133,0.6320081549439348,0.4601211803800833,0.2725806451612903,0.3600476979889417,2.7393867328962584,1.0,0.9580645161290322,1.0,0.9854838709677419,0.4241935483870968,0.9967741935483871,0.0,0.0,0.6470548267384278,0.5857819905213271,0.9579288025889967,0.35981123753517336,2.7402701269632543,1.0,1.0,1.0,1.0545454545454545,1.1003952569169961,1.1508300395256914,0.9719510705655361,1.0,32.0,265.0,1.0,1.0,1.0,0.9745520858700337,1055,901,105.69,0.1002,3201.53,3.5533,3307.22,3.6535
PPO,run_20260429_210505_r01,CHK1,0.13557692307692307,0.5602836879432624,0.7011914998429721,0.6455696202531646,0.49611503850713623,2.752537082686266,1.0,0.9367088607594937,0.9873417721518988,0.9493670886075949,0.9493670886075949,0.9873417721518988,0.0,0.0,0.374822203719795,0.075,0.9358974358974359,0.49491716755759385,2.761128982763191,0.9158878504672898,0.6824299065420562,0.2405794392523358,0.9158878504672898,0.6824299065420562,0.2405794392523358,0.6148917145938175,1.0,121.0,1040.0,0.9158878504672898,0.6824299065420562,0.2405794392523358,0.6168865260518299,1040,130,119.4,0.1148,538.77,4.1444,658.17,4.2592
AHC,run_20260429_210505_r05,VEGFR2,0.014414414414414415,1.0,0.7182680591089978,1.0,0.567781505377164,2.8996982392943362,1.0,0.875,0.875,1.0,0.9375,1.0,0.0,0.0,0.22174347783272086,0.014414414414414415,0.875,0.567781505377164,2.8996982392943362,0.0,0.0,0.0,0.0,0.0,0.0,0.0,0.0,1110.0,1110.0,0.0,0.0,0.0,0.0,1110,13,25.21,0.0227,108.71,8.3619,133.92,8.3847
PPO,run_20260429_210505_r01,PptT,0.02233009708737864,1.0,0.620711753344417,0.6521739130434783,0.49808756286842665,2.8554951037360876,1.0,0.8695652173913043,1.0,1.0,0.782608695652174,0.34782608695652173,0.0,0.0,0.782147600328065,0.007766990291262136,1.0,0.6629176196778974,2.4061350125806373,0.724758263998201,0.46492017090173154,0.33237388501611576,0.724758263998201,0.46492017090173154,0.287234839967019,0.46131894782899274,1.0,13.0,1030.0,0.724758263998201,0.46492017090173154,0.33237388501611576,0.46278987233173097,1030,20,0.0,0.0,102.37,5.1183,102.37,5.1183
AHC,run_20260429_210505_r05,TTK,0.5098039215686274,0.975,0.7197853159734725,0.6627218934911243,0.6162087058097783,2.7102384084018123,1.0,0.9053254437869822,0.9960552268244576,0.9112426035502958,0.9250493096646942,1.0,0.0,0.0,0.3017397775686683,0.4970588235294118,0.9053254437869822,0.6162087058097783,2.7102384084018123,1.0,0.8302231237322516,0.5131693711967545,1.0775862068965516,0.8379817444219068,0.5139452332657201,0.6199940341248061,1.0,466.0,1020.0,1.0,0.8302231237322516,0.5131693711967545,0.621113956541598,1020,458,55.1,0.054,837.09,1.8277,892.2,1.8817
PPO,run_20260429_210505_r03,DPP4,0.8725023786869648,0.8898582333696837,0.7301406922037061,0.5502450980392157,0.7598794485136029,3.5609475812579716,0.7279411764705882,0.9663299663299664,0.9963235294117647,0.9669117647058824,0.946078431372549,1.0,0.003271537622682661,0.0028544243577545195,0.29645832950143436,0.5651760228353948,0.9663299663299664,0.7598794485136029,3.5609475812579716,1.0,0.923370429252782,0.5364149443561205,1.0977742448330678,0.9562798092209853,0.5397058823529409,0.8034952706106228,1.0,188.0,1051.0,1.0,0.923370429252782,0.5364149443561205,0.8035448849652408,1051,627,93.13,0.0886,875.76,1.3967,968.89,1.4854
PPO,run_20260429_210505_r03,VEGFR2,0.015904572564612324,1.0,0.6030705490086541,0.375,0.7442684761709004,2.6074486473625678,1.0,1.0,1.0,1.0,1.0,1.0,0.0,0.0,0.25126804238218464,0.015904572564612324,1.0,0.7442684761709004,2.6074486473625678,0.0,0.0,0.0,-0.5776528460997892,-0.836964160224877,-0.836964160224877,0.0,1.0,1.0,1006.0,0.0,0.0,0.0,0.0,1006,16,45.81,0.0455,203.69,12.7304,249.49,12.776
PPO,run_20260429_210505_r01,PEPCK,0.8220095693779904,0.5133876600698487,0.45365149690860007,0.29931972789115646,0.3850900715826592,2.7760769388380346,1.0,0.9478458049886621,0.9977324263038548,0.9659863945578231,0.5827664399092971,0.9954648526077098,0.0,0.0,0.6409855187071967,0.4200956937799043,0.9476082004555809,0.38487128385318,2.7774876858660233,1.0,1.0,0.997509881422925,1.0505928853754942,1.1482213438735178,1.1260474308300394,0.9763862548934319,1.0,33.0,135.0,1.0,1.0,0.997509881422925,0.9786371855498129,1045,793,111.36,0.1066,2915.25,3.6762,3026.61,3.7828
PPO,run_20260429_210505_r03,CHK1,0.26017029328287605,0.68,0.6888741572045494,0.24598930481283424,0.5737571497930488,2.6032230969166874,1.0,0.9786096256684492,1.0,0.9786096256684492,0.9946524064171123,0.9946524064171123,0.0,0.0,0.3526165894123683,0.1759697256385998,0.978494623655914,0.5736722475200468,2.6060233884233033,0.885981308411215,0.705607476635514,0.39110280373831796,0.885981308411215,0.705607476635514,0.39110280373831796,0.543146004827629,1.0,360.0,1057.0,0.885981308411215,0.705607476635514,0.39110280373831796,0.5640992882061328,1057,251,114.13,0.108,653.38,2.6031,767.52,2.7111
PPO,run_20260429_210505_r03,PptT,0.02,0.95,0.6144117670393754,0.5789473684210527,0.46167069037893743,2.902076527822808,1.0,0.8421052631578947,1.0,1.0,0.7368421052631579,0.21052631578947367,0.0,0.0,0.8643312400852319,0.004,1.0,0.6547675321622943,2.178036685837109,0.7123903755340679,0.47222846863053747,0.2963531263641053,0.7123903755340679,0.47222846863053747,0.2525959338086483,0.4683968854515796,1.0,13.0,1000.0,0.7123903755340679,0.47222846863053747,0.2963531263641053,0.4698678032452768,1000,17,0.0,0.0,79.19,4.6583,79.19,4.6583
PPO,run_20260429_210505_r04,CHK1,0.2509727626459144,0.4263565891472868,0.6899613408433574,0.4909090909090909,0.5687387926226755,2.5973116928592317,1.0,0.9636363636363636,1.0,0.9727272727272728,0.9636363636363636,1.0,0.0,0.0,0.3210621070776046,0.10700389105058365,0.9636363636363636,0.5687387926226755,2.5973116928592317,1.0,0.7644859813084113,0.3572710280373835,1.1439252336448602,0.7788785046728973,0.35871028037383207,0.6227911924069968,1.0,240.0,1028.0,1.0,0.7644859813084113,0.3572710280373835,0.6237335816540517,1028,247,113.65,0.1105,546.86,2.214,660.51,2.3246
AHC,run_20260429_210505_r05,ITK,0.9482421875,1.0,0.8248340504646322,0.9485066941297632,0.5898289631331629,2.8772328004979957,0.6848609680741503,0.9488721804511279,0.9824922760041195,0.9670442842430484,0.8846549948506695,1.0,0.0,0.0,0.22844117101947714,0.6494140625,0.9488721804511279,0.5898289631331629,2.8772328004979957,1.0,1.0,0.807021452145214,1.1674917491749177,1.2413366336633667,0.8743811881188119,0.841863268358086,1.0,241.0,592.0,1.0,1.0,0.807021452145214,0.841863268358086,1024,612,43.27,0.0423,1321.26,2.1589,1364.53,2.2012
PPO,run_20260429_210505_r01,VEGFR2,0.013565891472868217,1.0,0.6488434277791724,0.7142857142857143,0.6222472925128395,2.8005045488829055,1.0,0.9285714285714286,1.0,1.0,0.9285714285714286,1.0,0.0,0.0,0.22553623992221253,0.013565891472868217,0.9285714285714286,0.6222472925128395,2.8005045488829055,0.37104708362614164,0.12368236120871388,0.12368236120871388,0.37104708362614164,-0.22042632935113615,-0.22042632935113615,0.016520943306803492,1.0,573.0,1032.0,0.37104708362614164,0.12368236120871388,0.12368236120871388,0.017648506176672987,1032,13,54.58,0.0529,211.03,16.2329,265.61,16.2858
PPO,run_20260429_210505_r02,DPP4,0.7708129285014691,0.9758576874205845,0.7260800630444012,0.6328125,0.6591433275908323,3.669822881961428,0.8528645833333334,0.9145038167938931,0.9921875,0.94140625,0.8294270833333334,1.0,0.007623888182973317,0.005876591576885406,0.31957424836482456,0.6415279138099902,0.9145038167938931,0.6591433275908323,3.669822881961428,1.0,1.0,0.8276550079491247,1.5270270270270265,1.2102543720190782,0.8790143084260715,0.8988158839256378,1.0,128.0,605.0,1.0,1.0,0.8276550079491247,0.8988158839256378,1021,605,94.54,0.0926,1065.0,1.7603,1159.55,1.8529
PPO,run_20260429_210505_r03,TTK,0.837573385518591,0.969626168224299,0.6739539954493239,0.4987951807228916,0.6860238766437972,2.700846113624303,1.0,0.9518072289156626,1.0,0.9734939759036144,0.8795180722891566,1.0,0.0,0.0,0.3104599966252633,0.812133072407045,0.9518072289156626,0.6860238766437972,2.700846113624303,1.0,0.9315922920892493,0.6630121703853952,1.075050709939148,0.9662778904665315,0.6664807302231235,0.7611211808766964,1.0,232.0,1022.0,1.0,0.9315922920892493,0.6630121703853952,0.7620402995082461,1022,796,89.25,0.0873,1631.52,2.0497,1720.78,2.137
PPO,run_20260429_210505_r04,PEPCK,0.9686609686609686,0.6313725490196078,0.4707018880392392,0.2375776397515528,0.3531825571029331,2.8057201438537946,1.0,0.9642857142857143,1.0,0.9906832298136646,0.36801242236024845,0.9968944099378882,0.0,0.0,0.6210002836512957,0.6096866096866097,0.9641744548286605,0.35293354956056416,2.8067771599835742,1.0,1.0,1.0,1.007114624505929,1.0537549407114626,1.1789723320158099,0.9681106118787278,1.0,39.0,200.0,1.0,1.0,1.0,0.9703452785658905,1053,944,101.73,0.0966,3187.36,3.3764,3289.09,3.4731
PPO,run_20260429_210505_r03,PEPCK,0.9538606403013182,0.6426456071076012,0.47640406840222094,0.2764976958525346,0.3545060355296255,2.8902355809293896,1.0,0.9631336405529954,0.9984639016897081,0.9877112135176651,0.2534562211981567,0.9984639016897081,0.0,0.0,0.5590190277616573,0.6120527306967984,0.963076923076923,0.3543618821807904,2.8908822036669664,1.0,1.0,1.0,1.1019762845849805,1.2102766798418974,1.1435968379446637,0.9729827382148679,1.0,34.0,134.0,1.0,1.0,1.0,0.975595935788149,1062,932,107.87,0.1016,3589.31,3.8512,3697.18,3.9528
PPO,run_20260429_210505_r04,DPP4,0.7060546875,0.9986168741355463,0.7366607209252143,0.6897506925207756,0.6856763470723357,3.732114373925104,0.8767313019390581,0.9383886255924171,0.9930747922437673,0.943213296398892,0.9030470914127424,1.0,0.0027662517289073307,0.001953125,0.3073085281759191,0.6181640625,0.9383886255924171,0.6856763470723357,3.732114373925104,1.0,1.0,0.7592607313195547,1.3561208267090616,1.18362480127186,0.7918918918918917,0.8693577510184815,1.0,185.0,690.0,1.0,1.0,0.7592607313195547,0.8693577510184815,1024,581,91.64,0.0895,855.06,1.4717,946.69,1.5612
PPO,run_20260429_210505_r03,ITK,0.9687194525904204,0.9969727547931383,0.8073234805847278,0.812753036437247,0.6000317607043782,2.789203290452333,0.8906882591093117,0.9704545454545455,0.9949392712550608,0.9777327935222672,0.9129554655870445,1.0,0.0010090817356205853,0.0009775171065493646,0.2621834618616674,0.8602150537634409,0.9704545454545455,0.6000317607043782,2.789203290452333,1.0,1.0,0.9413613861386141,1.0561056105610565,1.2541254125412544,1.03197194719472,0.9284532485506616,1.0,107.0,217.0,1.0,1.0,0.9413613861386141,0.9284532485506616,1023,836,68.02,0.0665,1729.18,2.0684,1797.2,2.1349
PPO,run_20260430_113110_r01,ITK,0.9561316051844466,0.8196037539103233,0.7886422070566355,0.7379134860050891,0.6514803117510714,2.682528564392879,0.9134860050890585,0.9693593314763231,0.989821882951654,0.9796437659033079,0.8842239185750637,1.0,0.0,0.0,0.24824337848530173,0.715852442671984,0.9693593314763231,0.6514803117510714,2.682528564392879,1.0,1.0,0.8145792079207921,1.311881188118812,1.2215346534653468,0.8547854785478548,0.9230049949162414,1.0,106.0,189.0,1.0,1.0,0.8145792079207921,0.9230049949162414,1003,866,63.75,0.0636,880.09,1.0163,943.84,1.0798
PPO,run_20260429_210505_r02,ITK,0.9326171875,1.0,0.8156573171925108,0.8492146596858638,0.6068502276459161,2.936021367507437,0.8931937172774869,0.9613130128956624,0.987434554973822,0.9759162303664921,0.8931937172774869,1.0,0.0031413612565445027,0.0029296875,0.22759741980865567,0.8330078125,0.9613130128956624,0.6068502276459161,2.936021367507437,1.0,1.0,0.9436138613861383,1.1551155115511555,1.1736798679867992,1.0538366336633664,0.895169480326939,1.0,150.0,339.0,1.0,1.0,0.9436138613861383,0.895169480326939,1024,802,69.76,0.0681,2056.98,2.5648,2126.73,2.6329
PPO,run_20260429_210505_r04,VEGFR2,0.06147934678194044,0.390625,0.6468229157491588,0.8,0.6676606208931309,2.884452268763373,1.0,0.92,0.92,1.0,0.96,1.0,0.0,0.0,0.21102548921883973,0.024015369836695485,0.92,0.6676606208931309,2.884452268763373,0.0,0.0,0.0,-1.1925509486999297,-1.207107720108423,-1.207107720108423,0.0,1.0,1.0,1041.0,0.0,0.0,0.0,0.0,1041,62,78.42,0.0753,452.51,7.2985,530.93,7.3738
PPO,run_20260429_210505_r01,TTK,0.7458455522971652,0.9764089121887287,0.7089193993805345,0.6013422818791946,0.5854382558922702,2.9794654866309407,1.0,0.959731543624161,0.9973154362416108,0.9758389261744966,0.7167785234899329,1.0,0.0,0.0,0.3044140218982082,0.7282502443792767,0.959731543624161,0.5854382558922702,2.9794654866309407,1.0,0.9585192697768763,0.6895892494929005,1.1435091277890468,0.972870182555781,0.691024340770791,0.7667127666113469,1.0,243.0,1023.0,1.0,0.9585192697768763,0.6895892494929005,0.766723837207381,1023,711,95.02,0.0929,1975.01,2.7778,2070.03,2.8707
PPO,run_20260429_210505_r04,TTK,0.820136852394917,0.9916567342073898,0.7139717049644444,0.5673076923076923,0.6502041595519754,2.8684079110971457,1.0,0.9627403846153846,0.9987980769230769,0.9723557692307693,0.859375,1.0,0.0,0.0,0.3159073830947538,0.8132942326490714,0.9627403846153846,0.6502041595519754,2.8684079110971457,1.0,0.9540060851926977,0.6893407707910753,1.2905679513184587,1.0476673427991887,0.6987068965517242,0.7862422150577292,1.0,212.0,1023.0,1.0,0.9540060851926977,0.6893407707910753,0.7863833199148583,1023,788,88.42,0.0864,1488.89,1.8895,1577.31,1.9759
PPO,run_20260429_210505_r04,ITK,0.9697265625,0.998992950654582,0.8096475183313412,0.8175403225806451,0.5715175847896646,2.8172730643793766,0.8891129032258065,0.9659863945578231,0.9879032258064516,0.9818548387096774,0.8336693548387096,1.0,0.0,0.0,0.23855460791450012,0.861328125,0.9659863945578231,0.5715175847896646,2.8172730643793766,1.0,1.0,0.9676567656765681,1.1344884488448848,1.287541254125413,1.136303630363037,0.9222686868296205,1.0,99.0,224.0,1.0,1.0,0.9676567656765681,0.9222686868296205,1024,832,64.56,0.0631,1536.99,1.8473,1601.55,1.9104
PPO,run_20260430_113110_r01,DPP4,0.8013765978367748,0.9460122699386503,0.7433795674951167,0.562905317769131,0.7225741382710342,3.6250722708897163,0.7808041504539559,0.9617940199335548,0.9948119325551232,0.9662775616083009,0.9286640726329443,1.0,0.001226993865030675,0.0009832841691248771,0.2797583855143105,0.591937069813176,0.9617940199335548,0.7225741382710342,3.6250722708897163,1.0,0.9856120826709059,0.5662877583465817,1.0103338632750396,1.1124801271860094,0.5789745627980921,0.844377107456233,1.0,190.0,1017.0,1.0,0.9856120826709059,0.5662877583465817,0.844377107456233,1017,611,64.86,0.0638,450.57,0.7374,515.42,0.8012
PPO,run_20260430_113110_r01,CHK1,0.17073170731707318,0.44571428571428573,0.7031568770495739,0.5897435897435898,0.5151590388843216,2.686285640817475,1.0,0.8717948717948718,0.9871794871794872,0.8846153846153846,0.9358974358974359,0.9871794871794872,0.0,0.0,0.37255793582879465,0.07512195121951219,0.8701298701298701,0.5141929358494238,2.6941287156763236,1.0,0.706355140186916,0.20766355140186854,1.0037383177570096,0.7067289719626171,0.2077009345794386,0.6462828356507863,1.0,117.0,1025.0,1.0,0.706355140186916,0.20766355140186854,0.6472266602986456,1025,161,96.49,0.0941,205.66,1.2774,302.15,1.3716
PPO,run_20260429_210505_r04,PptT,0.015732546705998034,1.0,0.5793128536690724,0.625,0.4301615547147166,3.086912400224033,1.0,0.8125,1.0,1.0,0.6875,0.0625,0.0,0.0,0.9569256756756757,0.0009832841691248771,1.0,0.7299118868848335,2.9632911182996065,0.7225095570047223,0.45311445918596804,0.40160032981035904,0.7225095570047223,0.45311445918596804,0.40160032981035904,0.4494601592285025,1.0,13.0,1017.0,0.7225095570047223,0.45311445918596804,0.40160032981035904,0.45084589556327476,1017,13,0.0,0.0,50.37,3.8746,50.37,3.8746
PPO,run_20260429_210505_r02,CHK1,0.3771266540642722,0.7017543859649122,0.6935940104785501,0.2892857142857143,0.5655295105993905,2.5835801989107616,1.0,0.9178571428571428,0.9964285714285714,0.9214285714285714,0.9857142857142858,1.0,0.002506265664160401,0.000945179584120983,0.34865458508797875,0.2646502835538752,0.9178571428571428,0.5655295105993905,2.5835801989107616,0.869158878504673,0.7704672897196261,0.4666915887850468,0.869158878504673,0.7704672897196261,0.4666915887850468,0.6280801370952069,1.0,128.0,1058.0,0.869158878504673,0.7704672897196261,0.4666915887850468,0.6304813727692373,1058,350,116.88,0.1105,796.15,2.2747,913.03,2.3852
PPOD,run_20260429_211332_r01,ITK,0.9462890625,0.9958720330237358,0.8012153845905654,0.8466321243523316,0.6171806617773992,2.7965250408391755,0.8932642487046633,0.9593967517401392,0.9906735751295337,0.9699481865284975,0.9046632124352332,1.0,0.0010319917440660474,0.0009765625,0.2571930417734142,0.841796875,0.9593967517401392,0.6171806617773992,2.7965250408391755,1.0,1.0,0.9858580858085811,1.2417491749174918,1.2627887788778882,1.1776402640264032,0.9269226678527227,1.0,120.0,184.0,1.0,1.0,0.9858580858085811,0.9269226678527227,1024,810,44.93,0.0439,1105.81,1.3652,1150.75,1.4091
PPO,run_20260430_113110_r01,PptT,0.02233009708737864,1.0,0.620711753344417,0.6521739130434783,0.49808756286842665,2.8554951037360876,1.0,0.8695652173913043,1.0,1.0,0.782608695652174,0.34782608695652173,0.0,0.0,0.782147600328065,0.007766990291262136,1.0,0.6629176196778974,2.4061350125806373,0.724758263998201,0.46492017090173154,0.33237388501611576,0.724758263998201,0.46492017090173154,0.287234839967019,0.46131894782899274,1.0,13.0,1030.0,0.724758263998201,0.46492017090173154,0.33237388501611576,0.46278987233173097,1030,20,0.0,0.0,102.37,5.1183,102.37,5.1183
PPOD,run_20260429_211332_r02,DPP4,0.7677865612648221,0.963963963963964,0.7533628227645005,0.7236315086782377,0.7241334873365437,3.5328477292779374,0.5700934579439252,0.9601873536299765,0.9933244325767691,0.9612817089452603,0.9038718291054739,1.0,0.005148005148005148,0.003952569169960474,0.29557481001561636,0.42193675889328064,0.9601873536299765,0.7241334873365437,3.5328477292779374,1.0,1.0,0.6513672496025429,1.3839427662957071,1.3052464228934817,0.6987678855325913,0.8859544763317142,1.0,179.0,313.0,1.0,1.0,0.6513672496025429,0.8859544763317142,1012,417,70.53,0.0697,440.56,1.0565,511.1,1.1262
PPO,run_20260430_113110_r01,PEPCK,0.8748768472906404,0.6768018018018018,0.45051627083530876,0.259567387687188,0.37916070828002496,2.9062621920308453,1.0,0.9733777038269551,0.9983361064891847,0.9900166389351082,0.39600665557404324,0.9966722129783694,0.0,0.0,0.59132951004461,0.5901477832512315,0.9732888146911519,0.3789805638061574,2.907730787108763,1.0,1.0,1.0,1.0505928853754942,1.1565217391304352,1.1509881422924904,0.975407776631165,1.0,34.0,164.0,1.0,1.0,1.0,0.9778384907731663,1015,857,76.77,0.0756,2104.83,2.456,2181.6,2.5317
PPO,run_20260430_113110_r01,TTK,0.7010816125860374,0.9635343618513323,0.6927683726814098,0.5982532751091703,0.6870078161558978,2.7680677960813274,1.0,0.9534206695778749,0.9985443959243085,0.9548762736535662,0.9213973799126638,1.0,0.002805049088359046,0.0019665683382497543,0.3303498702127072,0.6755162241887905,0.9534206695778749,0.6870078161558978,2.7680677960813274,1.0,0.8644523326572008,0.5560446247464502,1.0547667342799187,0.8699290060851925,0.5565922920892493,0.6779160209501357,1.0,295.0,1017.0,1.0,0.8644523326572008,0.5560446247464502,0.6779567408231164,1017,665,58.52,0.0575,896.54,1.3482,955.06,1.4057
PPOD,run_20260429_211332_r01,CHK1,0.3063583815028902,0.6792452830188679,0.7136382322990109,0.6388888888888888,0.5276373094779302,2.7893866977336734,1.0,0.9675925925925926,0.9907407407407407,0.9722222222222222,0.9398148148148148,1.0,0.0,0.0,0.33063934692916314,0.20809248554913296,0.9675925925925926,0.5276373094779302,2.7893866977336734,0.8990654205607478,0.766355140186916,0.5660934579439254,0.8990654205607478,0.766355140186916,0.5660934579439254,0.6643203140475034,1.0,118.0,1038.0,0.8990654205607478,0.766355140186916,0.5660934579439254,0.6662887439443272,1038,294,107.96,0.104,311.98,1.0611,419.93,1.1651
PPOD,run_20260429_211332_r01,PEPCK,0.6732283464566929,0.7748538011695907,0.4688613924401134,0.3471698113207547,0.3524373086136614,2.8065649715700456,1.0,0.9716981132075472,0.9981132075471698,0.9867924528301887,0.37735849056603776,0.9981132075471698,0.0,0.0,0.624842842541299,0.5206692913385826,0.9716446124763705,0.3524502445729449,2.806851298143479,1.0,1.0,1.0,1.192885375494071,1.1573122529644269,1.1779841897233205,0.9762137810836886,1.0,32.0,114.0,1.0,1.0,1.0,0.9786916565641746,1016,664,73.23,0.0721,1818.4,2.7386,1891.64,2.8106
PPOD,run_20260429_211332_r01,DPP4,0.8102261553588987,0.9296116504854369,0.7322641812574133,0.6135770234986945,0.7312658135087879,3.4098561248128236,0.664490861618799,0.9685658153241651,0.9947780678851175,0.9660574412532638,0.9203655352480418,1.0,0.0024271844660194173,0.0019665683382497543,0.3182937314017472,0.5004916420845624,0.9685658153241651,0.7312658135087879,3.4098561248128236,1.0,0.9998410174880762,0.7091653418124011,1.0143084260731319,1.1283783783783783,0.7220190779014313,0.8546186217451183,1.0,226.0,1017.0,1.0,0.9998410174880762,0.7091653418124011,0.8546186217451183,1017,534,76.65,0.0754,475.03,0.8896,551.69,0.9649
PPOD,run_20260429_211332_r02,CHK1,0.2754036087369421,0.6103448275862069,0.7041671261879505,0.5480225988700564,0.5584714723583257,2.737284616254423,1.0,0.9322033898305084,0.9943502824858758,0.9378531073446328,0.9548022598870056,1.0,0.006896551724137931,0.001899335232668566,0.3772263186641524,0.16809116809116809,0.9322033898305084,0.5584714723583257,2.737284616254423,0.8822429906542057,0.783177570093458,0.4288971962616824,0.8822429906542057,0.783177570093458,0.4288971962616824,0.6170915319824978,1.0,219.0,1053.0,0.8822429906542057,0.783177570093458,0.4288971962616824,0.6195617363547444,1053,259,99.25,0.0943,293.35,1.1326,392.61,1.2269
PPOD,run_20260429_211332_r01,TTK,0.7888563049853372,0.990086741016109,0.714089203523331,0.7096370463078848,0.6600854911462755,2.998873631506522,1.0,0.9612015018773467,0.9974968710888611,0.9687108886107635,0.8723404255319149,1.0,0.0,0.0,0.3104651234072035,0.7810361681329423,0.9612015018773467,0.6600854911462755,2.998873631506522,1.0,0.9623732251521299,0.6655578093306288,1.1460446247464504,0.9946754563894524,0.668788032454361,0.813230832832678,1.0,185.0,1023.0,1.0,0.9623732251521299,0.6655578093306288,0.8132652533772243,1023,754,64.04,0.0626,1069.67,1.4187,1133.71,1.4813
PPO,run_20260430_113110_r01,VEGFR2,0.01065891472868217,1.0,0.6610117153210384,0.9090909090909091,0.6670698920317912,3.246789447583875,1.0,0.9090909090909091,1.0,0.9090909090909091,0.9090909090909091,1.0,0.0,0.0,0.2015516592042151,0.01065891472868217,0.9090909090909091,0.6670698920317912,3.246789447583875,0.0,0.0,0.0,0.0,0.0,0.0,0.0,0.0,1032.0,1032.0,0.0,0.0,0.0,0.0,1032,10,37.52,0.0364,56.27,5.6269,93.79,5.6633
PPOD,run_20260429_211332_r02,PptT,0.026871401151631478,0.8214285714285714,0.6321314344600784,0.6521739130434783,0.4922785732564486,2.9257696012177434,1.0,0.8695652173913043,1.0,1.0,0.6956521739130435,0.34782608695652173,0.0,0.0,0.7787794782434448,0.007677543186180422,1.0,0.6462167745434605,2.6081741928403965,0.7472453339329886,0.4822352147515178,0.2429165729705419,0.7472453339329886,0.4822352147515178,0.18633348324713292,0.474254265426801,1.0,13.0,1042.0,0.7472453339329886,0.4822352147515178,0.2429165729705419,0.4757826163001242,1042,25,18.6,0.0179,143.9,5.7561,162.51,5.774
PPOD,run_20260429_211332_r01,VEGFR2,0.03493013972055888,0.8285714285714286,0.6547110251889564,0.6896551724137931,0.6806571695277783,2.760042212681561,1.0,0.9655172413793104,1.0,0.9655172413793104,0.9310344827586207,1.0,0.0,0.0,0.22290554123678719,0.028942115768463075,0.9655172413793104,0.6806571695277783,2.760042212681561,0.0,0.0,0.0,-1.740688685874912,-1.3524244553759661,-1.3524244553759661,0.0,1.0,1.0,1002.0,0.0,0.0,0.0,0.0,1002,33,34.63,0.0346,88.81,2.6913,123.44,2.7258
PPOD,run_20260429_211332_r01,PptT,0.01678183613030602,1.0,0.591212458870851,0.6470588235294118,0.46357717856233044,3.1602424275696372,1.0,0.8235294117647058,1.0,1.0,0.7058823529411765,0.11764705882352941,0.0,0.0,0.924773396993547,0.0019743336623889436,1.0,0.8640695235044918,3.648406991699457,0.7382505059590736,0.4595232741173826,0.3500112435349675,0.7382505059590736,0.4595232741173826,0.3415143435381799,0.4558197184623356,1.0,13.0,1013.0,0.7382505059590736,0.4595232741173826,0.3500112435349675,0.4572520726544726,1013,14,0.0,0.0,58.01,4.1439,58.01,4.1439
PPOD,run_20260429_211332_r02,VEGFR2,0.04407443682664055,0.8222222222222222,0.6273782534139325,0.6756756756756757,0.6617193519892658,2.8650462169733086,1.0,0.972972972972973,0.972972972972973,1.0,0.918918918918919,1.0,0.0,0.0,0.19887056514947532,0.03623898139079334,0.972972972972973,0.6617193519892658,2.8650462169733086,0.34645115952213656,0.057741859920356096,0.057741859920356096,0.34645115952213656,-0.824197704380417,-0.824197704380417,0.02831669859169666,1.0,187.0,1021.0,0.34645115952213656,0.057741859920356096,0.057741859920356096,0.0449243842803235,1021,43,85.92,0.0842,228.94,5.3243,314.87,5.4084
PPOD,run_20260429_211332_r02,ITK,0.9501953125,0.9979445015416238,0.822453209914658,0.8970133882595263,0.611032244972704,2.9361842686590482,0.8681771369721936,0.963226571767497,0.9886714727085479,0.9732234809474768,0.898043254376931,1.0,0.0,0.0,0.23545160380471705,0.8232421875,0.963226571767497,0.611032244972704,2.9361842686590482,1.0,1.0,0.950544554455446,1.0519801980198025,1.1204620462046209,1.0616749174917495,0.905621599757632,1.0,119.0,251.0,1.0,1.0,0.950544554455446,0.905621599757632,1024,795,45.21,0.0442,1094.17,1.3763,1139.38,1.4205
PPOD,run_20260429_211332_r02,PEPCK,0.900398406374502,0.6670353982300885,0.4631252640174932,0.34991708126036486,0.3671745656998336,2.9803968583911153,1.0,0.9469320066334992,1.0,0.9684908789386402,0.3615257048092869,0.9966832504145937,0.0,0.0,0.6170337368837989,0.598605577689243,0.9467554076539102,0.36695513337869035,2.982107270677959,1.0,1.0,1.0,1.0545454545454545,1.114624505928854,1.1591304347826086,0.9715834684975513,1.0,32.0,146.0,1.0,1.0,1.0,0.9742804867486576,1004,868,74.69,0.0744,2335.12,2.6902,2409.81,2.7646
PPOD,run_20260429_211332_r04,CHK1,0.31786771964461996,0.8664596273291926,0.7310723264234823,0.6200716845878136,0.47613890405074916,2.70092419281618,1.0,0.974910394265233,1.0,0.978494623655914,0.8817204301075269,0.996415770609319,0.003105590062111801,0.0009871668311944718,0.311521827448145,0.2744323790720632,0.9748201438848921,0.475730954163984,2.7031492119389497,1.0,0.9685981308411215,0.6777570093457952,1.0542056074766357,1.0020560747663552,0.6811028037383186,0.7437680250205275,1.0,492.0,1013.0,1.0,0.9685981308411215,0.6777570093457952,0.744697011832383,1013,307,84.06,0.083,402.19,1.3101,486.25,1.393
PPOD,run_20260429_211332_r04,PptT,0.019398642095053348,0.95,0.605683315428325,0.631578947368421,0.4625639619414837,2.8936442882778457,1.0,0.8421052631578947,1.0,1.0,0.7368421052631579,0.21052631578947367,0.0,0.0,0.8698353396983535,0.0038797284190106693,1.0,0.6590105720843891,2.137983547998539,0.7562401619069036,0.46818079604227575,0.3390450490967694,0.7562401619069036,0.46818079604227575,0.3041750993178923,0.46453802720426207,1.0,13.0,1031.0,0.7562401619069036,0.46818079604227575,0.3390450490967694,0.46596950518174246,1031,15,0.0,0.0,59.78,3.9856,59.78,3.9856
PPOD,run_20260429_211332_r02,TTK,0.8426197458455523,0.9825986078886311,0.7037409917020772,0.6375442739079102,0.6683959765536448,2.8208551082959814,1.0,0.9598583234946871,0.9964580873671782,0.9752066115702479,0.89728453364817,1.0,0.0,0.0,0.3432878709411979,0.8279569892473119,0.9598583234946871,0.6683959765536448,2.8208551082959814,1.0,0.9939148073022313,0.7516734279918859,1.0065922920892494,1.0258620689655171,0.7548681541582145,0.83416040599676,1.0,208.0,1023.0,1.0,0.9939148073022313,0.7516734279918859,0.8342747490452457,1023,808,60.28,0.0589,1090.17,1.3492,1150.46,1.4082
PPOD,run_20260429_211332_r03,CHK1,0.2591170825335892,0.562962962962963,0.7058358230549526,0.3684210526315789,0.5759526023442922,2.7115860965529768,1.0,0.9605263157894737,1.0,0.9605263157894737,0.9671052631578947,0.993421052631579,0.003703703703703704,0.0009596928982725527,0.3456755191702756,0.14491362763915547,0.9602649006622517,0.5758625601573573,2.7157530980090487,0.9757009345794394,0.7284112149532712,0.3721869158878504,0.9757009345794394,0.7284112149532712,0.3721869158878504,0.5422506143828367,1.0,355.0,1042.0,0.9757009345794394,0.7284112149532712,0.3721869158878504,0.5539096480670467,1042,255,100.77,0.0967,302.98,1.1882,403.75,1.2849
PPOD,run_20260429_211332_r03,DPP4,0.8379174852652259,0.9566236811254396,0.7548793760259207,0.7144607843137255,0.7372285212092305,3.4700258005277296,0.5171568627450981,0.9549763033175356,0.9926470588235294,0.9313725490196079,0.9522058823529411,1.0,0.0023446658851113715,0.0019646365422396855,0.29614118837022163,0.41453831041257366,0.9549763033175356,0.7372285212092305,3.4700258005277296,1.0,0.9978537360890302,0.5989904610492844,1.1852146263910968,1.3803656597774243,0.6372416534181238,0.8754594172931743,1.0,186.0,1018.0,1.0,0.9978537360890302,0.5989904610492844,0.8755011014299698,1018,422,64.53,0.0634,431.01,1.0213,495.54,1.0847
PPOD,run_20260429_211332_r04,PEPCK,0.9625246548323472,0.6690573770491803,0.4603252807780799,0.2664624808575804,0.33991935359051817,2.759751529709243,1.0,0.9464012251148545,0.998468606431853,0.9846860643185299,0.40735068912710565,0.996937212863706,0.0,0.0,0.6465252194448806,0.6420118343195266,0.946236559139785,0.339633041379726,2.7606527080917767,1.0,1.0,1.0,1.0980237154150194,1.1106719367588933,1.1652569169960476,0.9696880043033889,1.0,39.0,135.0,1.0,1.0,1.0,0.97190816120582,1014,928,74.54,0.0735,2268.72,2.4447,2343.25,2.5182
PPOD,run_20260429_211332_r03,PptT,0.021780303030303032,0.8260869565217391,0.6157990051972397,0.5789473684210527,0.4543635168614594,2.8990157990721137,1.0,0.8421052631578947,1.0,1.0,0.7368421052631579,0.21052631578947367,0.0,0.0,0.8644019468962261,0.003787878787878788,1.0,0.6200584579542738,2.163498224271311,0.7494940409264673,0.4661569597481449,0.2621637295397252,0.7494940409264673,0.4661569597481449,0.20234812351319054,0.46248148656513843,1.0,13.0,1056.0,0.7494940409264673,0.4661569597481449,0.2621637295397252,0.46374459423723674,1056,19,0.0,0.0,101.74,5.3549,101.74,5.3549
PPOD,run_20260429_211332_r03,ITK,0.957843137254902,0.9877175025588536,0.7989663721514344,0.8663212435233161,0.6266509695646975,2.7294726942999947,0.9098445595854923,0.9703872437357631,0.9927461139896373,0.9772020725388602,0.917098445595855,1.0,0.0,0.0,0.26732844706104303,0.8607843137254902,0.9703872437357631,0.6266509695646975,2.7294726942999947,1.0,1.0,0.9981600660066006,1.5346534653465354,1.2240099009900995,1.1999174917491748,0.9110252863521646,1.0,125.0,238.0,1.0,1.0,0.9981600660066006,0.9110252863521646,1020,847,43.37,0.0425,937.42,1.1068,980.79,1.1493
PPOD,run_20260429_211332_r04,DPP4,0.8493150684931506,0.9423963133640553,0.7490619842255981,0.6577017114914425,0.744548483492974,3.4851948957194705,0.7701711491442543,0.9523809523809523,0.9975550122249389,0.9547677261613692,0.9315403422982885,1.0,0.0034562211981566822,0.0029354207436399216,0.30914666502909915,0.6164383561643836,0.9523809523809523,0.744548483492974,3.4851948957194705,1.0,1.0,0.8009538950715416,1.2368839427662957,1.2333068362480126,0.837281399046104,0.8768819671519108,1.0,169.0,483.0,1.0,1.0,0.8009538950715416,0.8768819671519108,1022,631,60.6,0.0593,810.65,1.2847,871.25,1.344
PPOD,run_20260429_211332_r04,ITK,0.96484375,0.9979757085020243,0.8153140380127906,0.9330628803245437,0.6245658234098945,2.995872088256294,0.8945233265720081,0.9523809523809523,0.9797160243407708,0.9746450304259635,0.9269776876267748,1.0,0.0,0.0,0.23351331640130127,0.861328125,0.9523809523809523,0.6245658234098945,2.995872088256294,1.0,1.0,0.9688036303630365,1.365511551155116,1.3836633663366338,1.1589521452145215,0.9210548325340346,1.0,96.0,178.0,1.0,1.0,0.9688036303630365,0.9210548325340346,1024,823,47.41,0.0463,1055.32,1.2823,1102.73,1.3286
PPOD,run_20260429_211332_r05,DPP4,0.8633235004916421,0.9362186788154897,0.7346025615495781,0.6094890510948905,0.7375810375757706,3.385649507393084,0.7652068126520681,0.9634340222575517,0.9927007299270073,0.9635036496350365,0.940389294403893,1.0,0.00683371298405467,0.0058997050147492625,0.3104922032428265,0.6184857423795477,0.9634340222575517,0.7375810375757706,3.385649507393084,1.0,1.0,0.6575914149443559,1.0023847376788555,1.2412559618441972,0.6817170111287763,0.862385237918814,1.0,184.0,993.0,1.0,1.0,0.6575914149443559,0.862385237918814,1017,642,61.61,0.0606,539.25,0.84,600.86,0.9005
PPOD,run_20260429_211332_r03,PEPCK,0.9445544554455445,0.69916142557652,0.4682228412569973,0.4047976011994003,0.3564460578374694,2.8272316818028345,1.0,0.9535232383808095,1.0,0.9895052473763118,0.3553223388305847,0.9970014992503748,0.0,0.0,0.6128808659337035,0.6584158415841584,0.9533834586466166,0.35621547762584266,2.828316835834739,1.0,1.0,1.0,1.0466403162055338,1.1790513833992098,1.1496442687747035,0.9722339451336438,1.0,33.0,101.0,1.0,1.0,1.0,0.975679626658318,1010,913,76.89,0.0761,2347.89,2.5716,2424.78,2.6477
PPOD,run_20260429_211332_r03,TTK,0.7458455522971652,0.9803407601572739,0.7129430272862773,0.49732620320855614,0.6487273031190565,2.8023395817867987,1.0,0.9478609625668449,0.9959893048128342,0.9585561497326203,0.9171122994652406,1.0,0.001310615989515072,0.0009775171065493646,0.2924262872319093,0.7311827956989247,0.9478609625668449,0.6487273031190565,2.8023395817867987,1.0,0.9412778904665317,0.644533468559838,1.1130831643002028,0.9525862068965518,0.6456643002028399,0.737089586567765,1.0,363.0,1023.0,1.0,0.9412778904665317,0.644533468559838,0.7381533237108059,1023,707,61.32,0.0599,1083.83,1.533,1145.15,1.5929
PPOD,run_20260429_211332_r03,VEGFR2,0.022637795275590553,1.0,0.6552383192737076,0.8260869565217391,0.6884376220048368,2.9212473625009605,1.0,1.0,1.0,1.0,1.0,1.0,0.0,0.0,0.22433711042191112,0.022637795275590553,1.0,0.6884376220048368,2.9212473625009605,0.20941672522839075,0.08011243851018982,0.08011243851018982,0.20941672522839075,-0.4256851721714686,-0.4256851721714686,0.011227250845225517,1.0,952.0,1016.0,0.20941672522839075,0.08011243851018982,0.08011243851018982,0.012259235449574428,1016,19,35.27,0.0347,99.01,5.2112,134.28,5.246
REINFORCE,run_20260429_211516_r01,CHK1,0.4160873882820258,0.9045346062052506,0.7325563519010772,0.6385224274406333,0.5026766027746136,2.7542217328685723,1.0,0.9736147757255936,0.9947229551451188,0.9815303430079155,0.9604221635883905,0.9973614775725593,0.0,0.0,0.32720766540447654,0.3753723932472691,0.9735449735449735,0.5024467816904951,2.7559991213769917,1.0,0.8925233644859812,0.6586542056074767,1.4317757009345797,0.9839252336448598,0.6677943925233646,0.655830402138303,1.0,470.0,1007.0,1.0,0.8925233644859812,0.6586542056074767,0.6576761858505078,1007,404,70.65,0.0702,358.06,0.8863,428.71,0.9565
PPOD,run_20260429_211332_r05,CHK1,0.4085487077534791,0.8345498783454988,0.7347020834475742,0.5247813411078717,0.5338436005550973,2.771999474220102,1.0,0.9766763848396501,1.0,0.9795918367346939,0.9650145772594753,1.0,0.0024330900243309003,0.0009940357852882703,0.3065499957534021,0.34095427435387676,0.9766763848396501,0.5338436005550973,2.771999474220102,1.0,0.9336448598130842,0.6717570093457944,1.0317757009345798,0.9401869158878506,0.672411214953271,0.7957209081956857,1.0,245.0,1006.0,1.0,0.9336448598130842,0.6717570093457944,0.7985892691617686,1006,398,90.56,0.09,390.15,0.9803,480.71,1.0703
REINFORCE,run_20260429_211516_r01,DPP4,0.7243401759530792,0.9743589743589743,0.7302249210709768,0.7049861495844876,0.7244826080174831,3.3903532145091226,0.7146814404432132,0.9748062015503876,0.9944598337950139,0.9626038781163435,0.9210526315789473,1.0,0.0,0.0,0.3268687842267707,0.5043988269794721,0.9748062015503876,0.7244826080174831,3.3903532145091226,1.0,1.0,0.7087917329093802,1.240858505564388,1.3052464228934817,0.7449920508744041,0.8159163562389368,1.0,351.0,844.0,1.0,1.0,0.7087917329093802,0.8159163562389368,1023,507,52.19,0.051,300.69,0.5931,352.88,0.6441
PPOD,run_20260429_211332_r05,ITK,0.9247311827956989,0.9978858350951374,0.8091393322216904,0.8601694915254238,0.6476884277576423,2.8844282678981075,0.8866525423728814,0.965352449223417,0.9883474576271186,0.9766949152542372,0.9396186440677966,1.0,0.0,0.0,0.25162015241082686,0.8181818181818182,0.965352449223417,0.6476884277576423,2.8844282678981075,1.0,1.0,0.9558003300330032,1.0231023102310235,1.1881188118811885,1.122689768976898,0.9117573047627344,1.0,107.0,294.0,1.0,1.0,0.9558003300330032,0.9117573047627344,1023,790,45.88,0.0449,977.13,1.2369,1023.01,1.2817
PPOD,run_20260429_211332_r04,VEGFR2,0.019704433497536946,0.75,0.631375659604697,0.6666666666666666,0.672722717415025,3.0795066585596804,1.0,1.0,1.0,1.0,0.9333333333333333,1.0,0.0,0.0,0.22238244138205732,0.014778325123152709,1.0,0.672722717415025,3.0795066585596804,0.0,0.0,0.0,-1.7371749824314826,-1.7371749824314826,-1.7371749824314826,0.0,1.0,1.0,1015.0,0.0,0.0,0.0,0.0,1015,20,36.51,0.036,85.53,4.2765,122.04,4.3125
REINFORCE,run_20260429_211516_r01,VEGFR2,0.009883198562443846,1.0,0.6840096785344387,0.9090909090909091,0.6230722002563978,2.7482293811415843,1.0,0.9090909090909091,0.9090909090909091,1.0,1.0,1.0,0.0,0.0,0.2052192129038675,0.009883198562443846,0.9090909090909091,0.6230722002563978,2.7482293811415843,0.0,0.0,0.0,-1.0520028109627546,-1.0520028109627546,-1.0520028109627546,0.0,1.0,1.0,1113.0,0.0,0.0,0.0,0.0,1113,9,17.81,0.016,30.83,3.4254,48.64,3.4414
REINFORCE,run_20260429_211516_r01,PEPCK,0.9141552511415525,0.5624375624375625,0.45794266938215134,0.28596802841918295,0.37736920825147,2.7729131479838127,1.0,0.9413854351687388,0.9982238010657194,0.9786856127886323,0.5559502664298401,0.9964476021314387,0.0,0.0,0.6325643837470599,0.5123287671232877,0.9411764705882353,0.37717047466875386,2.7740058224286948,1.0,1.0,0.9866166007905138,1.0980237154150194,1.1272727272727274,1.1015810276679843,0.9611361741296227,1.0,55.0,139.0,1.0,1.0,0.9866166007905138,0.9636929838960808,1095,880,63.93,0.0584,1898.57,2.1575,1962.5,2.2159
PPOD,run_20260429_211332_r05,PptT,0.0688976377952756,0.8714285714285714,0.5809933250894619,0.4426229508196721,0.5599058927138761,2.8063976635104066,1.0,0.9016393442622951,1.0,0.9508196721311475,0.7377049180327869,0.7540983606557377,0.0,0.0,0.5357794813636951,0.045275590551181105,0.9347826086956522,0.6087301405868658,2.712238047583693,0.8731729255677985,0.5688104340004496,0.2283428554005176,0.8731729255677985,0.5688104340004496,0.22226753515033942,0.47071226833167656,1.0,15.0,1016.0,0.8731729255677985,0.5688104340004496,0.2283428554005176,0.47219466012118955,1016,61,0.0,0.0,255.74,4.1925,255.74,4.1925
PPOD,run_20260429_211332_r05,TTK,0.7602739726027398,0.9716859716859717,0.6992056126932007,0.5589403973509933,0.6940113136712918,2.7237320878852604,1.0,0.9562913907284768,0.9973509933774835,0.9615894039735099,0.9231788079470199,1.0,0.0,0.0,0.33757290237445003,0.738747553816047,0.9562913907284768,0.6940113136712918,2.7237320878852604,1.0,0.8869675456389453,0.5859077079107502,1.171399594320487,0.9181034482758621,0.5890212981744419,0.6864045015738937,1.0,338.0,1022.0,1.0,0.8869675456389453,0.5859077079107502,0.6865046183801816,1022,726,61.16,0.0598,893.98,1.2314,955.14,1.2912
REINFORCE,run_20260429_211516_r02,PEPCK,0.9175925925925926,0.549949545913219,0.4561440300981322,0.23302752293577983,0.37575595443368354,2.759530706187366,1.0,0.9431192660550459,1.0,0.981651376146789,0.5614678899082569,0.9963302752293578,0.0,0.0,0.6395548186133408,0.5027777777777778,0.9429097605893186,0.3755446909943846,2.7606103111228832,1.0,1.0,0.9917075098814229,1.0189723320158104,1.0841897233201583,1.0794861660079047,0.94948118869858,1.0,67.0,226.0,1.0,1.0,0.9917075098814229,0.951407255206772,1080,885,65.69,0.0608,1905.87,2.1535,1971.56,2.2143
PPOD,run_20260429_211332_r04,TTK,0.81640625,0.9904306220095693,0.7234335260739351,0.7306763285024155,0.6371499524598545,3.166015143156936,1.0,0.9528985507246377,0.998792270531401,0.9637681159420289,0.8103864734299517,1.0,0.0,0.0,0.3067325969155218,0.80859375,0.9528985507246377,0.6371499524598545,3.166015143156936,1.0,0.9393002028397566,0.6979614604462473,1.0953346855983772,0.9789553752535497,0.7019269776876266,0.708070878034673,1.0,384.0,1024.0,1.0,0.9393002028397566,0.6979614604462473,0.7082189176182326,1024,778,62.18,0.0607,1127.7,1.4495,1189.88,1.5102
REINFORCE,run_20260429_211516_r02,ITK,0.912109375,0.9978586723768736,0.8239520234547453,0.9313304721030042,0.6312388552829108,2.925435109484505,0.7682403433476395,0.9692737430167597,0.9860515021459227,0.9763948497854077,0.9152360515021459,1.0,0.0,0.0,0.2350632361826123,0.69921875,0.9692737430167597,0.6312388552829108,2.925435109484505,1.0,1.0,0.9210891089108914,1.3902640264026402,1.1262376237623763,1.0245874587458745,0.8885289359014027,1.0,185.0,368.0,1.0,1.0,0.9210891089108914,0.8885289359014027,1024,678,32.45,0.0317,729.64,1.0762,762.1,1.1079
REINFORCE,run_20260429_211516_r01,PptT,0.02054794520547945,0.9523809523809523,0.6239452709855381,0.7,0.47350131493172054,2.902269998314433,1.0,0.85,1.0,1.0,0.75,0.25,0.0,0.0,0.8360526839799618,0.004892367906066536,1.0,0.6634706620167554,2.323618536200747,0.7629862828873397,0.45468855408140313,0.3063532586409873,0.7629862828873397,0.45468855408140313,0.2852683236550748,0.45101985162696934,1.0,13.0,1022.0,0.7629862828873397,0.45468855408140313,0.3063532586409873,0.4524210925831148,1022,18,0.0,0.0,67.89,3.7719,67.89,3.7719
PPOD,run_20260429_211332_r05,VEGFR2,0.017699115044247787,0.9444444444444444,0.6915192704516526,0.9411764705882353,0.6788670455217998,2.938283062164425,1.0,1.0,1.0,1.0,0.9411764705882353,1.0,0.0,0.0,0.2286735574952238,0.01671583087512291,1.0,0.6788670455217998,2.938283062164425,0.0,0.0,0.0,-0.48278285312719627,-0.48278285312719627,-0.48278285312719627,0.0,1.0,1.0,1017.0,0.0,0.0,0.0,0.0,1017,18,36.08,0.0355,92.29,5.127,128.36,5.1625
PPOD,run_20260429_211332_r05,PEPCK,0.9038642789820923,0.6204379562043796,0.46213454848560664,0.28907563025210087,0.36816948931910565,2.766299514354527,1.0,0.9663865546218487,1.0,0.9764705882352941,0.4857142857142857,0.9966386554621849,0.0010427528675703858,0.000942507068803016,0.6306978068335515,0.5589066918001885,0.9662731871838112,0.36795045225710143,2.7673109192387093,1.0,1.0,1.0,1.0426877470355733,1.1956521739130437,1.1348616600790513,0.9601279276392992,1.0,72.0,216.0,1.0,1.0,1.0,0.9619823314369067,1061,878,84.07,0.0792,2057.48,2.3434,2141.55,2.4226
REINFORCE,run_20260429_211516_r02,CHK1,0.43125,0.8799171842650103,0.7293863000911849,0.6258823529411764,0.5229252457804433,2.7620160906535514,1.0,0.9505882352941176,0.9882352941176471,0.9670588235294117,0.96,0.9976470588235294,0.0,0.0,0.33007336580018143,0.37857142857142856,0.9504716981132075,0.5227681143493325,2.763619032195927,1.0,0.8355140186915888,0.5920560747663555,1.018691588785047,0.8373831775700935,0.5922429906542059,0.6655577436582111,1.0,343.0,1120.0,1.0,0.8355140186915888,0.5920560747663555,0.6657516880973574,1120,392,78.89,0.0704,332.41,0.848,411.31,0.9184
REINFORCE,run_20260429_211516_r01,TTK,0.5937193326790972,0.968595041322314,0.7108941855245308,0.5767918088737202,0.6723400152819762,2.664439659027448,1.0,0.8993174061433447,0.9931740614334471,0.9027303754266212,0.9709897610921502,1.0,0.0,0.0,0.31091245267785217,0.5750736015701668,0.8993174061433447,0.6723400152819762,2.664439659027448,0.9457403651115618,0.7961460446247464,0.4995182555780934,0.9457403651115618,0.7961460446247464,0.4995182555780934,0.5797887799158784,1.0,463.0,1019.0,0.9457403651115618,0.7961460446247464,0.4995182555780934,0.5801490061524932,1019,524,46.89,0.046,509.63,0.9726,556.52,1.0186
REINFORCE,run_20260429_211516_r02,PptT,0.026812313803376366,0.9259259259259259,0.6306484284625342,0.6,0.5323081261638477,2.6764485200296333,1.0,0.88,1.0,1.0,0.8,0.4,0.0,0.0,0.7459383688681004,0.009930486593843098,1.0,0.7155030165545557,2.0483905715455912,0.7270069709916799,0.40150663368563083,0.2283224645828649,0.7270069709916799,0.40150663368563083,0.16657297054193848,0.39802507621105526,1.0,14.0,1007.0,0.7270069709916799,0.40150663368563083,0.2283224645828649,0.3992444056860524,1007,24,0.0,0.0,104.56,4.3567,104.56,4.3567
REINFORCE,run_20260429_211516_r03,DPP4,0.6901270772238515,0.9759206798866855,0.7320511808740341,0.7256894049346879,0.723096108521691,3.385428419305915,0.6995645863570392,0.9771784232365145,0.9956458635703919,0.9593613933236574,0.93033381712627,1.0,0.00424929178470255,0.002932551319648094,0.32972094158919146,0.47116324535679377,0.9771784232365145,0.723096108521691,3.385428419305915,1.0,0.998887122416534,0.7190063593004773,1.288553259141494,1.195151033386327,0.7386327503974566,0.820913193683592,1.0,232.0,1023.0,1.0,0.998887122416534,0.7190063593004773,0.820913193683592,1023,467,52.51,0.0513,284.68,0.6096,337.19,0.6609
REINFORCE,run_20260429_211516_r02,DPP4,0.6938174681059862,0.9547383309759547,0.723320529778271,0.6503703703703704,0.738942782319433,3.347095687967664,0.7274074074074074,0.9694501018329938,0.9940740740740741,0.9614814814814815,0.9496296296296296,1.0,0.002828854314002829,0.001962708537782139,0.32836025206967717,0.4818449460255152,0.9694501018329938,0.738942782319433,3.347095687967664,1.0,0.981081081081081,0.6549841017488075,1.073926868044515,1.060015898251192,0.6628775834658188,0.7900880098478665,1.0,251.0,1019.0,1.0,0.981081081081081,0.6549841017488075,0.7900880098478665,1019,490,51.75,0.0508,284.7,0.581,336.45,0.6318
REINFORCE,run_20260429_211516_r02,VEGFR2,0.013888888888888888,1.0,0.6743566369458831,0.8571428571428571,0.6700142396283634,2.9341454297729532,1.0,1.0,1.0,1.0,0.9285714285714286,1.0,0.0,0.0,0.2001628950854565,0.013888888888888888,1.0,0.6700142396283634,2.9341454297729532,0.0,0.0,0.0,-0.8622628250175683,-0.8622628250175683,-0.8622628250175683,0.0,1.0,1.0,1008.0,0.0,0.0,0.0,0.0,1008,13,15.96,0.0158,95.91,7.3776,111.87,7.3934
REINFORCE,run_20260429_211516_r02,TTK,0.6787819253438114,0.9782923299565847,0.7168704871728203,0.6301775147928994,0.6338025914934372,2.6860604740326646,1.0,0.9230769230769231,0.9955621301775148,0.9275147928994083,0.9349112426035503,1.0,0.0,0.0,0.30680056977513226,0.6640471512770137,0.9230769230769231,0.6338025914934372,2.6860604740326646,1.0,0.8753549695740366,0.5579462474645027,1.0877281947261663,0.8841277890466532,0.5588235294117644,0.6700019825693302,1.0,366.0,1018.0,1.0,0.8753549695740366,0.5579462474645027,0.6703499442818475,1018,629,49.1,0.0482,723.05,1.1495,772.15,1.1978
REINFORCE,run_20260429_211516_r03,PptT,0.018830525272547076,1.0,0.6196106673946982,0.6842105263157895,0.4819669537776811,2.947964243602322,1.0,0.8421052631578947,1.0,1.0,0.7368421052631579,0.21052631578947367,0.0,0.0,0.8592696171322616,0.003964321110009911,1.0,0.751174783306327,2.396003335789801,0.751742747919946,0.4587362266696651,0.35285211003672895,0.751742747919946,0.4587362266696651,0.3355820403268122,0.4550681255771915,1.0,13.0,1009.0,0.751742747919946,0.4587362266696651,0.35285211003672895,0.45647036836376087,1009,16,0.0,0.0,72.08,4.5048,72.08,4.5048
REINFORCE,run_20260429_211516_r03,VEGFR2,0.010978043912175649,1.0,0.6905544131700896,1.0,0.6225383044600308,3.2629466222079624,1.0,0.9090909090909091,0.9090909090909091,1.0,0.9090909090909091,1.0,0.0,0.0,0.18327520853518386,0.010978043912175649,0.9090909090909091,0.6225383044600308,3.2629466222079624,0.0,0.0,0.0,0.0,0.0,0.0,0.0,0.0,1002.0,1002.0,0.0,0.0,0.0,0.0,1002,9,16.16,0.0161,34.14,3.7938,50.3,3.8099
REINFORCE,run_20260429_211516_r01,ITK,0.9589442815249267,0.9959225280326198,0.8240915590786684,0.9201637666325486,0.6588167578948633,2.821231077186295,0.7195496417604913,0.9601706970128022,0.984646878198567,0.9733879222108496,0.9570112589559877,1.0,0.0,0.0,0.23320467845839854,0.6871945259042033,0.9601706970128022,0.6588167578948633,2.821231077186295,1.0,1.0,0.849785478547855,1.5759075907590763,1.2174092409240926,0.9086221122112211,0.8668861240962805,1.0,202.0,580.0,1.0,1.0,0.849785478547855,0.8668861240962805,1023,660,31.37,0.0307,603.97,0.9151,635.34,0.9458
REINFORCE,run_20260429_211516_r03,CHK1,0.40836653386454186,0.8829268292682927,0.7307083048982923,0.6685082872928176,0.5069225754496484,2.7856971796406564,1.0,0.9696132596685083,0.994475138121547,0.9751381215469613,0.9668508287292817,1.0,0.0,0.0,0.3317608759782517,0.3605577689243028,0.9696132596685083,0.5069225754496484,2.7856971796406564,1.0,0.9321495327102806,0.6503364485981309,1.085981308411215,0.9426168224299067,0.6513831775700936,0.6709864281192987,1.0,464.0,1004.0,1.0,0.9321495327102806,0.6503364485981309,0.672329803320467,1004,397,70.08,0.0698,343.41,0.865,413.49,0.9348
REINFORCE,run_20260429_211516_r04,VEGFR2,0.008912655971479501,1.0,0.7356515930949072,1.0,0.5703927298733735,3.5946780628955537,1.0,0.8,0.8,1.0,0.8,1.0,0.0,0.0,0.20890478805839882,0.008912655971479501,0.8,0.5703927298733735,3.5946780628955537,0.0,0.0,0.0,0.0,0.0,0.0,0.0,0.0,1122.0,1122.0,0.0,0.0,0.0,0.0,1122,7,18.05,0.0161,35.25,5.0357,53.3,5.0518
REINFORCE,run_20260429_211516_r03,TTK,0.6663405088062623,0.9794419970631424,0.7110161285862588,0.6206896551724138,0.6437466570270033,2.616274962776746,1.0,0.9295352323838081,0.9970014992503748,0.9325337331334332,0.9445277361319341,1.0,0.0,0.0,0.3091812648350388,0.6526418786692759,0.9295352323838081,0.6437466570270033,2.616274962776746,0.9229208924949289,0.8192190669371197,0.5577586206896551,0.9229208924949289,0.8192190669371197,0.5577586206896551,0.6080926761351683,1.0,377.0,1022.0,0.9229208924949289,0.8192190669371197,0.5577586206896551,0.6083432447927998,1022,616,50.19,0.0491,639.78,1.0386,689.97,1.0877
REINFORCE,run_20260429_211516_r04,DPP4,0.707843137254902,0.9626038781163435,0.7227110276623196,0.6474820143884892,0.7415832977280984,3.3339793980842667,0.7237410071942446,0.9801192842942346,0.9971223021582734,0.9697841726618706,0.943884892086331,1.0,0.0013850415512465374,0.000980392156862745,0.33094385899083645,0.4931372549019608,0.9801192842942346,0.7415832977280984,3.3339793980842667,1.0,1.0,0.6749602543720193,1.022257551669316,1.1184419713831475,0.6868044515103342,0.8272229495931918,1.0,235.0,978.0,1.0,1.0,0.6749602543720193,0.8272229495931918,1020,505,50.98,0.05,262.73,0.5203,313.71,0.5702
REINFORCE,run_20260429_211516_r03,PEPCK,0.916287534121929,0.5600794438927508,0.4591803314099365,0.2730496453900709,0.38736284093197343,2.7790478581833726,1.0,0.9556737588652482,1.0,0.9804964539007093,0.5886524822695035,0.9964539007092199,0.0,0.0,0.6300593926144319,0.5113739763421292,0.9555160142348754,0.38720002549684396,2.780160420076571,1.0,1.0,0.9811620553359682,1.0031620553359688,1.1636363636363642,1.0676679841897232,0.9506997737792532,1.0,60.0,280.0,1.0,1.0,0.9811620553359682,0.95338753851196,1099,889,65.99,0.06,1936.64,2.1784,2002.63,2.2385
REINFORCE,run_20260429_211516_r04,TTK,0.6836935166994106,0.985632183908046,0.7126680208684459,0.5947521865889213,0.6518038855741736,2.6298913127317523,1.0,0.9169096209912536,0.9970845481049563,0.9183673469387755,0.9489795918367347,1.0,0.0,0.0,0.31153783259285756,0.6738703339882122,0.9169096209912536,0.6518038855741736,2.6298913127317523,1.0,0.9133874239350911,0.557946247464503,1.0167342799188643,0.9150608519269776,0.5581135902636917,0.6868572091799934,1.0,328.0,1018.0,1.0,0.9133874239350911,0.557946247464503,0.6870635083911848,1018,617,48.32,0.0475,614.04,0.9952,662.36,1.0427
REINFORCE,run_20260429_211516_r05,CHK1,0.40139442231075695,0.890818858560794,0.7315038165560825,0.6545961002785515,0.5168886796751068,2.75101195827167,1.0,0.9693593314763231,0.9944289693593314,0.9777158774373259,0.9665738161559888,1.0,0.0,0.0,0.324923254490377,0.35756972111553786,0.9693593314763231,0.5168886796751068,2.75101195827167,1.0,0.9353271028037383,0.6529532710280374,1.0261682242990655,0.946728971962617,0.6540934579439254,0.68380943515657,1.0,461.0,1004.0,1.0,0.9353271028037383,0.6529532710280374,0.6856053962461977,1004,389,70.61,0.0703,443.25,1.1395,513.86,1.2098
REINFORCE,run_20260429_211516_r05,PptT,0.016456921587608905,1.0,0.5928092777904348,0.6470588235294118,0.44786804689866966,2.9780565184280237,1.0,0.8235294117647058,1.0,1.0,0.7058823529411765,0.11764705882352941,0.0,0.0,0.9234360410831,0.001936108422071636,1.0,0.7305419043633757,2.099826763995744,0.7315043849786373,0.4619968518102091,0.36885219570175715,0.7315043849786373,0.4619968518102091,0.35605062803173887,0.4584506159338687,1.0,12.0,1033.0,0.7315043849786373,0.4619968518102091,0.36885219570175715,0.4598933057828631,1033,14,0.0,0.0,58.97,4.2122,58.97,4.2122
REINFORCE,run_20260429_211516_r04,ITK,0.923828125,0.9968287526427061,0.8224106441237855,0.9109225874867445,0.6482484419471113,2.84350508115788,0.7465535524920467,0.96875,0.9915164369034994,0.9766702014846236,0.9384941675503712,1.0,0.0010570824524312897,0.0009765625,0.23695415014900587,0.6875,0.96875,0.6482484419471113,2.84350508115788,1.0,1.0,0.8591171617161715,1.245874587458746,1.1753300330033003,0.9398514851485146,0.862281320905528,1.0,182.0,507.0,1.0,1.0,0.8591171617161715,0.862281320905528,1024,667,31.79,0.031,657.0,0.985,688.79,1.0161
REINFORCE,run_20260429_211516_r04,CHK1,0.4208955223880597,0.8936170212765957,0.7223854113559884,0.6243386243386243,0.520117789081665,2.698858337772738,1.0,0.955026455026455,0.9867724867724867,0.9682539682539683,0.9708994708994709,1.0,0.0,0.0,0.3393389212652703,0.3761194029850746,0.955026455026455,0.520117789081665,2.698858337772738,1.0,0.8781308411214954,0.635551401869159,1.0710280373831778,0.8966355140186918,0.6374018691588786,0.67646980053006,1.0,247.0,1005.0,1.0,0.8781308411214954,0.635551401869159,0.6783207778050853,1005,404,70.33,0.07,322.67,0.7987,393.0,0.8687
REINFORCE,run_20260429_211516_r04,PEPCK,0.9246323529411765,0.5397614314115308,0.4601495416804364,0.27255985267034993,0.3763663829494221,2.78192105075747,1.0,0.9429097605893186,1.0,0.9871086556169429,0.572744014732965,0.996316758747698,0.0,0.0,0.6336032931895117,0.49724264705882354,0.9426987060998152,0.37615659516659794,2.7830874207558542,1.0,1.0,0.9792490118577077,1.007114624505929,1.0948616600790513,1.082292490118577,0.9507998139967448,1.0,71.0,176.0,1.0,1.0,0.9792490118577077,0.9532689313785463,1088,894,63.86,0.0587,1915.12,2.1422,1978.98,2.2009
REINVENT,run_20260429_234501_r01,CHK1,0.39468503937007876,0.9226932668329177,0.7383038793521961,0.6810810810810811,0.5031795238810214,2.834189628399316,1.0,0.9594594594594594,0.9945945945945946,0.9702702702702702,0.9216216216216216,0.9972972972972973,0.0,0.0,0.3199876444944306,0.3631889763779528,0.959349593495935,0.5029454603344349,2.836227083011005,1.0,0.9287850467289722,0.6765607476635516,1.0074766355140188,0.9564485981308414,0.6793271028037384,0.6939928434763413,1.0,373.0,1016.0,1.0,0.9287850467289722,0.6765607476635516,0.6955437959273784,1016,381,67.86,0.0668,498.51,1.3084,566.37,1.3752
REINVENT,run_20260429_234501_r01,DPP4,0.7355533790401567,0.9680426098535286,0.7258355503786309,0.6685006877579092,0.7245150076406965,3.3718738408878863,0.7097661623108665,0.9728682170542635,0.9944979367262724,0.9669876203576341,0.9270976616231087,1.0,0.002663115845539281,0.0019588638589618022,0.32925780852751646,0.5053868756121449,0.9728682170542635,0.7245150076406965,3.3718738408878863,1.0,1.0,0.7525198728139904,1.2289348171701109,1.2317170111287756,0.7807631160572335,0.8300796158260005,1.0,340.0,756.0,1.0,1.0,0.7525198728139904,0.8300796158260005,1021,507,49.1,0.0481,360.3,0.7106,409.4,0.7587
REINFORCE,run_20260429_211516_r05,DPP4,0.7372549019607844,0.964095744680851,0.7228320753717805,0.6689655172413793,0.7274156417028911,3.346928432595704,0.7448275862068966,0.9703703703703703,0.9944827586206897,0.9558620689655173,0.9448275862068966,1.0,0.003989361702127659,0.0029411764705882353,0.32935651705486074,0.5294117647058824,0.9703703703703703,0.7274156417028911,3.346928432595704,1.0,1.0,0.7624642289348169,1.0540540540540537,1.1724960254372019,0.7843004769475354,0.8627793104523207,1.0,127.0,562.0,1.0,1.0,0.7624642289348169,0.8627793104523207,1020,540,51.71,0.0507,281.98,0.5222,333.69,0.5729
REINVENT,run_20260429_234501_r01,ITK,0.94921875,0.9979423868312757,0.8233325177991926,0.9195876288659793,0.6637822316323739,2.8092853525700305,0.7134020618556701,0.9653179190751445,0.9876288659793815,0.979381443298969,0.9536082474226805,1.0,0.0,0.0,0.23523353545911305,0.67578125,0.9653179190751445,0.6637822316323739,2.8092853525700305,1.0,1.0,0.862871287128713,1.5222772277227723,1.1518151815181523,0.9186056105610564,0.8697713619018153,1.0,203.0,507.0,1.0,1.0,0.862871287128713,0.8697713619018153,1024,651,36.54,0.0357,688.55,1.0577,725.09,1.0934
REINVENT,run_20260429_234501_r01,PptT,0.08227228207639568,0.9523809523809523,0.5771884121854247,0.5,0.6544329469055932,2.504464738629661,1.0,0.9625,1.0,1.0,0.9125,0.8125,0.0,0.0,0.46534721498530696,0.06366307541625857,1.0,0.7107994271368742,2.3681518739244303,0.7202608500112436,0.46076006296379585,0.20702612127059195,0.7202608500112436,0.46076006296379585,0.20401938240350503,0.45602631921652753,1.0,13.0,1021.0,0.7202608500112436,0.46076006296379585,0.20702612127059195,0.457501916022605,1021,66,0.0,0.0,172.76,2.6176,172.76,2.6176
REINFORCE,run_20260429_211516_r03,ITK,0.908203125,1.0,0.8207014874575973,0.9279569892473118,0.6382230687948993,2.8439639734636977,0.7559139784946236,0.9672830725462305,0.9870967741935484,0.9763440860215054,0.943010752688172,1.0,0.0,0.0,0.23710989216313064,0.6865234375,0.9672830725462305,0.6382230687948993,2.8439639734636977,1.0,1.0,0.8955363036303631,1.0932343234323436,1.1786303630363038,0.9672029702970295,0.8381519279857674,1.0,205.0,492.0,1.0,1.0,0.8955363036303631,0.8381519279857674,1024,667,32.16,0.0314,680.37,1.02,712.53,1.0514
REINFORCE,run_20260429_211516_r05,TTK,0.6262230919765166,0.9828125,0.7145887458167219,0.5961844197138315,0.6334290001829588,2.660498224018068,1.0,0.904610492845787,0.9952305246422893,0.9093799682034976,0.9427662957074722,1.0,0.0,0.0,0.3044115105716347,0.6154598825831703,0.904610492845787,0.6334290001829588,2.660498224018068,0.9153144016227182,0.827079107505071,0.5385902636916833,0.9153144016227182,0.827079107505071,0.5385902636916833,0.6335537049018946,1.0,335.0,1022.0,0.9153144016227182,0.827079107505071,0.5385902636916833,0.6341167017113883,1022,560,48.47,0.0474,619.53,1.1063,668.0,1.1537
REINVENT,run_20260429_234501_r01,TTK,0.6251226692836114,0.9811616954474097,0.7107072456866608,0.6,0.6511961168633379,2.630997959835985,1.0,0.8944,0.9968,0.896,0.9408,1.0,0.0,0.0,0.31031889198931945,0.6133464180569186,0.8944,0.6511961168633379,2.630997959835985,1.0,0.8611561866125761,0.5069574036511159,1.1663286004056796,0.8777890466531441,0.5086206896551726,0.5895129954794004,1.0,590.0,1019.0,1.0,0.8611561866125761,0.5069574036511159,0.5898643431124043,1019,555,43.56,0.0428,664.5,1.1973,708.07,1.2401
REINVENT,run_20260429_234501_r01,PEPCK,0.9048507462686567,0.5536082474226804,0.45123969046858825,0.24581005586592178,0.378056169618818,2.7449341699520518,1.0,0.9553072625698324,1.0,0.9795158286778398,0.5940409683426443,0.9962756052141527,0.0,0.0,0.6400780712497837,0.49906716417910446,0.9551401869158879,0.3778503460353244,2.7459753520221732,1.0,1.0,0.9908300395256916,1.105928853754941,1.1201581027667984,1.1019762845849805,0.9602167276266885,1.0,55.0,173.0,1.0,1.0,0.9908300395256916,0.9628401169500699,1072,879,61.53,0.0574,1904.58,2.1668,1966.11,2.2242
REINFORCE,run_20260429_211516_r04,PptT,0.027586206896551724,0.8928571428571429,0.6341922840168255,0.68,0.5306070752543492,2.771864027517328,1.0,0.88,1.0,1.0,0.8,0.4,0.0,0.0,0.7417749071442458,0.009852216748768473,1.0,0.7112503892808094,2.286929340264829,0.7584888689003824,0.466044524398471,0.2666966494265798,0.7584888689003824,0.466044524398471,0.21919271418934128,0.4623444987640199,1.0,13.0,1015.0,0.7584888689003824,0.466044524398471,0.2666966494265798,0.46382927239427046,1015,25,0.0,0.0,104.54,4.1818,104.54,4.1818
REINVENT,run_20260429_234501_r01,VEGFR2,0.0106951871657754,1.0,0.662048676587347,0.9166666666666666,0.6101799296571273,2.608540242165882,1.0,0.9166666666666666,0.9166666666666666,1.0,1.0,1.0,0.0,0.0,0.21065601472762016,0.0106951871657754,0.9166666666666666,0.6101799296571273,2.608540242165882,0.0,0.0,0.0,0.0,0.0,0.0,0.0,0.0,1122.0,1122.0,0.0,0.0,0.0,0.0,1122,10,21.31,0.019,65.55,6.5552,86.86,6.5742
REINFORCE,run_20260429_211516_r05,ITK,0.93359375,0.9989539748953975,0.8223180121122833,0.9162303664921466,0.6554419995292299,2.821821056286513,0.7413612565445026,0.9703389830508474,0.9905759162303664,0.981151832460733,0.9476439790575916,1.0,0.0,0.0,0.23755901940389765,0.69140625,0.9703389830508474,0.6554419995292299,2.821821056286513,1.0,1.0,0.8606105610561063,1.1592409240924098,1.1881188118811883,0.9084983498349842,0.8556397290119637,1.0,201.0,573.0,1.0,1.0,0.8606105610561063,0.8556397290119637,1024,669,31.54,0.0308,667.7,0.9981,699.24,1.0289
REINFORCE,run_20260429_211516_r05,VEGFR2,0.01296111665004985,1.0,0.7102495406960752,1.0,0.5983151247999282,2.8215802186194177,1.0,0.9230769230769231,0.9230769230769231,1.0,1.0,1.0,0.0,0.0,0.20797628029911644,0.01296111665004985,0.9230769230769231,0.5983151247999282,2.8215802186194177,0.0,0.0,0.0,0.0,0.0,0.0,0.0,0.0,1003.0,1003.0,0.0,0.0,0.0,0.0,1003,11,15.81,0.0158,32.39,2.9441,48.2,2.9599
REINVENT,run_20260429_234501_r02,CHK1,0.39082751744765704,0.8928571428571429,0.72656072295495,0.5714285714285714,0.5114789033401141,2.718642456979392,1.0,0.9542857142857143,0.9914285714285714,0.9685714285714285,0.9657142857142857,0.9971428571428571,0.0,0.0,0.33671692623583793,0.34795613160518446,0.9541547277936963,0.511255206866672,2.7204655904472808,1.0,0.8762616822429905,0.6080934579439256,1.065420560747664,0.8885981308411216,0.6093271028037387,0.6685491189981458,1.0,341.0,1003.0,1.0,0.8762616822429905,0.6080934579439256,0.6687656493507167,1003,376,68.85,0.0686,408.77,1.0872,477.63,1.1558
REINFORCE,run_20260429_211516_r05,PEPCK,0.918869644484959,0.5853174603174603,0.45986598355384944,0.2542372881355932,0.3735228490453792,2.7558552904128337,1.0,0.9288135593220339,1.0,0.9745762711864406,0.5728813559322034,0.9966101694915255,0.0,0.0,0.635131689960811,0.536007292616226,0.9285714285714286,0.3733201581298758,2.7568397711074537,1.0,1.0,0.9909960474308303,1.007114624505929,1.1256916996047432,1.1035177865612653,0.956272262476535,1.0,48.0,206.0,1.0,1.0,0.9909960474308303,0.9583647852858348,1097,875,66.64,0.0607,1880.96,2.1497,1947.6,2.2104
REINVENT,run_20260429_234501_r02,DPP4,0.7186274509803922,0.956343792633015,0.7248195694637269,0.6490727532097005,0.7275483149661327,3.3476748362823385,0.6890156918687589,0.968944099378882,0.9971469329529244,0.9572039942938659,0.9415121255349501,1.0,0.001364256480218281,0.000980392156862745,0.3305036507802203,0.47352941176470587,0.968944099378882,0.7275483149661327,3.3476748362823385,1.0,0.9980922098569156,0.676399046104929,1.069952305246423,1.068759936406995,0.683465818759937,0.8063278157049782,1.0,251.0,1020.0,1.0,0.9980922098569156,0.676399046104929,0.8063278157049782,1020,486,47.81,0.0469,348.02,0.7161,395.82,0.763
REINVENT,run_20260429_234501_r02,PEPCK,0.9199255121042831,0.548582995951417,0.4602365692526995,0.2047970479704797,0.37384646987638986,2.776094051599229,1.0,0.9280442804428044,1.0,0.9833948339483395,0.5756457564575646,0.996309963099631,0.0,0.0,0.6320988264666594,0.5027932960893855,0.9277777777777778,0.37362696058629,2.777241000063691,1.0,1.0,0.9731383399209484,1.0110671936758895,1.1229249011857712,1.0489328063241108,0.9489201463260244,1.0,67.0,260.0,1.0,1.0,0.9731383399209484,0.9508463756666331,1074,877,57.66,0.0537,1873.73,2.1365,1931.39,2.1902
REINVENT,run_20260429_234501_r02,VEGFR2,0.013888888888888888,1.0,0.6743566369458831,0.8571428571428571,0.6700142396283634,2.9341454297729532,1.0,1.0,1.0,1.0,0.9285714285714286,1.0,0.0,0.0,0.2001628950854565,0.013888888888888888,1.0,0.6700142396283634,2.9341454297729532,0.0,0.0,0.0,-0.8692902319044273,-0.8692902319044273,-0.8692902319044273,0.0,1.0,1.0,1008.0,0.0,0.0,0.0,0.0,1008,13,19.06,0.0189,130.39,10.0303,149.45,10.0492
REINVENT,run_20260429_234501_r02,ITK,0.9197651663405088,1.0,0.8226393867754149,0.9234042553191489,0.63489173294424,2.898482854125686,0.7691489361702127,0.970954356846473,0.9872340425531915,0.9808510638297873,0.9170212765957447,1.0,0.0,0.0,0.23622230551705997,0.7074363992172211,0.970954356846473,0.63489173294424,2.898482854125686,1.0,1.0,0.9217244224422444,1.146864686468647,1.1435643564356437,1.0166254125412548,0.8829481602759103,1.0,186.0,328.0,1.0,1.0,0.9217244224422444,0.8829481602759103,1022,689,35.49,0.0347,821.59,1.1924,857.08,1.2272
REINVENT,run_20260429_234501_r02,TTK,0.7035225048923679,0.9777468706536857,0.7124801660341832,0.5860597439544808,0.6511378477618988,2.6234736660274365,1.0,0.9274537695590327,0.9943100995732574,0.9331436699857752,0.9359886201991465,1.0,0.0,0.0,0.3123651283806414,0.687866927592955,0.9274537695590327,0.6511378477618988,2.6234736660274365,1.0,0.8454361054766734,0.5700912778904667,1.2018255578093304,0.8656186612576064,0.57210953346856,0.6639497485342742,1.0,327.0,1022.0,1.0,0.8454361054766734,0.5700912778904667,0.6645444548075883,1022,651,48.62,0.0476,764.28,1.174,812.91,1.2216
REINVENT,run_20260429_234501_r03,DPP4,0.6901270772238515,0.9787535410764873,0.7331380922169299,0.7206946454413893,0.721311142691912,3.38380879679658,0.7221418234442837,0.9679358717434869,0.9956584659913169,0.9667149059334298,0.9261939218523878,1.0,0.00141643059490085,0.0009775171065493646,0.3239243173491582,0.48778103616813295,0.9679358717434869,0.721311142691912,3.38380879679658,1.0,0.9941971383147852,0.6863831478537366,1.284578696343402,1.1589825119236883,0.7028616852146269,0.8148518494343919,1.0,214.0,1023.0,1.0,0.9941971383147852,0.6863831478537366,0.8148518494343919,1023,484,49.31,0.0482,384.26,0.7939,433.57,0.8421
REINVENT,run_20260429_234501_r03,PptT,0.02056807051909892,0.9523809523809523,0.6283012305486075,0.65,0.46229515950795896,2.9129122573467714,1.0,0.85,1.0,1.0,0.75,0.25,0.0,0.0,0.8329413246867008,0.004897159647404506,1.0,0.6186460403217093,2.366187572330103,0.7168877895210255,0.47189116258151576,0.35964855922130495,0.7168877895210255,0.47189116258151576,0.3339651129172156,0.4681494703089449,1.0,13.0,1021.0,0.7168877895210255,0.47189116258151576,0.35964855922130495,0.4696157171673302,1021,16,0.0,0.0,70.66,4.416,70.66,4.416
REINVENT,run_20260429_234501_r03,ITK,0.919921875,0.9989384288747346,0.821994336284785,0.9064824654622742,0.6524637567287591,2.8380868358874256,0.7332624867162593,0.9608695652173913,0.9904357066950054,0.971307120085016,0.9394261424017003,1.0,0.0,0.0,0.23875675595440185,0.673828125,0.9608695652173913,0.6524637567287591,2.8380868358874256,1.0,1.0,0.9074669966996701,1.0066006600660067,1.1571782178217824,0.9571369636963699,0.8468489744482262,1.0,218.0,578.0,1.0,1.0,0.9074669966996701,0.8468489744482262,1024,645,34.26,0.0335,774.62,1.201,808.88,1.2344
REINVENT,run_20260429_234501_r02,PptT,0.17566241413150147,0.8603351955307262,0.5750741308061498,0.43506493506493504,0.6573337753959323,2.4286956127137596,1.0,0.961038961038961,1.0,0.9805194805194806,0.948051948051948,0.9025974025974026,0.0,0.0,0.41131553774783935,0.1364082433758587,0.9784172661870504,0.6840052404490858,2.356775662393051,0.7551158084101642,0.4767258826174949,0.2081403193163931,0.7551158084101642,0.4767258826174949,0.2081403193163931,0.4690852881386276,1.0,13.0,1019.0,0.7551158084101642,0.4767258826174949,0.2081403193163931,0.4705571879234069,1019,160,0.0,0.0,262.51,1.6407,262.51,1.6407
REINVENT,run_20260429_234501_r03,CHK1,0.3927165354330709,0.9197994987468672,0.7302815107226046,0.6403269754768393,0.5074468124815189,2.727892544674566,1.0,0.9863760217983651,0.997275204359673,0.989100817438692,0.9373297002724795,1.0,0.0,0.0,0.32907439999937277,0.3612204724409449,0.9863760217983651,0.5074468124815189,2.727892544674566,1.0,0.917570093457944,0.6363738317757012,1.0112149532710282,0.9186915887850468,0.6364859813084114,0.6814654315990876,1.0,377.0,1016.0,1.0,0.917570093457944,0.6363738317757012,0.6827913479273034,1016,384,65.65,0.0646,460.29,1.1987,525.95,1.2633
REINVENT,run_20260429_234501_r03,TTK,0.6883629191321499,0.9799426934097422,0.7143920880387267,0.6286549707602339,0.6404848739503457,2.616689381417826,1.0,0.9195906432748538,0.9941520467836257,0.9254385964912281,0.9532163742690059,1.0,0.0,0.0,0.3102209581879375,0.6745562130177515,0.9195906432748538,0.6404848739503457,2.616689381417826,1.0,0.8634381338742394,0.5712576064908719,1.0167342799188643,0.8651115618661258,0.5714249492900606,0.6323031564186581,1.0,473.0,1014.0,1.0,0.8634381338742394,0.5712576064908719,0.6325526319031545,1014,625,47.51,0.0469,770.45,1.2327,817.96,1.2796
REINVENT,run_20260429_234501_r04,ITK,0.9287109375,1.0,0.8243891541609214,0.9316508937960042,0.6334235313477508,2.8738703476609317,0.7539432176656151,0.9665271966527197,0.9852786540483701,0.9779179810725552,0.9411146161934806,1.0,0.0010515247108307045,0.0009765625,0.234332929175896,0.7001953125,0.9665271966527197,0.6334235313477508,2.8738703476609317,1.0,1.0,0.907351485148515,1.2541254125412549,1.252062706270627,0.9997112211221123,0.8691995249329622,1.0,173.0,483.0,1.0,1.0,0.907351485148515,0.8691995249329622,1024,677,33.02,0.0322,761.64,1.125,794.66,1.1573
REINVENT,run_20260429_234501_r03,PEPCK,0.9045454545454545,0.5738693467336683,0.45775262932853045,0.2469352014010508,0.3804659593196987,2.774324469886588,1.0,0.9649737302977233,1.0,0.9877408056042032,0.5691768826619965,0.9964973730297724,0.0,0.0,0.6332253987299737,0.5172727272727272,0.9648506151142355,0.38028090477177723,2.7754067423072986,1.0,1.0,0.9947193675889328,1.0505928853754942,1.1620553359683796,1.087707509881423,0.9531195113187207,1.0,58.0,267.0,1.0,1.0,0.9947193675889328,0.9558899409110871,1100,886,57.52,0.0523,1976.07,2.2303,2033.59,2.2826
REINVENT,run_20260429_234501_r03,VEGFR2,0.010956175298804782,1.0,0.6905544131700896,1.0,0.6225383044600308,3.2629466222079624,1.0,0.9090909090909091,0.9090909090909091,1.0,0.9090909090909091,1.0,0.0,0.0,0.18327520853518386,0.010956175298804782,0.9090909090909091,0.6225383044600308,3.2629466222079624,0.0,0.0,0.0,0.0,0.0,0.0,0.0,0.0,1004.0,1004.0,0.0,0.0,0.0,0.0,1004,9,21.18,0.0211,63.68,7.0752,84.86,7.0963
REINVENT,run_20260429_234501_r04,CHK1,0.4107142857142857,0.9106280193236715,0.7296440645259937,0.6047745358090185,0.5067135842413208,2.7389873242995098,1.0,0.9761273209549072,0.9920424403183024,0.986737400530504,0.9336870026525199,0.9973474801061007,0.0,0.0,0.3323249630002043,0.373015873015873,0.976063829787234,0.5064932773574642,2.7407336499580564,0.983177570093458,0.8398130841121496,0.6390280373831778,0.983177570093458,0.8398130841121496,0.6390280373831778,0.682909342085744,1.0,232.0,1008.0,0.983177570093458,0.8398130841121496,0.6390280373831778,0.6847221398078097,1008,399,67.79,0.0673,449.36,1.1262,517.16,1.1935
REINVENT,run_20260429_234501_r04,VEGFR2,0.008,1.0,0.7413323329130856,1.0,0.5409060408260653,3.5898860148968486,1.0,0.875,0.875,1.0,0.75,1.0,0.0,0.0,0.19970113585245164,0.008,0.875,0.5409060408260653,3.5898860148968486,0.0,0.0,0.0,0.0,0.0,0.0,0.0,0.0,1000.0,1000.0,0.0,0.0,0.0,0.0,1000,7,20.82,0.0208,65.14,9.3054,85.96,9.3262
REINVENT,run_20260429_234501_r04,PEPCK,0.925589836660617,0.557843137254902,0.4514063000053963,0.2126537785588752,0.3754020175031194,2.7516258182381055,1.0,0.9244288224956063,1.0,0.9753954305799648,0.5957820738137083,0.9964850615114236,0.0,0.0,0.6484710737598821,0.514519056261343,0.9241622574955908,0.37519844797683993,2.7526318424075713,1.0,1.0,0.9836284584980235,1.0110671936758895,1.0980237154150199,1.072885375494071,0.9501189357474373,1.0,67.0,203.0,1.0,1.0,0.9836284584980235,0.9525543195023588,1102,879,55.79,0.0506,1891.74,2.1522,1947.53,2.2028
REINVENT,run_20260429_234501_r05,CHK1,0.39741035856573703,0.8822055137844611,0.7333699281792444,0.6647727272727273,0.5156092163881502,2.7508603635680626,1.0,0.9545454545454546,0.9886363636363636,0.9715909090909091,0.9375,0.9971590909090909,0.0,0.0,0.33158859150826825,0.34960159362549803,0.9544159544159544,0.5153985618121294,2.752764897718724,1.0,0.915514018691589,0.6408411214953275,1.1102803738317761,0.9327102803738321,0.6425607476635519,0.6737932382619057,1.0,376.0,1004.0,1.0,0.915514018691589,0.6408411214953275,0.6756076716720125,1004,381,64.41,0.0641,413.18,1.0845,477.58,1.1486
REINVENT,run_20260429_234501_r04,DPP4,0.6898238747553816,0.9588652482269504,0.7232195376660036,0.6405325443786982,0.724413381653627,3.319505989247433,0.6878698224852071,0.9720430107526882,0.9970414201183432,0.9644970414201184,0.9378698224852071,1.0,0.0014184397163120568,0.0009784735812133072,0.3282142691919368,0.45499021526418787,0.9720430107526882,0.724413381653627,3.319505989247433,1.0,0.9860095389507155,0.6246343402225751,1.069952305246423,1.0870429252782192,0.6347376788553256,0.8400338810089011,1.0,220.0,1022.0,1.0,0.9860095389507155,0.6246343402225751,0.8400338810089011,1022,459,45.58,0.0446,387.54,0.8443,433.12,0.8889
REINVENT,run_20260429_234501_r05,ITK,0.931640625,0.9989517819706499,0.8219370683482736,0.9045120671563484,0.6471091090578756,2.8184559188161,0.7460650577124869,0.9704641350210971,0.9853095487932844,0.9842602308499475,0.950682056663169,1.0,0.0,0.0,0.23685007814474104,0.6943359375,0.9704641350210971,0.6471091090578756,2.8184559188161,1.0,1.0,0.8790676567656771,1.1922442244224427,1.194719471947195,0.940965346534654,0.8591781565851898,1.0,204.0,375.0,1.0,1.0,0.8790676567656771,0.8591781565851898,1024,673,34.5,0.0337,772.67,1.1481,807.17,1.1818
REINVENT,run_20260429_234501_r04,PptT,0.15937803692905733,0.8780487804878049,0.5753371161044818,0.4513888888888889,0.6339468009825471,2.426058346324223,1.0,0.9583333333333334,0.9930555555555556,0.9791666666666666,0.9305555555555556,0.8958333333333334,0.0,0.0,0.4243689412536749,0.12536443148688048,0.9767441860465116,0.6599664058367143,2.348256547173668,0.7281313244884192,0.49010568922869346,0.1932988531594334,0.7281313244884192,0.49010568922869346,0.1845401394198337,0.4621180499957491,1.0,13.0,1029.0,0.7281313244884192,0.49010568922869346,0.1932988531594334,0.4634375378021305,1029,135,0.0,0.0,282.73,2.0943,282.73,2.0943
REINVENT,run_20260429_234501_r05,PEPCK,0.906934306569343,0.5754527162977867,0.4619850230477467,0.26573426573426573,0.37110283747302375,2.774784778680528,1.0,0.9405594405594405,1.0,0.9790209790209791,0.548951048951049,0.9965034965034965,0.0,0.0,0.6347891980304067,0.5200729927007299,0.9403508771929825,0.37088525452309273,2.7758667674962685,1.0,1.0,0.9984901185770749,1.058498023715415,1.2142292490118578,1.1388537549407112,0.9550234413317562,1.0,52.0,194.0,1.0,1.0,0.9984901185770749,0.957134137196419,1096,870,58.98,0.0538,1937.82,2.2274,1996.79,2.2812
GenMol,run_20260527_011437_r01,TTK,1.0,0.618,0.7566918548324766,0.441747572815534,0.6893248258300336,2.6332240133297247,0.5210355987055016,0.9006211180124224,0.9870550161812298,0.8527508090614887,0.9077669902912622,0.9951456310679612,0.022,0.018,0.3946246930113956,0.319,0.8996865203761756,0.6894237981896495,2.6349169323814703,0.8620689655172412,0.8085699797160242,0.6659989858012169,0.8620689655172412,0.8085699797160242,0.6659989858012169,0.7386712054074506,1.0,113.0,1000.0,0.8620689655172412,0.8085699797160242,0.6659989858012169,0.7389790147380793,1000,513,541.44,0.5414,1145.7,2.2333,1687.14,2.7748
REINVENT,run_20260429_234501_r05,DPP4,0.7414299706170421,0.9722589167767504,0.7228059585256967,0.65625,0.7327888885362875,3.3577516028182575,0.7459239130434783,0.9781420765027322,0.9932065217391305,0.9646739130434783,0.9483695652173914,1.0,0.003963011889035667,0.002938295788442703,0.32999890348952693,0.5377081292850147,0.9781420765027322,0.7327888885362875,3.3577516028182575,1.0,1.0,0.7325675675675677,1.0381558028616853,1.2472178060413353,0.7665341812400637,0.8438414908542233,1.0,209.0,630.0,1.0,1.0,0.7325675675675677,0.8438414908542233,1021,546,47.66,0.0467,375.78,0.6882,423.44,0.7349
REINVENT,run_20260429_234501_r04,TTK,0.6643700787401575,0.9822222222222222,0.709355815913787,0.5867269984917044,0.652605205149145,2.627211740197488,1.0,0.918552036199095,0.9969834087481146,0.9215686274509803,0.9532428355957768,1.0,0.0,0.0,0.31159009816237165,0.6525590551181102,0.918552036199095,0.652605205149145,2.627211740197488,1.0,0.7959939148073022,0.5136004056795134,1.138438133874239,0.8098377281947261,0.5149847870182558,0.6307426760074109,1.0,231.0,1016.0,1.0,0.7959939148073022,0.5136004056795134,0.6309503468665048,1016,603,46.46,0.0457,680.95,1.1293,727.41,1.175
GenMol,run_20260527_011437_r01,ITK,1.0,0.615,0.7615062893274801,0.5317073170731708,0.7160402416243864,2.827442749001482,0.7252032520325203,0.874439461883408,0.9902439024390244,0.8829268292682927,0.9105691056910569,0.9967479674796748,0.014,0.011,0.3612926590335416,0.444,0.8738738738738738,0.715974391489166,2.829778769114098,1.0,1.0,0.9802557755775578,1.0066006600660067,1.2000825082508253,1.0924917491749178,0.8957438118811881,1.0,105.0,309.0,1.0,1.0,0.9802557755775578,0.8957438118811881,1000,640,554.3,0.5543,1043.18,1.63,1597.48,2.1843
GenMol,run_20260527_011437_r01,CHK1,1.0,0.615,0.7031665943721969,0.4861788617886179,0.4354720403533947,3.1483032979820336,0.9056910569105691,0.8725314183123878,0.9983739837398374,0.9284552845528455,0.6796747967479675,0.9967479674796748,0.016,0.014,0.3555439181047228,0.555,0.872072072072072,0.43538879351513043,3.150410398250769,1.0,1.0,0.8346355140186913,1.0168224299065423,1.0665420560747667,0.8437757009345791,0.8148932710280374,1.0,340.0,872.0,1.0,1.0,0.8346355140186913,0.8150567883103398,1000,704,544.24,0.5442,3206.98,4.5554,3751.22,5.0996
REINVENT,run_20260429_234501_r05,VEGFR2,0.01161751563896336,1.0,0.6906273629694324,0.9230769230769231,0.642225704065075,2.9480107406856124,1.0,0.7692307692307693,0.7692307692307693,1.0,1.0,1.0,0.0,0.0,0.20428235542761686,0.01161751563896336,0.7692307692307693,0.642225704065075,2.9480107406856124,0.0,0.0,0.0,-1.2347153900210823,-1.2347153900210823,-1.2347153900210823,0.0,1.0,1.0,1119.0,0.0,0.0,0.0,0.0,1119,10,23.45,0.021,60.85,6.0851,84.3,6.1061
REINVENT,run_20260429_234501_r05,TTK,0.6275659824046921,0.9766355140186916,0.7127697857608047,0.5901116427432217,0.646034577728866,2.674866171762457,1.0,0.9059011164274322,0.9952153110047847,0.9106858054226475,0.9362041467304625,1.0,0.0,0.0,0.3118449342831438,0.6129032258064516,0.9059011164274322,0.646034577728866,2.674866171762457,1.0,0.872819472616633,0.5309939148073021,1.0294117647058822,0.8757606490872212,0.5312880324543608,0.659963239011855,1.0,357.0,1023.0,1.0,0.872819472616633,0.5309939148073021,0.6611440799676912,1023,557,48.38,0.0473,714.43,1.2826,762.81,1.3299
GenMol,run_20260527_011437_r01,PEPCK,1.0,0.657,0.657181914289022,0.4627092846270928,0.4362589303153491,2.9471104105184276,0.3363774733637747,0.8416289592760181,0.9832572298325722,0.9117199391171994,0.6727549467275494,1.0,0.008,0.008,0.43728071704349913,0.221,0.8416289592760181,0.4362589303153491,2.9471104105184276,1.0,1.0,0.9768774703557316,1.0347826086956526,1.115810276679842,1.0434387351778662,0.9834858429010603,1.0,21.0,381.0,1.0,1.0,0.9768774703557316,0.9867085300207039,1000,311,552.92,0.5529,1959.58,6.3009,2512.5,6.8538
GenMol,run_20260527_011437_r01,DPP4,1.0,0.672,0.76639228755834,0.3794642857142857,0.6907051612224466,3.0766717120642304,0.3645833333333333,0.8489795918367347,0.9970238095238095,0.8407738095238095,0.9568452380952381,0.9970238095238095,0.001,0.001,0.289140353075007,0.243,0.8477366255144033,0.6901108726996348,3.076588314928186,1.0,1.0,0.8075834658187593,1.3004769475357711,1.2265500794912558,0.8471383147853725,0.8179624006359301,1.0,293.0,758.0,1.0,1.0,0.8075834658187593,0.8179624006359301,1000,396,548.86,0.5489,643.89,1.626,1192.75,2.1748
GenMol,run_20260527_011437_r01,PptT,1.0,0.602,0.7152072350090858,0.45016611295681064,0.6088013432810511,2.771939053025705,0.7591362126245847,0.8468271334792122,0.9983388704318937,0.8488372093023255,0.9800664451827242,1.0,0.012,0.012,0.3310219541239149,0.457,0.8468271334792122,0.6088013432810511,2.771939053025705,0.45828648527096927,0.4165729705419384,0.29992129525522837,0.45828648527096927,0.4165729705419384,0.29992129525522837,0.32782665842140774,1.0,447.0,1000.0,0.45828648527096927,0.4165729705419384,0.29992129525522837,0.32789943318306264,1000,685,719.56,0.7196,1255.45,1.8328,1975.0,2.5523
GenMol,run_20260527_011437_r03,PEPCK,1.0,0.729,0.6671445696265431,0.44170096021947874,0.47308282372710253,2.9343215768387028,0.30864197530864196,0.8622222222222222,0.9807956104252401,0.9026063100137174,0.7832647462277091,0.9986282578875172,0.006,0.006,0.44549857873408766,0.224,0.8616071428571429,0.47320488714008896,2.9346944802461157,1.0,0.9982608695652173,0.7755968379446636,1.161264822134387,1.1691699604743084,0.7926877470355727,0.9245303952569172,1.0,36.0,1000.0,1.0,0.9982608695652173,0.7755968379446636,0.9257092923019011,1000,277,541.13,0.5411,1565.5,5.6516,2106.63,6.1927
GenMol,run_20260527_011437_r03,DPP4,1.0,0.707,0.7785981054862094,0.42715700141442714,0.6983824659018263,3.1606004457958354,0.2248939179632249,0.8616352201257862,0.9929278642149929,0.8005657708628006,0.826025459688826,1.0,0.007,0.007,0.25927605548224913,0.159,0.8616352201257862,0.6983824659018263,3.1606004457958354,1.0,0.9601748807631159,0.6387440381558026,1.022257551669316,0.9654213036565975,0.6392686804451507,0.7082577503974562,1.0,496.0,1000.0,1.0,0.9601748807631159,0.6387440381558026,0.7082577503974562,1000,245,563.74,0.5637,322.39,1.3159,886.13,1.8796
GenMol,run_20260527_011437_r04,ITK,1.0,0.657,0.7519932704231811,0.5068493150684932,0.7275292228074361,3.0627438022020956,0.7275494672754946,0.9016736401673641,0.9908675799086758,0.908675799086758,0.969558599695586,0.9939117199391172,0.028,0.027,0.34121107520086935,0.474,0.9008438818565401,0.7272647810534121,3.0689436083435426,1.0,1.0,0.8830033003300328,1.175742574257426,1.105610561056106,0.9106848184818485,0.8086663366336635,1.0,383.0,685.0,1.0,1.0,0.8830033003300328,0.8086663366336635,1000,651,513.22,0.5132,829.78,1.2746,1343.0,1.7878
GenMol,run_20260527_011437_r02,PEPCK,1.0,0.7,0.6814511980808867,0.4714285714285714,0.4367736633906365,2.9943254525576775,0.30142857142857143,0.8578199052132701,0.9885714285714285,0.9071428571428571,0.65,1.0,0.013,0.011,0.4175919152435943,0.211,0.8578199052132701,0.4367736633906365,2.9943254525576775,1.0,1.0,0.8310039525691704,1.161264822134387,1.1047430830039526,0.8605533596837946,0.9618480350084698,1.0,29.0,634.0,1.0,1.0,0.8310039525691704,0.9642199055775142,1000,280,566.25,0.5663,1732.52,6.1876,2298.77,6.7538
GenMol,run_20260527_011437_r02,DPP4,1.0,0.662,0.7897348546406763,0.459214501510574,0.7004442515995813,3.3213530957726265,0.26435045317220546,0.9257142857142857,0.9879154078549849,0.8595166163141994,0.8836858006042296,1.0,0.003,0.003,0.23578969707734518,0.175,0.9257142857142857,0.7004442515995813,3.3213530957726265,0.9228934817170108,0.7678855325914148,0.4091414944356114,0.9228934817170108,0.7678855325914148,0.4091414944356114,0.5666832273449919,1.0,624.0,1000.0,0.9228934817170108,0.7678855325914148,0.4091414944356114,0.5666832273449919,1000,293,545.76,0.5458,329.17,1.1235,874.94,1.6692
GenMol,run_20260527_011437_r03,TTK,1.0,0.65,0.7715140532984823,0.44153846153846155,0.7263454246504604,2.5414392025870582,0.5461538461538461,0.895774647887324,0.9953846153846154,0.8876923076923077,0.9123076923076923,1.0,0.037,0.034,0.25831825408317766,0.355,0.895774647887324,0.7263454246504604,2.5414392025870582,0.7657200811359027,0.682048681541582,0.45192697768762696,0.7657200811359027,0.682048681541582,0.45192697768762696,0.46290109952026787,1.0,695.0,1000.0,0.7657200811359027,0.682048681541582,0.45192697768762696,0.46304326543835916,1000,482,544.21,0.5442,921.39,1.9116,1465.6,2.4558
REINVENT,run_20260429_234501_r05,PptT,0.18635926993275698,0.6804123711340206,0.5487585313798857,0.3939393939393939,0.6689184308438217,2.4571804481726307,1.0,0.9621212121212122,1.0,0.9848484848484849,0.9393939393939394,0.8863636363636364,0.0,0.0,0.4169155496773795,0.11239193083573487,0.9829059829059829,0.7020902554088361,2.3753889903718144,0.7641106363840793,0.48830672363391053,0.2210478974589612,0.7641106363840793,0.48830672363391053,0.2210478974589612,0.47422383974967114,1.0,13.0,1041.0,0.7641106363840793,0.48830672363391053,0.2210478974589612,0.4756595966307984,1041,153,0.0,0.0,236.96,1.5487,236.96,1.5487
GenMol,run_20260527_011437_r02,CHK1,1.0,0.735,0.7456127754494906,0.42857142857142855,0.46723752533765067,3.2912525938678026,0.8952380952380953,0.898176291793313,0.9972789115646259,0.9142857142857143,0.7945578231292517,0.998639455782313,0.022,0.021,0.2787647603142604,0.657,0.898021308980213,0.46690151512670874,3.2924155381269866,1.0,1.0,0.9105233644859813,1.0336448598130843,1.0740186915887855,0.934336448598131,0.8289678504672897,1.0,241.0,732.0,1.0,1.0,0.9105233644859813,0.8296466325470999,1000,805,563.1,0.5631,2541.54,3.1572,3104.64,3.7203
GenMol,run_20260527_011437_r03,ITK,1.0,0.689,0.7919588956684314,0.5036284470246735,0.7072984305452501,2.8685552069254947,0.7474600870827286,0.8504854368932039,0.9912917271407837,0.8751814223512336,0.9056603773584906,0.9985486211901307,0.016,0.014,0.3160679343239391,0.514,0.8501945525291829,0.7073181950297655,2.8694750820945303,1.0,1.0,0.9055445544554455,1.0519801980198025,1.17450495049505,0.9514438943894392,0.8183520627062706,1.0,221.0,629.0,1.0,1.0,0.9055445544554455,0.8183520627062706,1000,627,569.55,0.5695,951.07,1.5169,1520.62,2.0864
GenMol,run_20260527_011437_r04,DPP4,1.0,0.693,0.7918592352278722,0.4805194805194805,0.7398295089517758,3.2650567495338536,0.2683982683982684,0.8602150537634409,0.9884559884559885,0.8152958152958153,0.9018759018759018,0.9971139971139971,0.004,0.004,0.39220549093697354,0.184,0.8586956521739131,0.7394154862639517,3.2650382478926203,0.887122416534181,0.8072337042925275,0.5254372019077898,0.887122416534181,0.8072337042925275,0.5254372019077898,0.6140880365659775,1.0,438.0,1000.0,0.887122416534181,0.8072337042925275,0.5254372019077898,0.6140880365659775,1000,303,542.9,0.5429,355.3,1.1726,898.19,1.7155
GenMol,run_20260527_011437_r02,ITK,1.0,0.614,0.7827692097999516,0.5700325732899023,0.6606909616200274,2.9064365065762514,0.6742671009771987,0.893719806763285,0.995114006514658,0.9120521172638436,0.9527687296416938,0.993485342019544,0.022,0.021,0.3385543036863486,0.41,0.8926829268292683,0.6599695952099826,2.912048382359631,1.0,1.0,0.9999257425742575,1.373762376237624,1.340759075907591,1.1686881188118816,0.8824382838283829,1.0,162.0,178.0,1.0,1.0,0.9999257425742575,0.8824382838283829,1000,653,554.95,0.5549,1386.02,2.1225,1940.97,2.6775
GenMol,run_20260527_011437_r02,TTK,1.0,0.681,0.7433591758182219,0.39500734214390604,0.7249882457317752,2.930137761976029,0.49632892804698975,0.9289940828402367,0.9970631424375918,0.8722466960352423,0.882525697503671,0.9970631424375918,0.018,0.018,0.3291355296631862,0.336,0.9285714285714286,0.725245942800765,2.9317483687594006,0.9001014198782961,0.7558316430020283,0.49913793103448256,0.9001014198782961,0.7558316430020283,0.49913793103448256,0.5338599419652919,1.0,501.0,1000.0,0.9001014198782961,0.7558316430020283,0.49913793103448256,0.5338677174892945,1000,500,562.51,0.5625,1019.16,2.0383,1581.66,2.6008
GenMol,run_20260527_011437_r03,VEGFR2,1.0,0.51,0.7838597680530108,0.4588235294117647,0.6650940401187944,2.5702597306765007,0.7,0.8515406162464986,0.9921568627450981,0.8745098039215686,0.9686274509803922,0.9941176470588236,0.014,0.014,0.38971943617474325,0.354,0.8502824858757062,0.6648507199488941,2.5720543451519093,1.0,0.8836964160224877,0.47333099086437097,1.0562192550948701,0.8893183415319748,0.47389318341531955,0.5522423401264933,1.0,509.0,1000.0,1.0,0.8836964160224877,0.47333099086437097,0.5522423401264933,1000,657,549.64,0.5496,578.89,0.8811,1128.53,1.4308
GenMol,run_20260527_011437_r01,VEGFR2,1.0,0.611,0.7857976383286921,0.5220949263502455,0.6565599169903403,2.711190167931253,0.7512274959083469,0.8649237472766884,0.9983633387888707,0.900163666121113,0.8870703764320785,0.9983633387888707,0.01,0.01,0.33621237149504263,0.458,0.8646288209606987,0.656674622966115,2.712080175656535,1.0,0.8562895291637386,0.4897399859451863,1.014054813773717,0.8622628250175683,0.49033731553056936,0.6513386156008434,1.0,318.0,1000.0,1.0,0.8562895291637386,0.4897399859451863,0.6513386156008434,1000,652,552.36,0.5524,529.79,0.8126,1082.15,1.3649
GenMol,run_20260527_011437_r04,TTK,1.0,0.513,0.7101571036598993,0.4873294346978557,0.6762408887856404,2.775432976426258,0.49902534113060426,0.90625,0.9922027290448343,0.8654970760233918,0.9902534113060428,0.9961013645224172,0.022,0.022,0.4505090338814868,0.254,0.905511811023622,0.6764423473915521,2.777081968571604,0.9229208924949289,0.8329107505070994,0.5569219066937119,0.9229208924949289,0.8329107505070994,0.5569219066937119,0.6624485042580249,1.0,487.0,1000.0,0.9229208924949289,0.8329107505070994,0.5569219066937119,0.6626423138220805,1000,463,500.12,0.5001,820.28,1.7717,1320.39,2.2718
InVirtuoGen,run_20260624_095031_r01,VEGFR2,0.814,1.0,0.7511363713057716,0.9508599508599509,0.5568114029827493,3.387998104816378,0.9987714987714987,0.8831488314883149,0.9877149877149877,0.9299754299754299,0.816953316953317,1.0,0.0012285012285012285,0.001,0.25209725021047774,0.813,0.8831488314883149,0.5568114029827493,3.387998104816378,1.0,0.9086437104708361,0.4269149683766687,1.1054111033028815,0.9360505973295853,0.4296556570625436,0.6484154602951511,1.0,452.0,1000.0,1.0,0.9086437104708361,0.4269149683766687,0.6484154602951511,1000,718,75.53,0.0755,627.89,0.8745,703.42,0.95
GenMol,run_20260527_011437_r03,PptT,1.0,0.653,0.7247734192544053,0.4869831546707504,0.6762378102871952,2.7391713309297523,0.7427258805513017,0.8927835051546392,0.998468606431853,0.9111791730474732,0.9142419601837672,1.0,0.031,0.029,0.2961127478077726,0.485,0.8927835051546392,0.6762378102871952,2.7391713309297523,0.38970092196986744,0.3581065887114909,0.24925792669215208,0.38970092196986744,0.3581065887114909,0.24925792669215208,0.27389666629188225,1.0,492.0,1000.0,0.38970092196986744,0.3581065887114909,0.24925792669215208,0.2739278333708119,1000,680,713.42,0.7134,756.67,1.1128,1470.09,1.8262
GenMol,run_20260527_011437_r02,VEGFR2,1.0,0.533,0.7792476565375653,0.49343339587242024,0.6287802972976599,2.5402819454137333,0.6735459662288931,0.8774373259052924,0.9962476547842402,0.8930581613508443,0.924953095684803,0.9943714821763602,0.026,0.023,0.39464914359781494,0.356,0.8764044943820225,0.6291449126094262,2.541968170950891,1.0,0.9297259311314127,0.55196767392832,1.0035137034434294,0.9465917076598738,0.5536542515811661,0.7258695010541112,1.0,348.0,1000.0,1.0,0.9297259311314127,0.55196767392832,0.7258695010541112,1000,625,566.51,0.5665,480.39,0.7686,1046.9,1.3351
InVirtuoGen,run_20260624_095031_r03,DPP4,0.92,0.8934782608695652,0.6850269308475071,0.4586374695863747,0.712884192013471,3.400024673605554,0.45012165450121655,0.9756756756756757,0.9987834549878345,0.9537712895377128,0.9902676399026764,1.0,0.2728260869565217,0.175,0.2654276240683825,0.37,0.9756756756756757,0.712884192013471,3.400024673605554,1.0,0.9077106518282989,0.3741785903550608,1.0103338632750396,0.9157392686804451,0.2813990461049283,0.6172055246422892,1.0,502.0,1000.0,1.0,0.9077106518282989,0.3741785903550608,0.6172055246422892,1000,377,90.38,0.0904,395.28,1.0485,485.67,1.1389
GenMol,run_20260527_011437_r05,PEPCK,1.0,0.677,0.6855987242429985,0.4549483013293944,0.47360291460435266,3.077841956000297,0.27326440177252587,0.8648648648648649,0.982274741506647,0.8921713441654358,0.7607090103397341,1.0,0.013,0.01,0.4175744094253321,0.185,0.8648648648648649,0.47360291460435266,3.077841956000297,1.0,1.0,0.832197628458498,1.0505928853754942,1.0707509881422923,0.8477865612648222,0.9692886366773323,1.0,22.0,757.0,1.0,1.0,0.832197628458498,0.9710032665160926,1000,260,494.34,0.4943,1726.17,6.6391,2220.52,7.1335
GenMol,run_20260527_011437_r04,PEPCK,1.0,0.697,0.674700194697663,0.41893830703012913,0.4658302709309314,2.8589949932223147,0.2697274031563845,0.8670212765957447,0.9913916786226685,0.9038737446197992,0.7417503586800573,1.0,0.003,0.003,0.4264905352197707,0.188,0.8670212765957447,0.4658302709309314,2.8589949932223147,1.0,1.0,0.8812885375494071,1.0229249011857706,1.0869565217391306,0.907114624505929,0.9327175594453856,1.0,43.0,576.0,1.0,1.0,0.8812885375494071,0.934128301963737,1000,255,500.37,0.5004,1934.39,7.5858,2434.76,8.0862
GenMol,run_20260527_011437_r02,PptT,1.0,0.619,0.7250834215800694,0.407108239095315,0.6641638081937766,2.5659656736353877,0.6768982229402262,0.8782816229116945,0.9919224555735057,0.8901453957996769,0.9466882067851373,1.0,0.005,0.005,0.29958051708512223,0.419,0.8782816229116945,0.6641638081937766,2.5659656736353877,0.5021362716438049,0.44535642005846643,0.31863053744097164,0.5021362716438049,0.44535642005846643,0.31863053744097164,0.3735322010379747,1.0,231.0,1000.0,0.5021362716438049,0.44535642005846643,0.31863053744097164,0.37364264842358513,1000,629,716.22,0.7162,832.86,1.3241,1549.08,2.0403
InVirtuoGen,run_20260624_095031_r03,CHK1,0.386,0.13989637305699482,0.624138253763368,0.5370370370370371,0.5890736092919467,2.906510470613844,0.9444444444444444,0.9803921568627451,1.0,0.9814814814814815,0.7037037037037037,1.0,0.7668393782383419,0.028,0.4004021095815617,0.051,0.9803921568627451,0.5890736092919467,2.906510470613844,0.7009345794392523,0.7009345794392523,0.6192523364485981,0.7009345794392523,0.7009345794392523,0.6192523364485981,0.5803784238243583,1.0,316.0,1000.0,0.7009345794392523,0.7009345794392523,0.6192523364485981,0.5803784238243583,1000,382,88.61,0.0886,792.6,2.0749,881.21,2.1635
GenMol,run_20260527_011437_r05,CHK1,1.0,0.65,0.7032457809757104,0.32769230769230767,0.39910027807145615,3.0749603901025404,0.9292307692307692,0.7367549668874173,0.9938461538461538,0.8430769230769231,0.6107692307692307,1.0,0.012,0.012,0.23203281169026638,0.604,0.7367549668874173,0.39910027807145615,3.0749603901025404,1.0,1.0,0.9402429906542052,1.0149532710280373,1.0472897196261683,0.9465233644859807,0.8853863551401869,1.0,220.0,718.0,1.0,1.0,0.9402429906542052,0.8860432153983088,1000,725,508.09,0.5081,2200.17,3.0347,2708.26,3.5428
GenMol,run_20260527_011437_r04,CHK1,1.0,0.648,0.7322932015820397,0.49691358024691357,0.464718192811238,3.0887205839939984,0.9228395061728395,0.8461538461538461,0.9907407407407407,0.9027777777777778,0.6419753086419753,1.0,0.02,0.019,0.27167485298079763,0.598,0.8461538461538461,0.464718192811238,3.0887205839939984,1.0,0.9977570093457944,0.8989158878504678,1.2299065420560749,1.0928971962616825,0.9084299065420567,0.860324635068981,1.0,284.0,1000.0,1.0,0.9977570093457944,0.8989158878504678,0.8613829216733423,1000,785,550.06,0.5501,2688.55,3.4249,3238.61,3.975
GenMol,run_20260527_011437_r04,PptT,1.0,0.577,0.7121088294003348,0.4696707105719237,0.6895272825925582,2.506743184128005,0.6811091854419411,0.8676844783715013,0.9913344887348353,0.8821490467937608,0.975736568457539,1.0,0.029,0.026,0.3246937175610751,0.393,0.8676844783715013,0.6895272825925582,2.506743184128005,0.760737575893861,0.4706543737351024,0.32776028783449523,0.760737575893861,0.4706543737351024,0.32776028783449523,0.32436125477850236,1.0,626.0,1000.0,0.760737575893861,0.4706543737351024,0.32776028783449523,0.3244101524659036,1000,646,712.25,0.7122,734.04,1.1363,1446.29,1.8485
InVirtuoGen,run_20260624_095031_r03,ITK,0.496,0.1774193548387097,0.8102264683242946,0.5,0.6756329951610379,2.7515340463639286,0.5340909090909091,0.8085106382978723,1.0,0.8295454545454546,1.0,1.0,0.9395161290322581,0.063,0.1950818010532265,0.047,0.8085106382978723,0.6756329951610379,2.7515340463639286,0.9570957095709575,0.6382013201320135,0.11658415841584166,0.9570957095709575,0.6382013201320135,-0.29302805280528066,0.386446778904081,1.0,644.0,1000.0,0.9570957095709575,0.6382013201320135,0.11658415841584166,0.3864639877678245,1000,111,87.01,0.087,146.33,1.3183,233.34,1.4053
GenMol,run_20260527_011437_r04,VEGFR2,1.0,0.55,0.7916807761886693,0.54,0.631810760750054,2.5843830211858165,0.7054545454545454,0.8324742268041238,0.9781818181818182,0.8618181818181818,0.9454545454545454,0.9963636363636363,0.012,0.012,0.293162531552434,0.386,0.8316062176165803,0.6320788119847154,2.5858766360465015,1.0,1.0,0.5592410400562187,1.3162333099086438,1.1134926212227685,0.5729444834855932,0.5715525650035138,1.0,605.0,946.0,1.0,1.0,0.5592410400562187,0.5715525650035138,1000,677,504.7,0.5047,667.41,0.9858,1172.11,1.4905
GenMol,run_20260527_011437_r05,PptT,1.0,0.576,0.7222963683748098,0.5416666666666666,0.66836309900467,2.7352150867960763,0.7361111111111112,0.8915094339622641,0.9982638888888888,0.8975694444444444,0.9895833333333334,1.0,0.025,0.025,0.29869145159475075,0.424,0.8915094339622641,0.66836309900467,2.7352150867960763,0.43692376883292117,0.3769957274567125,0.2881268270744324,0.43692376883292117,0.3769957274567125,0.2881268270744324,0.3015237164523257,1.0,374.0,1000.0,0.43692376883292117,0.3769957274567125,0.2881268270744324,0.3016696423663537,1000,668,713.13,0.7131,800.17,1.1979,1513.3,1.911
GenMol,run_20260527_011437_r05,DPP4,1.0,0.671,0.7534041330105616,0.43517138599105815,0.7386007663692257,3.089244087709087,0.19672131147540983,0.9318181818181818,0.992548435171386,0.8405365126676602,0.9344262295081968,0.9985096870342772,0.006,0.006,0.4394153286299842,0.131,0.9312977099236641,0.7383245383994945,3.089166261904003,1.0,0.9755166931637518,0.5042686804451506,1.073926868044515,1.0214626391096977,0.5088632750397452,0.6781834658187598,1.0,622.0,1000.0,1.0,0.9755166931637518,0.5042686804451506,0.6781834658187598,1000,228,506.63,0.5066,301.21,1.3211,807.84,1.8277
InVirtuoGen,run_20260624_095031_r01,CHK1,0.248,0.7096774193548387,0.6757231717340777,0.39204545454545453,0.4518841091025276,2.902971045288776,0.9886363636363636,0.6436781609195402,1.0,0.7727272727272727,0.6875,1.0,0.8024193548387096,0.129,0.35819085129153555,0.174,0.6436781609195402,0.4518841091025276,2.902971045288776,1.0,0.8097196261682245,0.28009345794392526,1.0317757009345798,0.8128971962616823,0.28041121495327104,0.5922507239282007,1.0,491.0,1000.0,1.0,0.8097196261682245,0.28009345794392526,0.5922507239282007,1000,156,81.31,0.0813,406.29,2.6044,487.6,2.6858
GenMol,run_20260527_011437_r03,CHK1,1.0,0.645,0.689550208979751,0.4697674418604651,0.45103696899382933,3.3659474636810724,0.9054263565891473,0.8818493150684932,0.9953488372093023,0.8992248062015504,0.8,0.9984496124031008,0.018,0.017,0.24585402702665274,0.583,0.8816466552315609,0.4506288446907623,3.3673889170289826,1.0,0.9945794392523364,0.8329158878504671,1.0542056074766357,1.0457943925233646,0.83803738317757,0.7864193153834742,1.0,309.0,1000.0,1.0,0.9945794392523364,0.8329158878504671,0.7868501750482124,1000,782,574.87,0.5749,1664.19,2.1281,2239.06,2.703
GenMol,run_20260527_011437_r05,VEGFR2,1.0,0.519,0.7372510696748421,0.43545279383429675,0.5665360889700846,2.6851836546799803,0.789980732177264,0.8853658536585366,1.0,0.9036608863198459,0.9210019267822736,0.9961464354527938,0.014,0.014,0.4331730822327187,0.408,0.8848039215686274,0.5665676996722787,2.6871567730758086,1.0,0.9743499648629659,0.6570625439212932,1.1089248067463109,1.0228390723822913,0.6619114546732257,0.516916900913563,1.0,734.0,1000.0,1.0,0.9743499648629659,0.6570625439212932,0.516916900913563,1000,755,423.75,0.4238,533.94,0.7072,957.69,1.131
InVirtuoGen,run_20260624_095031_r02,PEPCK,0.088,0.48863636363636365,0.5293126617251723,0.6046511627906976,0.347600491386036,3.3166888128523526,0.9069767441860465,0.8974358974358975,0.9767441860465116,0.9302325581395349,0.5116279069767442,1.0,0.45454545454545453,0.013,0.5391399811587106,0.039,0.8974358974358975,0.347600491386036,3.3166888128523526,1.0,1.0,0.806948200540878,1.0545454545454545,1.2513833992094863,0.8941543582275848,0.8851086166007905,1.0,90.0,643.0,1.0,1.0,0.806948200540878,0.8885974374176548,1000,80,79.88,0.0799,588.03,7.3504,667.91,7.4302
InVirtuoGen,run_20260624_095031_r04,PptT,0.472,0.09322033898305085,0.624121163035033,0.4090909090909091,0.6026698134449442,2.6299855124119507,0.8863636363636364,0.8717948717948718,0.9772727272727273,0.8181818181818182,1.0,1.0,0.7733050847457628,0.025,0.3594138332471128,0.039,0.8717948717948718,0.6026698134449442,2.6299855124119507,0.40993928491117615,0.38745221497638865,0.2986755115808412,0.40993928491117615,0.38745221497638865,0.2839554756015293,0.3546644341111004,1.0,83.0,1000.0,0.40993928491117615,0.38745221497638865,0.2986755115808412,0.3548736050877888,1000,382,83.22,0.0832,440.22,1.1524,523.44,1.2356
InVirtuoGen,run_20260624_095031_r04,ITK,0.532,0.21804511278195488,0.8319015965353305,0.47413793103448276,0.6650749791111024,2.805547398196725,0.4051724137931034,0.8297872340425532,0.9913793103448276,0.7844827586206896,1.0,1.0,0.9642857142857143,0.099,0.1683969486756744,0.047,0.8297872340425532,0.6650749791111024,2.805547398196725,0.8828382838283833,0.5594059405940595,0.10066006600660068,0.8828382838283833,0.5594059405940595,-0.3279290429042904,0.5083108662056683,1.0,90.0,1000.0,0.8828382838283833,0.5594059405940595,0.10066006600660068,0.5084753555712715,1000,163,81.86,0.0819,161.92,0.9934,243.78,1.0752
InVirtuoGen,run_20260624_095031_r01,TTK,0.162,0.6851851851851852,0.6746827930114181,0.4774774774774775,0.5725052594590019,2.8266529086836694,0.9459459459459459,0.8095238095238095,0.963963963963964,0.8468468468468469,0.8648648648648649,1.0,0.654320987654321,0.064,0.3184983859295476,0.105,0.8095238095238095,0.5725052594590019,2.8266529086836694,1.0,0.6860547667342798,0.19255542507384074,1.0167342799188643,0.6906693711967545,0.08651827337105435,0.6262187727389806,1.0,90.0,1000.0,1.0,0.6860547667342798,0.19255542507384074,0.6262187727389806,1000,126,78.84,0.0788,480.17,3.8109,559.01,3.8897
GenMol,run_20260527_011437_r05,ITK,1.0,0.642,0.7372148391987461,0.29127725856697817,0.6646437514649398,3.634840816882345,0.8520249221183801,0.6636197440585009,0.9984423676012462,0.7616822429906542,0.6012461059190031,1.0,0.006,0.006,0.19988911399342826,0.547,0.6636197440585009,0.6646437514649398,3.634840816882345,1.0,0.8491749174917492,0.6061633663366339,1.1221122112211226,0.8613861386138616,0.6073844884488452,0.6441425742574258,1.0,412.0,1000.0,1.0,0.8491749174917492,0.6061633663366339,0.6441425742574258,1000,610,499.79,0.4998,1047.84,1.7178,1547.63,2.2176
GenMol,run_20260527_011437_r05,TTK,1.0,0.64,0.7697925955625997,0.4125,0.6637531700617761,2.7101018575120124,0.540625,0.8670520231213873,0.9875,0.871875,0.8671875,1.0,0.023,0.022,0.28492367914155226,0.346,0.8670520231213873,0.6637531700617761,2.7101018575120124,0.8924949290060853,0.6749492900608518,0.41123225152129805,0.8924949290060853,0.6749492900608518,0.41123225152129805,0.43258772819472613,1.0,760.0,1000.0,0.8924949290060853,0.6749492900608518,0.41123225152129805,0.4326008071331981,1000,530,478.08,0.4781,1437.87,2.713,1915.95,3.191
InVirtuoGen,run_20260624_095031_r01,DPP4,0.981,0.7145769622833843,0.6703041942749608,0.3666191155492154,0.7516082690692328,3.385372371460533,0.48074179743223966,0.9881305637982196,0.9985734664764622,0.9586305278174037,0.9957203994293866,1.0,0.42813455657492355,0.173,0.2544913358451608,0.337,0.9881305637982196,0.7516082690692328,3.385372371460533,1.0,0.5939586645468997,0.1296328497615262,1.1454689984101747,0.6085055643879171,-0.08155306041335474,0.2180951510333862,1.0,892.0,1000.0,1.0,0.5939586645468997,0.1296328497615262,0.2180951510333862,1000,355,103.04,0.103,222.32,0.6262,325.36,0.7293
InVirtuoGen,run_20260624_095031_r04,CHK1,0.313,0.10543130990415335,0.6463218762799894,0.6666666666666666,0.4603737275295797,2.903595001235438,0.9393939393939394,0.8709677419354839,1.0,0.9393939393939394,0.5151515151515151,1.0,0.3035143769968051,0.007,0.40321821689258625,0.031,0.8709677419354839,0.4603737275295797,2.903595001235438,0.6299065420560749,0.6069158878504674,0.24946662890588053,0.6299065420560749,0.6069158878504674,0.24946662890588053,0.5399367608663403,1.0,83.0,1000.0,0.6299065420560749,0.6069158878504674,0.24946662890588053,0.5399367608663403,1000,307,80.86,0.0809,1488.85,4.8497,1569.71,4.9305
InVirtuoGen,run_20260624_095031_r03,VEGFR2,0.857,1.0,0.7408675286808544,0.912485414235706,0.616017788506245,3.281434104220838,1.0,0.9229871645274212,0.9906651108518086,0.9474912485414235,0.8728121353558926,1.0,0.002333722287047841,0.002,0.25375860779500453,0.857,0.9229871645274212,0.616017788506245,3.281434104220838,0.9964862965565707,0.8088545326774419,0.34666198172874196,0.9964862965565707,0.8088545326774419,0.34666198172874196,0.6672612087139844,1.0,189.0,1000.0,0.9964862965565707,0.8088545326774419,0.34666198172874196,0.6672612087139844,1000,791,79.39,0.0794,625.3,0.7905,704.69,0.8699
InVirtuoGen,run_20260624_095031_r01,PptT,0.326,0.254601226993865,0.6975692162743496,0.30120481927710846,0.6213121317237752,3.23979426000738,0.7349397590361446,0.9672131147540983,1.0,0.9397590361445783,0.9518072289156626,1.0,0.6533742331288344,0.051,0.28409324632463967,0.061,0.9672131147540983,0.6213121317237752,3.23979426000738,0.6719136496514505,0.5483472003597931,0.26863503485495843,0.6719136496514505,0.5483472003597931,0.24811108612547803,0.3726025400573242,1.0,471.0,1000.0,0.6719136496514505,0.5483472003597931,0.26863503485495843,0.37276956464318733,1000,239,79.92,0.0799,621.67,2.6011,701.59,2.6811
InVirtuoGen,run_20260624_095031_r02,VEGFR2,0.167,0.40119760479041916,0.714725224907593,0.7910447761194029,0.7017729896139426,3.5401472058343457,0.9104477611940298,0.819672131147541,0.8656716417910447,0.9552238805970149,1.0,1.0,0.6826347305389222,0.031,0.21931472719743855,0.061,0.819672131147541,0.7017729896139426,3.5401472058343457,0.5537596626844696,0.5196767392832047,0.12277883746611785,0.5537596626844696,0.5196767392832047,-0.6504994478466017,0.27879432843645763,1.0,785.0,1000.0,0.5537596626844696,0.5196767392832047,0.12277883746611785,0.2791991148813706,1000,121,108.23,0.1082,282.66,2.3361,390.89,2.4443
InVirtuoGen,run_20260624_095031_r03,TTK,0.167,0.8143712574850299,0.7047016126156063,0.6397058823529411,0.5714750455336978,3.0754136734039488,0.9411764705882353,0.8046875,0.9632352941176471,0.8529411764705882,0.8970588235294118,1.0,0.5149700598802395,0.064,0.30682729550226173,0.128,0.8046875,0.5714750455336978,3.0754136734039488,0.7581135902636915,0.568711967545639,0.2074260231475957,0.7581135902636915,0.568711967545639,0.1308391003460208,0.45744731398306443,1.0,503.0,1000.0,0.7581135902636915,0.568711967545639,0.2074260231475957,0.45803706353230944,1000,129,80.42,0.0804,478.42,3.7087,558.84,3.7891
InVirtuoGen,run_20260624_095031_r03,PptT,0.495,0.07474747474747474,0.5880814797023091,0.5675675675675675,0.6942490182575451,2.633745525205661,0.918918918918919,0.8529411764705882,0.972972972972973,0.8918918918918919,1.0,1.0,0.9474747474747475,0.02,0.3570913503944675,0.034,0.8529411764705882,0.6942490182575451,2.633745525205661,0.289633460760063,0.2896334607600631,0.07756015291207552,0.289633460760063,0.2896334607600631,-0.06942882842365637,0.244875019185397,1.0,329.0,1000.0,0.289633460760063,0.2896334607600631,0.07756015291207552,0.24502200591802575,1000,477,83.12,0.0831,273.07,0.5725,356.19,0.6556
InVirtuoGen,run_20260624_095031_r04,DPP4,0.521,0.18809980806142035,0.687431144459471,0.3163265306122449,0.7415604940352314,3.5762525126325784,0.2653061224489796,0.8076923076923077,1.0,0.8673469387755102,1.0,1.0,0.9366602687140115,0.074,0.2860537151268734,0.026,0.8076923076923077,0.7415604940352314,3.5762525126325784,0.32670906200317934,0.3004769475357708,0.18339295177530457,0.32670906200317934,0.3004769475357708,0.024311075781663808,0.242057343793373,1.0,231.0,1000.0,0.32670906200317934,0.3004769475357708,0.18339295177530457,0.242057343793373,1000,40,81.36,0.0814,84.89,2.1222,166.25,2.2036
InVirtuoGen,run_20260624_095031_r02,CHK1,0.263,0.20152091254752852,0.6532945418130655,0.3018867924528302,0.4968947790263912,3.0467751955118483,1.0,1.0,1.0,1.0,0.7547169811320755,1.0,0.6920152091254753,0.023,0.4069913591092057,0.053,1.0,0.4968947790263912,3.0467751955118483,0.7177570093457943,0.42504672897196255,0.22710280373831768,0.7177570093457943,0.42504672897196255,0.22710280373831768,0.3892879387331258,1.0,87.0,1000.0,0.7177570093457943,0.42504672897196255,0.22710280373831768,0.389556249072838,1000,263,82.87,0.0829,791.63,3.01,874.5,3.0929
InVirtuoGen,run_20260624_095031_r02,ITK,0.447,0.1297539149888143,0.790820108063149,0.6551724137931034,0.6947499040179388,3.204013769070307,0.603448275862069,0.8857142857142857,1.0,0.8448275862068966,1.0,1.0,0.87248322147651,0.036,0.21274730269599212,0.035,0.8857142857142857,0.6947499040179388,3.204013769070307,1.0,1.0,0.42987623762376237,1.1097359735973598,1.0309405940594063,0.28952145214521446,0.8184801348289591,1.0,370.0,490.0,1.0,1.0,0.42987623762376237,0.8185370196841113,1000,127,79.84,0.0798,165.82,1.3056,245.65,1.3855
InVirtuoGen,run_20260624_095031_r02,DPP4,0.87,0.9080459770114943,0.6908631965192857,0.5392405063291139,0.6914191343888505,3.4149437441650248,0.4506329113924051,0.9550561797752809,0.9974683544303797,0.9443037974683545,0.9810126582278481,1.0,0.2770114942528736,0.169,0.2655776960841861,0.356,0.9550561797752809,0.6914191343888505,3.4149437441650248,1.0,0.824403815580286,0.28319976639304356,1.0500794912559617,0.8557233704292526,0.15207163946659724,0.6002819157392685,1.0,459.0,1000.0,1.0,0.824403815580286,0.28319976639304356,0.6002819157392685,1000,343,70.74,0.0707,345.54,1.0074,416.28,1.0781
InVirtuoGen,run_20260624_095031_r05,ITK,0.647,0.26275115919629055,0.8677658064973446,0.49411764705882355,0.5849746806951684,3.092650591969959,0.3,0.7843137254901961,1.0,0.8117647058823529,0.9941176470588236,1.0,0.9598145285935085,0.145,0.14130457842366034,0.051,0.7843137254901961,0.5849746806951684,3.092650591969959,1.0,0.7367161716171619,0.09380363036303628,1.146864686468647,0.7660891089108912,-0.2733910891089111,0.6461571552988632,1.0,87.0,1000.0,1.0,0.7367161716171619,0.09380363036303628,0.6461571552988632,1000,115,93.98,0.094,157.52,1.3697,251.5,1.4637
InVirtuoGen,run_20260624_095031_r01,PEPCK,0.326,0.5398773006134969,0.5033442258410479,0.6136363636363636,0.3030110776075504,3.5655627066633597,0.9715909090909091,0.9064327485380117,1.0,0.9090909090909091,0.4034090909090909,1.0,0.2791411042944785,0.07,0.569496006952577,0.171,0.9064327485380117,0.3030110776075504,3.5655627066633597,1.0,1.0,0.9740474308300392,1.0347826086956526,1.2355731225296442,1.1059288537549403,0.9077347048120961,1.0,192.0,224.0,1.0,1.0,0.9740474308300392,0.9188643236714975,1000,305,83.8,0.0838,2185.63,7.166,2269.43,7.2498
InVirtuoGen,run_20260624_095031_r04,PEPCK,0.148,0.7635135135135135,0.46185101467600775,0.45132743362831856,0.348125235406812,3.15051790470726,0.9823008849557522,0.8558558558558559,1.0,0.8584070796460177,0.6548672566371682,1.0,0.4189189189189189,0.049,0.5954772931485605,0.111,0.8558558558558559,0.348125235406812,3.15051790470726,1.0,1.0,0.6774787654528637,1.0189723320158104,1.246245059288538,0.7200067277773105,0.9212573473869126,1.0,89.0,362.0,1.0,1.0,0.6774787654528637,0.9350451781793085,1000,128,78.27,0.0783,709.38,5.542,787.65,5.6203
InVirtuoGen,run_20260624_095031_r05,VEGFR2,0.201,0.29850746268656714,0.7094962433047092,0.65,0.612066277667314,3.6679693412422196,0.8833333333333333,0.7358490566037735,0.9,0.8666666666666667,0.9833333333333333,1.0,0.7064676616915423,0.03,0.20938577860391075,0.053,0.7358490566037735,0.612066277667314,3.6679693412422196,0.18833450456781434,0.03787772312016864,0.018037011009604115,0.18833450456781434,-0.5087842586085733,-1.2382290934645117,0.03482395230287007,1.0,88.0,1000.0,0.18833450456781434,0.03787772312016864,0.018037011009604115,0.034872433044428816,1000,99,93.99,0.094,137.44,1.3883,231.43,1.4823
InVirtuoGen,run_20260624_095031_r01,ITK,0.485,0.1402061855670103,0.8147685429569504,0.5882352941176471,0.6310623537989,2.855193938550507,0.5588235294117647,0.9210526315789473,1.0,0.9264705882352942,0.9852941176470589,1.0,0.9567010309278351,0.047,0.20660919828439367,0.038,0.9210526315789473,0.6310623537989,2.855193938550507,1.0,0.6212046204620462,0.09574257425742577,1.1592409240924098,0.6534653465346535,-0.4026402640264026,0.49787255683901727,1.0,211.0,1000.0,1.0,0.6212046204620462,0.09574257425742577,0.49789069719471946,1000,218,79.78,0.0798,151.01,0.6927,230.79,0.7725
InVirtuoGen,run_20260624_095031_r05,DPP4,0.854,0.8981264637002342,0.6984081025413194,0.5801825293350718,0.6701781047221552,3.394528922508433,0.4367666232073012,0.9641791044776119,1.0,0.9361147327249022,0.9765319426336375,1.0,0.3442622950819672,0.21,0.2615891378170303,0.335,0.9641791044776119,0.6701781047221552,3.394528922508433,1.0,0.7930842607313194,0.45197189599466614,1.3203497615262318,0.8251192368839424,0.4483819683060667,0.5725951112877581,1.0,470.0,1000.0,1.0,0.7930842607313194,0.45197189599466614,0.5725951112877581,1000,325,74.6,0.0746,383.97,1.1814,458.57,1.256
InVirtuoGen,run_20260624_095031_r04,TTK,0.21,0.6761904761904762,0.6879419831136314,0.4154929577464789,0.6506663271087743,2.8680326853365146,0.9577464788732394,0.8823529411764706,0.9788732394366197,0.9014084507042254,0.971830985915493,1.0,0.6333333333333333,0.08,0.3296575180317469,0.136,0.8823529411764706,0.6506663271087743,2.8680326853365146,0.6997971602434079,0.6135902636916836,0.21125760649087202,0.6997971602434079,0.6135902636916836,0.15955882352941164,0.534332397614218,1.0,89.0,1000.0,0.6997971602434079,0.6135902636916836,0.21125760649087202,0.5346857010045397,1000,176,82.73,0.0827,549.19,3.1204,631.92,3.2031
InVirtuoGen,run_20260624_095031_r02,PptT,0.335,0.21492537313432836,0.6188029475634875,0.4166666666666667,0.6297741121143887,2.600993417613035,0.9027777777777778,0.9384615384615385,1.0,0.9305555555555556,1.0,1.0,0.817910447761194,0.047,0.31948486810507337,0.065,0.9384615384615385,0.6297741121143887,2.600993417613035,0.48077355520575665,0.4377108162806387,0.30250730829772865,0.48077355520575665,0.4377108162806387,0.30250730829772865,0.3748700283051532,1.0,228.0,1000.0,0.48077355520575665,0.4377108162806387,0.30250730829772865,0.375219413658575,1000,299,100.96,0.101,647.86,2.1668,748.82,2.2677
InVirtuoGen,run_20260624_095031_r02,TTK,0.126,0.7063492063492064,0.7066475665784078,0.5955056179775281,0.597781147068088,3.96595405119338,0.9662921348314607,0.8372093023255814,0.9887640449438202,0.8539325842696629,0.9662921348314607,1.0,0.5952380952380952,0.043,0.2786811338935092,0.086,0.8372093023255814,0.597781147068088,3.96595405119338,0.6566937119675459,0.6039553752535497,0.3008186033033902,0.6566937119675459,0.6039553752535497,0.25440995363662683,0.5521740628722754,1.0,87.0,1000.0,0.6566937119675459,0.6039553752535497,0.3008186033033902,0.552962691973341,1000,99,82.65,0.0826,564.05,5.6975,646.7,5.7802
InVirtuoGen,run_20260624_095031_r03,PEPCK,0.24390243902439024,0.8,0.34608465638923136,0.0625,0.4385830122946257,2.6097418021074086,0.9375,1.0,1.0,1.0,1.0,1.0,0.0,0.0,0.7381177281431741,0.18292682926829268,1.0,0.4385830122946257,2.6097418021074086,0.6671936758893278,0.47430830039525684,0.33505304763886,0.6671936758893278,0.47430830039525684,0.3143748699812773,0.07262701243613226,1.0,74.0,82.0,0.6671936758893278,0.47430830039525684,0.33505304763886,0.09000543994711545,82,19,34.15,0.4165,29.13,1.5329,63.28,1.9494
LibINVENT,run_20260526_220933_r02,VEGFR2,1.0,1.0,0.6368471139305264,0.613,0.41469346976531757,3.005732879338613,1.0,0.72,0.992,0.907,0.417,1.0,0.0,0.0,0.29452775957644567,1.0,0.72,0.41469346976531757,3.005732879338613,1.0,1.0,0.9879831342234715,1.1756851721714687,1.1914968376669008,1.1546029515108924,0.8893489810260015,1.0,165.0,376.0,1.0,1.0,0.9879831342234715,0.8893850921371125,1000,720,15.94,0.0151,1731.16,2.4044,1747.11,2.4195
LibINVENT,run_20260526_220933_r01,VEGFR2,1.0,1.0,0.6240528327037842,0.74,0.3875936461997561,3.0173363390727057,1.0,0.801,0.987,0.944,0.35,1.0,0.0,0.0,0.2910828391631172,1.0,0.801,0.3875936461997561,3.0173363390727057,1.0,1.0,0.9957484188334504,1.2600140548137737,1.2543921293042868,1.163703443429374,0.9315553056921997,1.0,79.0,234.0,1.0,1.0,0.9957484188334504,0.9322011904761905,1000,801,17.81,0.0173,3135.05,3.9139,3152.86,3.9312
InVirtuoGen,run_20260624_095031_r05,PEPCK,0.161,0.5962732919254659,0.5269092993730737,0.6666666666666666,0.3776990239222022,3.7043842770320787,0.9583333333333334,0.8913043478260869,1.0,0.8958333333333334,0.7604166666666666,1.0,0.3167701863354037,0.026,0.5466803792663356,0.092,0.8913043478260869,0.3776990239222022,3.7043842770320787,1.0,1.0,0.6627035573122524,1.0624505928853754,1.2375494071146247,0.7024110671936752,0.923707987640379,1.0,83.0,501.0,1.0,1.0,0.6627035573122524,0.9339353394190352,1000,145,95.56,0.0956,788.06,5.4349,883.62,5.5305
InVirtuoGen,run_20260624_095031_r05,CHK1,0.592,0.13682432432432431,0.7434815155164651,0.41975308641975306,0.4821791919497542,2.721519597870275,0.8148148148148148,0.8484848484848485,1.0,0.7407407407407407,0.5679012345679012,1.0,0.9375,0.059,0.32542522408282293,0.066,0.8484848484848485,0.4821791919497542,2.721519597870275,0.7177570093457943,0.7007476635514018,0.369214953271028,0.7177570093457943,0.7007476635514018,0.369214953271028,0.5729451691143748,1.0,428.0,1000.0,0.7177570093457943,0.7007476635514018,0.369214953271028,0.5759838599614301,1000,553,85.17,0.0852,3089.09,5.5861,3174.27,5.6712
LibINVENT,run_20260526_220933_r03,VEGFR2,1.0,1.0,0.6160098728971093,0.589,0.4248714093267297,2.8341861390843106,1.0,0.843,0.995,0.943,0.554,1.0,0.0,0.0,0.32801777200318005,1.0,0.843,0.4248714093267297,2.8341861390843106,1.0,1.0,0.9977160927617708,1.664089950808152,1.236120871398454,1.2010189739985944,0.9155691496837667,1.0,141.0,258.0,1.0,1.0,0.9977160927617708,0.9163153682695847,1000,843,14.91,0.0144,1902.02,2.2563,1916.94,2.2707
LibINVENT,run_20260526_220933_r03,DPP4,1.0,0.993,0.6430344611798848,0.5830815709969789,0.6455968599589826,3.6778512526144698,0.9889224572004028,0.955193482688391,0.9979859013091642,0.9869083585095669,0.8539778449144008,1.0,0.0,0.0,0.28689073567238277,0.982,0.955193482688391,0.6455968599589826,3.6778512526144698,1.0,1.0,1.0,1.157392686804451,1.0934022257551665,1.2298887122416533,0.7749181836248012,1.0,342.0,381.0,1.0,1.0,1.0,0.7752336844197137,1000,945,16.59,0.0162,2638.3,2.7919,2654.89,2.8081
InVirtuoGen,run_20260624_095031_r05,TTK,0.193,0.7979274611398963,0.6984664206399894,0.538961038961039,0.6102424847035919,3.156401824299819,0.961038961038961,0.8243243243243243,0.974025974025974,0.8571428571428571,0.8311688311688312,1.0,0.7357512953367875,0.109,0.3205092235521438,0.148,0.8243243243243243,0.6102424847035919,3.156401824299819,0.7606490872210951,0.5973630831643002,0.17631674909405834,0.7606490872210951,0.5973630831643002,0.08691911479818583,0.49449694432370644,1.0,229.0,1000.0,0.7606490872210951,0.5973630831643002,0.17631674909405834,0.4971892899401139,1000,155,93.6,0.0936,767.98,4.9547,861.58,5.0483
InVirtuoGen,run_20260624_095031_r05,PptT,0.516,0.060077519379844964,0.7090243536984071,0.4838709677419355,0.6960069880475191,3.0414188286249315,0.7419354838709677,0.8695652173913043,1.0,0.8709677419354839,0.9032258064516129,1.0,0.9108527131782945,0.019,0.2867041594154015,0.023,0.8695652173913043,0.6960069880475191,3.0414188286249315,0.3267371261524624,0.32583764335507087,0.3095457611873178,0.3267371261524624,0.32583764335507087,0.3095457611873178,0.26971090221337013,1.0,169.0,1000.0,0.3267371261524624,0.32583764335507087,0.3095457611873178,0.2697895609131892,1000,308,90.03,0.09,381.85,1.2398,471.87,1.3298
InVirtuoGen,run_20260624_095031_r04,VEGFR2,0.847,1.0,0.7352810010662225,0.8890200708382526,0.6435279660430053,3.22969927292091,0.9988193624557261,0.9385342789598109,0.9905548996458088,0.961038961038961,0.8961038961038961,1.0,0.0035419126328217238,0.003,0.2561973848143973,0.846,0.9385342789598109,0.6435279660430053,3.22969927292091,1.0,0.6830639494026702,0.25611384399156706,1.133520730850316,0.6964160224877018,0.2574490513000702,0.5073881236823612,1.0,432.0,1000.0,1.0,0.6830639494026702,0.25611384399156706,0.5073881236823612,1000,794,75.8,0.0758,464.29,0.5847,540.09,0.6605
LibINVENT,run_20260526_220933_r01,ITK,1.0,1.0,0.744837082508898,0.817,0.5684335286958049,2.6714717978465017,0.953,0.8709338929695698,0.989,0.978,0.718,1.0,0.0,0.0,0.2945151413432794,0.953,0.8709338929695698,0.5684335286958049,2.6714717978465017,1.0,1.0,1.0,1.245874587458746,1.2871287128712874,1.3329620462046206,0.9459392739273927,1.0,91.0,165.0,1.0,1.0,1.0,0.9460872223531878,1000,830,14.91,0.0148,1549.52,1.8669,1564.43,1.8817
LibINVENT,run_20260526_220933_r03,ITK,1.0,1.0,0.7393889962986891,0.809,0.5417081580222036,2.613674643344477,0.955,0.8942408376963351,0.991,0.966,0.788,1.0,0.0,0.0,0.31231969384263436,0.955,0.8942408376963351,0.5417081580222036,2.613674643344477,1.0,1.0,1.0,1.3902640264026402,1.3287953795379541,1.3162128712871288,0.9478138613861385,1.0,88.0,144.0,1.0,1.0,1.0,0.9478138613861385,1000,854,13.73,0.0135,2071.13,2.4252,2084.86,2.4387
LibINVENT,run_20260526_220933_r02,DPP4,1.0,0.995,0.6391574705911611,0.4321608040201005,0.7065059739203299,3.3464700841034696,0.9748743718592965,0.931958762886598,0.9979899497487437,0.9839195979899498,0.7628140703517587,1.0,0.0,0.0,0.30151132076762155,0.97,0.931958762886598,0.7065059739203299,3.3464700841034696,1.0,1.0,1.0,1.0063593004769475,1.2706677265500794,1.2742050874403814,0.5381213831478536,1.0,519.0,699.0,1.0,1.0,1.0,0.5381213831478536,1000,909,17.55,0.0173,904.02,0.9945,921.57,1.0118
LibINVENT,run_20260526_220933_r03,PEPCK,1.0,1.0,0.42135526380829613,0.558,0.23716518973768927,2.9468525420914564,1.0,0.814,0.997,0.979,0.03,1.0,0.0,0.0,0.5524107833269307,1.0,0.814,0.23716518973768927,2.9468525420914564,1.0,1.0,1.0,1.0426877470355733,1.0545454545454547,1.2310671936758895,0.9950995169082125,1.0,10.0,51.0,1.0,1.0,1.0,0.9967318504925027,1000,814,20.15,0.0198,4763.47,5.8519,4783.63,5.8718
LibINVENT,run_20260526_220933_r05,CHK1,1.0,1.0,0.6560333638922837,0.979,0.2540707206258912,3.2333233583333936,1.0,0.895,0.999,0.991,0.246,1.0,0.0,0.0,0.21470818499919722,1.0,0.895,0.2540707206258912,3.2333233583333936,1.0,1.0,1.0,1.0224299065420563,1.127102803738318,1.141233644859814,0.9687162364634327,1.0,68.0,149.0,1.0,1.0,1.0,0.9687162364634327,1000,895,18.42,0.0177,4165.07,4.6537,4183.49,4.6714
LibINVENT,run_20260526_220933_r05,PptT,1.0,1.0,0.7043408073228729,0.6365482233502539,0.5512262739244432,2.6051373099091317,0.7807106598984772,0.8660598179453837,0.9878172588832488,0.9451776649746193,0.7918781725888325,1.0,0.0,0.0,0.3108995222433963,0.7807106598984772,0.8660598179453837,0.5512262739244432,2.6051373099091317,0.9507533168428155,0.5869125252979538,0.34509781875421636,0.9507533168428155,0.5869125252979538,0.34509781875421636,0.28372671247027886,1.0,773.0,985.0,0.9507533168428155,0.5869125252979538,0.34509781875421636,0.28372671247027886,985,666,19.96,0.0196,1498.9,2.2506,1518.85,2.2702
LibINVENT,run_20260526_220933_r02,TTK,1.0,1.0,0.6028585534370186,0.505,0.4628965722718901,2.710650505594001,1.0,0.902,0.997,0.939,0.552,1.0,0.0,0.0,0.3080760682257628,1.0,0.902,0.4628965722718901,2.710650505594001,1.0,1.0,0.9915212981744423,1.0319472616632859,1.0633874239350913,1.0747464503042596,0.9328639414098973,1.0,116.0,298.0,1.0,1.0,0.9915212981744423,0.9329595296451915,1000,902,17.63,0.0172,1707.46,1.893,1725.09,1.9102
LibINVENT,run_20260526_220933_r05,TTK,1.0,1.0,0.5967282657488253,0.606,0.39942066727731007,3.1249895611755854,1.0,0.874,0.99,0.952,0.265,1.0,0.0,0.0,0.27771137581741984,1.0,0.874,0.39942066727731007,3.1249895611755854,1.0,1.0,1.0,1.3387423935091278,1.2223630831643002,1.1401115618661257,0.9165672413793104,1.0,109.0,235.0,1.0,1.0,1.0,0.9165851830387328,1000,874,18.7,0.0183,3202.08,3.6637,3220.77,3.682
LibINVENT,run_20260526_220933_r05,DPP4,1.0,0.992,0.6453949585807959,0.4969758064516129,0.7131302833409779,3.347986002619216,0.9929435483870968,0.9543147208121827,0.9979838709677419,0.9909274193548387,0.8800403225806451,1.0,0.0,0.0,0.2935413638994487,0.985,0.9543147208121827,0.7131302833409779,3.347986002619216,1.0,1.0,0.9772257551669319,1.1891891891891888,1.2309220985691571,1.159379968203497,0.3836810810810811,1.0,672.0,756.0,1.0,1.0,0.9772257551669319,0.3836810810810811,1000,948,19.19,0.019,1047.54,1.105,1066.73,1.124
LibINVENT,run_20260526_220933_r04,VEGFR2,1.0,1.0,0.6842008056525819,0.721,0.4023806451266687,3.1387181604614414,1.0,0.757,0.994,0.892,0.489,1.0,0.0,0.0,0.28324478499996897,1.0,0.757,0.4023806451266687,3.1387181604614414,1.0,1.0,0.9780042164441324,1.1018973998594515,1.1921995783555868,1.132782853127196,0.9107731831922274,1.0,154.0,364.0,1.0,1.0,0.9780042164441324,0.9113445046793607,1000,757,15.88,0.0153,2166.64,2.8621,2182.53,2.8774
LibINVENT,run_20260526_220933_r05,ITK,1.0,1.0,0.7317385056804362,0.719,0.6122322719982504,2.5617902570742324,0.96,0.915625,0.985,0.978,0.841,1.0,0.0,0.0,0.2987920035259039,0.96,0.915625,0.6122322719982504,2.5617902570742324,1.0,1.0,1.0,1.0024752475247525,1.2937293729372938,1.2940181518151816,0.8713599009900991,1.0,187.0,349.0,1.0,1.0,1.0,0.8713599009900991,1000,879,14.01,0.0133,1318.69,1.5002,1332.71,1.5135
LibINVENT,run_20260526_220933_r02,PEPCK,1.0,1.0,0.42886692673606297,0.434,0.25108598486370615,2.8925771426155253,1.0,0.871,0.997,0.99,0.025,1.0,0.0,0.0,0.558421707137934,1.0,0.871,0.25108598486370615,2.8925771426155253,1.0,1.0,1.0,1.3628458498023721,1.2114624505928855,1.3355335968379447,0.9979025283894849,1.0,1.0,1.0,1.0,1.0,1.0,0.9979025283894849,1000,871,20.65,0.02,4942.97,5.675,4963.62,5.6951
LibINVENT,run_20260526_220933_r02,CHK1,1.0,1.0,0.6836907082155188,0.896,0.3215299206932096,3.104022716160608,1.0,0.887,0.996,0.991,0.357,1.0,0.0,0.0,0.22319945580388878,1.0,0.887,0.3215299206932096,3.104022716160608,1.0,1.0,1.0,1.0448598130841122,1.1771962616822431,1.1409158878504675,0.9696295290016319,1.0,45.0,164.0,1.0,1.0,1.0,0.9699504798991248,1000,887,18.59,0.018,1566.64,1.7662,1585.23,1.7843
LibINVENT,run_20260526_220933_r02,ITK,1.0,1.0,0.7208399037920612,0.689,0.5811694792168086,2.428299194695623,0.977,0.901740020470829,0.996,0.98,0.709,1.0,0.0,0.0,0.30551754477482357,0.977,0.901740020470829,0.5811694792168086,2.428299194695623,1.0,1.0,1.0,1.5882838283828384,1.2136963696369638,1.315140264026403,0.9288045379537954,1.0,97.0,192.0,1.0,1.0,1.0,0.9288064173083975,1000,881,14.33,0.0139,1428.16,1.6211,1442.5,1.635
LibINVENT,run_20260526_220933_r03,TTK,1.0,1.0,0.6020712196125002,0.47,0.4198544656887196,2.8315514998553106,1.0,0.839,0.994,0.95,0.325,1.0,0.0,0.0,0.29423220258083205,1.0,0.839,0.4198544656887196,2.8315514998553106,1.0,1.0,0.9994675456389451,1.024340770791075,1.078346855983773,1.134913793103449,0.9329641297610999,1.0,113.0,310.0,1.0,1.0,0.9994675456389451,0.9332839173025531,1000,839,18.36,0.0178,2236.64,2.6658,2255.0,2.6836
LibINVENT,run_20260526_220933_r05,PEPCK,1.0,1.0,0.4050829028970381,0.532,0.24377457524715543,2.932636633216274,1.0,0.889,0.997,0.958,0.016,1.0,0.0,0.0,0.5496910865720499,1.0,0.889,0.24377457524715543,2.932636633216274,1.0,1.0,1.0,1.2284584980237152,1.189723320158103,1.2508300395256917,0.9979428998055084,1.0,1.0,21.0,1.0,1.0,1.0,0.9979428998055084,1000,889,19.43,0.0193,5253.55,5.9095,5272.97,5.9288
LibINVENT,run_20260526_220933_r03,PptT,1.0,1.0,0.6823605863086839,0.5126903553299492,0.5573288214838834,2.5525095687714034,0.8456852791878172,0.8343337334933973,0.9959390862944163,0.9390862944162437,0.8111675126903554,1.0,0.0,0.0,0.35003544219976407,0.8456852791878172,0.8343337334933973,0.5573288214838834,2.5525095687714034,1.0,0.8680908477625368,0.5058331459410838,1.0170901731504387,0.8697998650775804,0.5060040476725882,0.45924101002329754,1.0,741.0,985.0,1.0,0.8680908477625368,0.5058331459410838,0.45924101002329754,985,695,17.69,0.0173,1339.2,1.9269,1356.89,1.9442
LibINVENT,run_20260526_220933_r01,TTK,1.0,1.0,0.5687400010605485,0.611,0.4669387615399652,3.0620417487900786,1.0,0.886,0.995,0.935,0.391,1.0,0.0,0.0,0.28351283163444696,1.0,0.886,0.4669387615399652,3.0620417487900786,1.0,1.0,0.9995993914807302,1.11815415821501,1.0737829614604462,1.1259381338742391,0.9125221095334686,1.0,156.0,396.0,1.0,1.0,0.9995993914807302,0.91372193587205,1000,886,18.99,0.019,3033.27,3.4236,3052.27,3.4425
LibINVENT,run_20260526_220933_r01,PEPCK,1.0,1.0,0.4210687941938671,0.517,0.2319901302157945,2.899988322060576,1.0,0.8,0.999,0.991,0.028,1.0,0.0,0.0,0.5515170357837926,1.0,0.8,0.2319901302157945,2.899988322060576,1.0,1.0,1.0,1.4537549407114625,1.2588932806324111,1.2419367588932806,0.9939764229249012,1.0,11.0,19.0,1.0,1.0,1.0,0.996797407616538,1000,800,20.15,0.0198,5219.45,6.5243,5239.59,6.5441
LibINVENT,run_20260526_220933_r01,PptT,1.0,1.0,0.6741947835439884,0.5451776649746193,0.5421175311375427,2.431497849522975,0.8598984771573605,0.8476977567886659,0.9918781725888325,0.9573604060913705,0.7451776649746192,1.0,0.0,0.0,0.3339350712932103,0.8598984771573605,0.8476977567886659,0.5421175311375427,2.431497849522975,1.0,0.9528446143467507,0.6457791769732404,1.0114684056667416,0.9542388126827074,0.6459185968068362,0.4865198234365494,1.0,670.0,985.0,1.0,0.9528446143467507,0.6457791769732404,0.4865198234365494,985,718,17.63,0.0175,1512.39,2.1064,1530.02,2.1239
LibINVENT,run_20260526_220933_r04,DPP4,1.0,0.986,0.6491459678006486,0.3711967545638945,0.7497661953499409,3.40508677620167,0.9776876267748479,0.9688796680497925,1.0,0.9827586206896551,0.9117647058823529,1.0,0.001,0.001,0.3026598317772408,0.964,0.9688796680497925,0.7497661953499409,3.40508677620167,1.0,1.0,0.7483624801271866,1.0381558028616853,1.2396661367249602,0.7950715421303666,0.3233705882352941,1.0,785.0,913.0,1.0,1.0,0.7483624801271866,0.3233705882352941,1000,948,17.98,0.0177,1297.45,1.3686,1315.43,1.3863
LibINVENT,run_20260526_220933_r04,PEPCK,1.0,1.0,0.4494418845560856,0.53,0.22822449924286814,2.931196666375209,1.0,0.795,0.999,0.985,0.032,1.0,0.0,0.0,0.5528724048643264,1.0,0.795,0.22822449924286814,2.931196666375209,1.0,1.0,1.0,1.007114624505929,1.1197628458498026,1.2269565217391305,0.9959758058849363,1.0,6.0,23.0,1.0,1.0,1.0,0.9978469364451974,1000,795,20.19,0.0201,4567.44,5.7452,4587.63,5.7653
LibINVENT,run_20260526_220933_r04,PptT,1.0,1.0,0.6872770936892223,0.582741116751269,0.5350602988693736,2.5526803385689933,0.8182741116751269,0.892059553349876,0.9888324873096447,0.9593908629441624,0.7878172588832487,1.0,0.0,0.0,0.32811087723542853,0.8182741116751269,0.892059553349876,0.5350602988693736,2.5526803385689933,0.8079604227569149,0.6910276590960198,0.39139869574994374,0.8079604227569149,0.6910276590960198,0.39139869574994374,0.35164442120907385,1.0,770.0,985.0,0.8079604227569149,0.6910276590960198,0.39139869574994374,0.35164442120907385,985,719,18.53,0.018,1489.93,2.0722,1508.46,2.0902
LibINVENT,run_20260526_220933_r04,ITK,1.0,1.0,0.7357645634256,0.668,0.6006198284086377,2.4994140072136997,0.951,0.9137749737118822,0.992,0.991,0.789,1.0,0.0,0.0,0.30812490496187883,0.951,0.9137749737118822,0.6006198284086377,2.4994140072136997,1.0,1.0,1.0,1.4975247524752482,1.2933168316831687,1.2909653465346538,0.9167533828382839,1.0,143.0,180.0,1.0,1.0,1.0,0.9167533828382839,1000,869,13.69,0.0131,1387.42,1.5966,1401.11,1.6096
LibINVENT,run_20260526_220933_r01,CHK1,1.0,1.0,0.6981206389770143,0.939,0.32137587115458244,3.3680508550863535,1.0,0.902,0.998,0.976,0.323,1.0,0.0,0.0,0.20874667032034888,1.0,0.902,0.32137587115458244,3.3680508550863535,1.0,1.0,1.0,1.2953271028037383,1.178317757009346,1.1468971962616827,0.960847497403946,1.0,83.0,165.0,1.0,1.0,1.0,0.9613307943925233,1000,902,18.36,0.0183,4375.51,4.8509,4393.87,4.8692
LibINVENT,run_20260526_220933_r05,VEGFR2,1.0,1.0,0.6388414765089823,0.762,0.42240957870259366,3.151916802844691,1.0,0.754,0.992,0.893,0.454,1.0,0.001,0.001,0.2980239525882803,1.0,0.754,0.42240957870259366,3.151916802844691,1.0,1.0,0.9873858046380886,1.4111033028812368,1.2044975404075897,1.2028109627547434,0.9105271257905833,1.0,180.0,391.0,1.0,1.0,0.9873858046380886,0.9105703390444958,1000,754,16.39,0.0155,2186.51,2.8999,2202.9,2.9154
LibINVENT,run_20260526_220933_r01,DPP4,1.0,0.989,0.6545419819956072,0.5995955510616785,0.6544247513304648,3.455221823947362,0.9767441860465116,0.94824016563147,0.9969666329625885,0.9898887765419616,0.846309403437816,1.0,0.0,0.0,0.28823348129903176,0.966,0.94824016563147,0.6544247513304648,3.455221823947362,1.0,1.0,1.0,1.0302066772655003,1.2464228934817165,1.3854133545310012,0.6047858505564387,1.0,524.0,585.0,1.0,1.0,1.0,0.6047858505564387,1000,927,18.3,0.0183,1860.63,2.0072,1878.93,2.0254
LibINVENT,run_20260526_220933_r02,PptT,1.0,1.0,0.6683027693592193,0.6690355329949239,0.4895058391433179,2.586456184010056,0.8436548223350254,0.8122743682310469,0.9878172588832488,0.9370558375634518,0.7522842639593909,1.0,0.0,0.0,0.3489371308782186,0.8436548223350254,0.8122743682310469,0.4895058391433179,2.586456184010056,1.0,0.9408140319316394,0.5907533168428156,1.0564425455363164,0.954913424780751,0.5921632561277268,0.6476157427753153,1.0,429.0,985.0,1.0,0.9408140319316394,0.5907533168428156,0.6476157427753153,985,675,19.89,0.0196,1278.73,1.8944,1298.62,1.914
LibINVENT,run_20260526_220933_r04,CHK1,1.0,1.0,0.7003554546601743,0.968,0.31595169631042513,3.304595594972392,1.0,0.918,0.998,0.99,0.355,1.0,0.0,0.0,0.2102016399729614,1.0,0.918,0.31595169631042513,3.304595594972392,1.0,1.0,1.0,1.2336448598130842,1.094766355140187,1.1217196261682245,0.9684632302329031,1.0,44.0,208.0,1.0,1.0,1.0,0.9689308240617119,1000,918,17.71,0.0174,2564.23,2.7933,2581.94,2.8106
LibINVENT,run_20260526_220933_r03,CHK1,1.0,1.0,0.7174529360070747,0.951,0.23075279117458006,3.4347236547558184,1.0,0.893,0.997,0.979,0.304,1.0,0.0,0.0,0.2041553742040253,1.0,0.893,0.23075279117458006,3.4347236547558184,1.0,1.0,1.0,1.0897196261682245,1.1014953271028038,1.1469906542056079,0.9576420953864412,1.0,94.0,171.0,1.0,1.0,1.0,0.9576420953864412,1000,893,18.45,0.0181,4590.6,5.1407,4609.06,5.1588
LibINVENT,run_20260526_220933_r04,TTK,1.0,1.0,0.6116966722179347,0.529,0.43561882427380155,2.880542213336298,1.0,0.856,0.995,0.942,0.352,1.0,0.0,0.0,0.2808989215045193,1.0,0.856,0.43561882427380155,2.880542213336298,1.0,1.0,1.0,1.204361054766734,1.114097363083164,1.1560851926977684,0.9262233772819473,1.0,113.0,255.0,1.0,1.0,1.0,0.9263554122798545,1000,856,17.78,0.0176,2081.22,2.4313,2099.0,2.4489
